Date,Region,Category,Product,Quantity,Unit_Price,Total_Sales,Customer_Segment
2025-02-27,West,Furniture,Sofa,9,15000,135000,Wholesale
2024-08-25,North,Furniture,Table,6,5000,30000,Online
2025-08-13,West,Food,Sugar,4,50,200,Online
2026-04-19,East,Electronics,Laptop,8,45000,360000,Online
2025-01-24,West,Electronics,Laptop,8,45000,360000,Retail
2024-10-21,East,Furniture,Table,7,5000,35000,Online
2025-08-19,North,Electronics,Tablet,7,20000,140000,Retail
2024-08-19,South,Food,Rice,6,100,600,Online
2025-05-09,North,Furniture,Table,4,5000,20000,Wholesale
2024-12-24,North,Furniture,Chair,6,3000,18000,Online
2025-05-20,West,Clothing,T-Shirt,9,500,4500,Wholesale
2025-08-21,East,Electronics,Tablet,9,20000,180000,Online
2026-01-10,West,Clothing,T-Shirt,5,500,2500,Wholesale
2024-12-18,South,Food,Coffee,6,300,1800,Retail
2025-03-08,West,Furniture,Sofa,8,15000,120000,Online
2025-09-15,East,Clothing,Kurta,6,800,4800,Retail
2024-07-26,West,Furniture,Chair,6,3000,18000,Online
2026-03-24,East,Food,Oil,3,200,600,Wholesale
2025-01-26,West,Electronics,Headphones,3,2000,6000,Online
2026-05-24,North,Electronics,Laptop,8,45000,360000,Online
2025-10-22,East,Furniture,Chair,3,3000,9000,Online
2025-08-25,East,Food,Rice,4,100,400,Online
2024-12-24,East,Clothing,Saree,4,3000,12000,Online
2025-09-25,North,Clothing,Saree,1,3000,3000,Wholesale
2025-11-22,West,Food,Sugar,8,50,400,Retail
2025-06-23,South,Food,Coffee,7,300,2100,Online
2025-07-21,North,Clothing,Jeans,4,1200,4800,Retail
2026-05-03,South,Furniture,Sofa,9,15000,135000,Retail
2025-01-24,North,Furniture,Sofa,10,15000,150000,Wholesale
2025-09-12,South,Furniture,Chair,2,3000,6000,Wholesale
2025-12-18,South,Furniture,Bookshelf,8,4000,32000,Online
2025-07-22,West,Clothing,Jeans,2,1200,2400,Wholesale
2025-08-07,West,Electronics,Mobile Phone,7,15000,105000,Retail
2025-12-21,East,Furniture,Sofa,5,15000,75000,Retail
2026-02-24,North,Food,Oil,1,200,200,Online
2025-09-16,South,Clothing,T-Shirt,4,500,2000,Wholesale
2026-05-22,South,Clothing,Saree,7,3000,21000,Online
2025-04-14,East,Electronics,Tablet,8,20000,160000,Online
2024-09-08,South,Electronics,Tablet,10,20000,200000,Online
2026-03-08,South,Clothing,Jeans,1,1200,1200,Retail
2026-02-07,West,Electronics,Mobile Phone,8,15000,120000,Wholesale
2024-09-26,North,Food,Sugar,4,50,200,Online
2025-04-03,South,Electronics,Headphones,10,2000,20000,Retail
2025-06-19,North,Clothing,T-Shirt,6,500,3000,Online
2025-04-21,South,Furniture,Table,2,5000,10000,Wholesale
2024-08-06,North,Clothing,T-Shirt,3,500,1500,Retail
2025-03-26,East,Food,Rice,4,100,400,Retail
2024-06-28,East,Electronics,Tablet,1,20000,20000,Retail
2025-09-02,East,Food,Sugar,7,50,350,Retail
2024-07-29,East,Furniture,Bookshelf,7,4000,28000,Retail
2024-11-02,West,Clothing,Jeans,3,1200,3600,Retail
2025-06-12,West,Electronics,Laptop,3,45000,135000,Retail
2026-02-10,North,Furniture,Table,10,5000,50000,Wholesale
2026-02-18,East,Electronics,Laptop,5,45000,225000,Wholesale
2026-03-29,South,Furniture,Chair,6,3000,18000,Wholesale
2025-03-15,South,Clothing,T-Shirt,5,500,2500,Wholesale
2026-01-04,South,Furniture,Table,8,5000,40000,Wholesale
2025-12-04,West,Clothing,Jeans,5,1200,6000,Wholesale
2025-04-02,East,Clothing,Jeans,2,1200,2400,Wholesale
2024-09-01,West,Food,Rice,7,100,700,Retail
2025-02-01,North,Food,Rice,9,100,900,Online
2026-03-01,South,Electronics,Headphones,5,2000,10000,Retail
2026-01-01,East,Electronics,Headphones,8,2000,16000,Online
2026-01-06,North,Food,Rice,2,100,200,Wholesale
2025-10-03,South,Furniture,Chair,7,3000,21000,Retail
2024-07-28,West,Electronics,Mobile Phone,6,15000,90000,Wholesale
2024-10-13,South,Electronics,Headphones,9,2000,18000,Retail
2026-02-17,West,Furniture,Bookshelf,3,4000,12000,Retail
2024-08-21,West,Clothing,Saree,10,3000,30000,Wholesale
2025-11-10,North,Electronics,Mobile Phone,1,15000,15000,Retail
2025-05-27,North,Furniture,Chair,10,3000,30000,Wholesale
2024-10-29,South,Electronics,Tablet,2,20000,40000,Wholesale
2025-12-28,West,Electronics,Mobile Phone,7,15000,105000,Online
2025-12-28,West,Food,Oil,7,200,1400,Retail
2024-12-29,South,Food,Rice,8,100,800,Retail
2024-07-26,North,Clothing,Kurta,7,800,5600,Retail
2024-12-30,West,Electronics,Headphones,4,2000,8000,Wholesale
2025-12-04,West,Clothing,T-Shirt,4,500,2000,Online
2025-10-18,North,Clothing,Kurta,10,800,8000,Wholesale
2026-05-18,South,Clothing,Jeans,1,1200,1200,Retail
2026-03-22,West,Furniture,Table,8,5000,40000,Online
2025-12-21,West,Furniture,Chair,4,3000,12000,Online
2025-04-17,East,Food,Coffee,6,300,1800,Retail
2024-06-09,East,Electronics,Tablet,7,20000,140000,Wholesale
2024-07-18,West,Furniture,Table,6,5000,30000,Wholesale
2025-03-18,North,Clothing,Jeans,5,1200,6000,Retail
2025-11-16,North,Furniture,Sofa,5,15000,75000,Online
2025-07-09,East,Furniture,Sofa,2,15000,30000,Retail
2024-11-07,North,Furniture,Bookshelf,5,4000,20000,Retail
2025-05-25,West,Furniture,Sofa,2,15000,30000,Retail
2025-10-12,West,Clothing,Jeans,5,1200,6000,Retail
2026-02-06,East,Furniture,Table,10,5000,50000,Online
2024-08-15,East,Electronics,Mobile Phone,4,15000,60000,Online
2025-07-04,East,Food,Coffee,1,300,300,Online
2024-06-25,South,Furniture,Sofa,10,15000,150000,Online
2024-07-25,North,Clothing,Jeans,5,1200,6000,Online
2025-07-29,West,Food,Coffee,8,300,2400,Online
2024-11-26,West,Electronics,Tablet,6,20000,120000,Online
2025-01-25,North,Food,Sugar,4,50,200,Wholesale
2025-04-23,East,Food,Oil,1,200,200,Retail
2025-12-14,East,Electronics,Mobile Phone,7,15000,105000,Online
2024-10-25,South,Furniture,Table,2,5000,10000,Wholesale
2025-07-28,East,Electronics,Tablet,9,20000,180000,Wholesale
2025-08-18,South,Clothing,Kurta,5,800,4000,Online
2024-08-11,West,Clothing,Jeans,5,1200,6000,Retail
2024-10-23,South,Food,Sugar,1,50,50,Wholesale
2025-07-03,North,Food,Rice,7,100,700,Online
2025-02-14,South,Electronics,Tablet,6,20000,120000,Retail
2024-11-16,West,Food,Oil,8,200,1600,Online
2025-11-06,West,Food,Sugar,3,50,150,Online
2024-10-18,West,Clothing,Saree,3,3000,9000,Online
2024-07-25,West,Clothing,T-Shirt,10,500,5000,Retail
2024-09-20,South,Clothing,Jeans,5,1200,6000,Retail
2024-11-04,West,Furniture,Table,9,5000,45000,Online
2026-02-23,North,Furniture,Chair,1,3000,3000,Online
2025-03-21,South,Clothing,Jeans,9,1200,10800,Online
2026-05-01,South,Clothing,Jeans,3,1200,3600,Wholesale
2026-01-24,East,Clothing,Jeans,5,1200,6000,Retail
2024-07-03,South,Clothing,Kurta,1,800,800,Wholesale
2025-01-12,North,Electronics,Headphones,9,2000,18000,Wholesale
2024-08-26,North,Food,Coffee,1,300,300,Retail
2024-07-08,South,Clothing,Saree,2,3000,6000,Online
2025-06-22,South,Electronics,Laptop,2,45000,90000,Online
2026-01-02,West,Furniture,Bookshelf,2,4000,8000,Online
2025-11-22,West,Clothing,T-Shirt,6,500,3000,Wholesale
2024-06-12,West,Furniture,Table,9,5000,45000,Retail
2025-11-19,West,Electronics,Headphones,7,2000,14000,Online
2025-04-03,East,Food,Rice,8,100,800,Online
2024-07-29,West,Clothing,Jeans,8,1200,9600,Retail
2025-10-30,North,Clothing,T-Shirt,7,500,3500,Online
2024-11-06,South,Food,Oil,5,200,1000,Retail
2025-11-14,East,Furniture,Chair,5,3000,15000,Retail
2025-08-06,North,Food,Oil,9,200,1800,Wholesale
2025-12-14,West,Clothing,T-Shirt,7,500,3500,Wholesale
2025-12-16,East,Electronics,Laptop,5,45000,225000,Online
2024-08-29,West,Furniture,Chair,3,3000,9000,Online
2026-02-12,North,Food,Coffee,8,300,2400,Wholesale
2025-05-17,East,Electronics,Headphones,6,2000,12000,Wholesale
2025-10-19,West,Electronics,Tablet,8,20000,160000,Online
2026-02-05,North,Electronics,Laptop,10,45000,450000,Online
2025-08-02,South,Food,Sugar,6,50,300,Online
2026-03-27,West,Clothing,T-Shirt,2,500,1000,Online
2025-07-05,South,Food,Oil,3,200,600,Retail
2025-10-17,South,Food,Oil,8,200,1600,Online
2024-09-26,East,Electronics,Laptop,10,45000,450000,Online
2025-09-29,North,Furniture,Table,10,5000,50000,Online
2026-05-18,East,Electronics,Tablet,4,20000,80000,Retail
2026-04-21,North,Furniture,Bookshelf,5,4000,20000,Online
2025-07-21,West,Electronics,Tablet,9,20000,180000,Wholesale
2026-01-07,West,Clothing,Jeans,2,1200,2400,Wholesale
2026-06-01,South,Furniture,Sofa,2,15000,30000,Online
2025-03-07,North,Furniture,Chair,5,3000,15000,Wholesale
2026-02-07,East,Furniture,Bookshelf,2,4000,8000,Online
2024-06-03,North,Clothing,Saree,2,3000,6000,Online
2025-12-29,East,Food,Sugar,1,50,50,Online
2026-05-12,East,Clothing,Kurta,8,800,6400,Wholesale
2025-02-27,West,Food,Rice,6,100,600,Wholesale
2024-08-02,North,Furniture,Chair,10,3000,30000,Wholesale
2025-04-01,West,Clothing,Kurta,9,800,7200,Retail
2025-03-13,North,Food,Rice,10,100,1000,Retail
2025-01-23,West,Food,Oil,2,200,400,Retail
2026-02-01,West,Electronics,Mobile Phone,5,15000,75000,Retail
2025-05-24,North,Furniture,Chair,2,3000,6000,Retail
2024-10-14,North,Electronics,Mobile Phone,9,15000,135000,Retail
2025-08-01,East,Food,Sugar,2,50,100,Retail
2025-08-16,West,Furniture,Bookshelf,3,4000,12000,Online
2024-12-28,East,Furniture,Chair,5,3000,15000,Wholesale
2025-04-16,West,Furniture,Chair,3,3000,9000,Online
2024-07-13,West,Food,Sugar,8,50,400,Wholesale
2025-02-02,North,Food,Oil,2,200,400,Wholesale
2025-03-21,North,Furniture,Table,2,5000,10000,Online
2024-09-18,South,Electronics,Tablet,7,20000,140000,Online
2025-02-01,East,Electronics,Mobile Phone,2,15000,30000,Wholesale
2026-02-18,South,Clothing,Saree,8,3000,24000,Retail
2024-09-06,West,Clothing,T-Shirt,2,500,1000,Retail
2025-03-06,South,Electronics,Headphones,3,2000,6000,Wholesale
2025-06-20,East,Clothing,Jeans,7,1200,8400,Wholesale
2025-08-20,South,Electronics,Tablet,4,20000,80000,Online
2024-06-14,North,Food,Rice,4,100,400,Online
2025-01-27,West,Clothing,T-Shirt,9,500,4500,Online
2026-05-25,West,Furniture,Table,9,5000,45000,Wholesale
2025-02-19,West,Clothing,T-Shirt,2,500,1000,Online
2024-06-12,North,Electronics,Headphones,3,2000,6000,Retail
2026-04-26,North,Clothing,T-Shirt,9,500,4500,Retail
2024-10-11,North,Electronics,Mobile Phone,5,15000,75000,Online
2024-12-28,South,Food,Sugar,10,50,500,Retail
2025-03-01,West,Furniture,Sofa,7,15000,105000,Wholesale
2024-08-03,South,Food,Oil,9,200,1800,Retail
2026-03-03,East,Electronics,Mobile Phone,6,15000,90000,Wholesale
2025-07-26,North,Electronics,Tablet,6,20000,120000,Online
2025-02-06,West,Furniture,Bookshelf,9,4000,36000,Online
2025-07-10,South,Clothing,Kurta,2,800,1600,Online
2024-07-14,West,Clothing,Kurta,3,800,2400,Retail
2025-11-13,South,Furniture,Bookshelf,7,4000,28000,Online
2026-04-11,East,Clothing,Jeans,6,1200,7200,Online
2025-12-19,North,Food,Rice,5,100,500,Wholesale
2026-02-28,East,Electronics,Mobile Phone,8,15000,120000,Retail
2026-01-24,South,Food,Oil,8,200,1600,Retail
2024-10-18,West,Clothing,T-Shirt,10,500,5000,Online
2025-12-30,East,Electronics,Laptop,8,45000,360000,Wholesale
2025-01-21,South,Food,Sugar,10,50,500,Online
2025-12-21,South,Food,Oil,5,200,1000,Retail
2024-06-29,South,Furniture,Chair,1,3000,3000,Online
2024-08-26,South,Furniture,Sofa,7,15000,105000,Wholesale
2025-03-03,East,Food,Rice,8,100,800,Wholesale
2024-11-11,East,Clothing,T-Shirt,2,500,1000,Retail
2024-08-06,South,Electronics,Headphones,5,2000,10000,Wholesale
2025-08-13,East,Furniture,Table,1,5000,5000,Online
2024-09-27,East,Furniture,Bookshelf,10,4000,40000,Online
2025-01-17,West,Food,Rice,1,100,100,Retail
2026-01-22,North,Food,Sugar,3,50,150,Retail
2024-08-24,North,Electronics,Laptop,4,45000,180000,Online
2024-09-04,East,Electronics,Tablet,2,20000,40000,Retail
2026-01-03,West,Clothing,Kurta,6,800,4800,Online
2024-09-03,East,Electronics,Laptop,9,45000,405000,Online
2025-06-21,South,Clothing,T-Shirt,5,500,2500,Online
2025-06-05,West,Clothing,T-Shirt,4,500,2000,Retail
2024-10-24,North,Furniture,Table,7,5000,35000,Online
2025-11-25,West,Furniture,Sofa,5,15000,75000,Online
2025-01-14,West,Electronics,Mobile Phone,2,15000,30000,Retail
2025-02-27,North,Furniture,Chair,10,3000,30000,Online
2024-11-24,East,Electronics,Headphones,6,2000,12000,Wholesale
2025-06-26,East,Furniture,Table,3,5000,15000,Online
2025-07-15,East,Clothing,Jeans,8,1200,9600,Retail
2024-06-26,East,Furniture,Table,9,5000,45000,Wholesale
2025-11-25,East,Food,Coffee,1,300,300,Online
2026-01-04,East,Electronics,Headphones,4,2000,8000,Online
2025-06-13,West,Food,Coffee,7,300,2100,Wholesale
2024-08-30,North,Food,Sugar,6,50,300,Wholesale
2025-01-15,West,Clothing,Kurta,1,800,800,Wholesale
2024-10-17,South,Food,Coffee,2,300,600,Wholesale
2026-04-21,East,Clothing,T-Shirt,9,500,4500,Online
2025-04-26,West,Food,Rice,3,100,300,Retail
2025-03-09,South,Electronics,Laptop,7,45000,315000,Retail
2025-10-06,East,Clothing,Kurta,2,800,1600,Online
2026-03-27,North,Clothing,Saree,2,3000,6000,Online
2024-10-23,South,Furniture,Chair,9,3000,27000,Online
2024-11-22,North,Food,Coffee,3,300,900,Wholesale
2024-12-17,East,Electronics,Headphones,7,2000,14000,Online
2024-09-27,North,Food,Coffee,7,300,2100,Online
2026-05-28,South,Clothing,Kurta,9,800,7200,Retail
2025-11-23,North,Furniture,Sofa,1,15000,15000,Online
2025-12-27,South,Clothing,T-Shirt,10,500,5000,Wholesale
2025-04-23,West,Electronics,Tablet,2,20000,40000,Wholesale
2025-07-12,East,Electronics,Mobile Phone,1,15000,15000,Online
2025-02-23,West,Furniture,Table,7,5000,35000,Wholesale
2025-09-04,East,Clothing,Saree,10,3000,30000,Wholesale
2026-05-15,East,Furniture,Bookshelf,2,4000,8000,Online
2025-02-18,South,Furniture,Bookshelf,1,4000,4000,Wholesale
2024-06-11,West,Furniture,Chair,9,3000,27000,Wholesale
2025-07-28,West,Food,Rice,1,100,100,Wholesale
2025-08-23,North,Furniture,Table,9,5000,45000,Wholesale
2024-11-25,South,Clothing,Kurta,10,800,8000,Wholesale
2026-04-24,East,Food,Rice,5,100,500,Wholesale
2025-10-06,West,Furniture,Chair,3,3000,9000,Wholesale
2024-11-24,North,Furniture,Sofa,4,15000,60000,Online
2026-03-02,West,Furniture,Bookshelf,7,4000,28000,Wholesale
2026-04-03,North,Electronics,Mobile Phone,10,15000,150000,Online
2025-09-10,East,Furniture,Table,9,5000,45000,Online
2024-09-30,East,Furniture,Table,7,5000,35000,Wholesale
2025-10-29,East,Electronics,Laptop,8,45000,360000,Wholesale
2025-01-21,South,Furniture,Sofa,7,15000,105000,Online
2024-12-01,South,Electronics,Laptop,8,45000,360000,Retail
2024-10-12,East,Electronics,Laptop,1,45000,45000,Online
2024-10-20,West,Furniture,Sofa,6,15000,90000,Retail
2024-11-27,North,Furniture,Table,1,5000,5000,Retail
2025-11-17,South,Furniture,Table,10,5000,50000,Wholesale
2025-05-10,South,Food,Coffee,4,300,1200,Wholesale
2026-04-10,South,Electronics,Mobile Phone,5,15000,75000,Wholesale
2025-12-26,North,Furniture,Table,7,5000,35000,Retail
2025-03-04,South,Electronics,Tablet,10,20000,200000,Wholesale
2024-06-03,East,Food,Coffee,8,300,2400,Retail
2026-04-24,East,Food,Oil,4,200,800,Wholesale
2026-05-24,East,Electronics,Headphones,1,2000,2000,Wholesale
2025-06-15,East,Electronics,Mobile Phone,5,15000,75000,Retail
2025-09-29,West,Clothing,Jeans,5,1200,6000,Retail
2026-05-20,West,Food,Rice,2,100,200,Wholesale
2025-09-19,West,Electronics,Mobile Phone,2,15000,30000,Retail
2025-02-14,South,Electronics,Headphones,9,2000,18000,Retail
2025-08-22,West,Clothing,Jeans,8,1200,9600,Online
2025-10-12,South,Food,Coffee,5,300,1500,Retail
2025-06-04,North,Food,Sugar,9,50,450,Online
2026-03-19,East,Furniture,Chair,1,3000,3000,Online
2024-09-10,South,Food,Rice,2,100,200,Retail
2025-03-15,West,Clothing,Kurta,5,800,4000,Retail
2025-05-08,North,Food,Coffee,8,300,2400,Wholesale
2026-04-07,North,Furniture,Sofa,6,15000,90000,Online
2025-12-15,South,Furniture,Sofa,1,15000,15000,Online
2025-08-17,North,Food,Sugar,5,50,250,Retail
2025-02-23,North,Food,Oil,2,200,400,Retail
2025-07-20,South,Furniture,Chair,3,3000,9000,Wholesale
2025-12-25,South,Food,Coffee,5,300,1500,Online
2026-05-02,West,Food,Oil,8,200,1600,Online
2026-04-25,East,Clothing,Jeans,9,1200,10800,Online
2026-05-10,West,Clothing,Saree,10,3000,30000,Online
2025-07-20,West,Furniture,Chair,9,3000,27000,Wholesale
2024-09-03,South,Electronics,Tablet,9,20000,180000,Online
2026-03-23,North,Food,Sugar,2,50,100,Online
2026-03-01,East,Food,Sugar,8,50,400,Retail
2024-11-17,North,Food,Rice,10,100,1000,Retail
2024-07-18,West,Electronics,Tablet,8,20000,160000,Retail
2025-02-26,North,Food,Sugar,3,50,150,Retail
2024-10-20,North,Clothing,Jeans,2,1200,2400,Online
2025-12-19,North,Electronics,Tablet,4,20000,80000,Retail
2024-10-27,East,Clothing,Kurta,5,800,4000,Online
2024-10-01,North,Furniture,Sofa,9,15000,135000,Retail
2024-08-10,East,Electronics,Mobile Phone,7,15000,105000,Wholesale
2025-04-26,East,Furniture,Chair,1,3000,3000,Wholesale
2024-12-28,South,Clothing,Jeans,8,1200,9600,Retail
2025-03-03,North,Food,Coffee,8,300,2400,Wholesale
2026-03-14,South,Food,Oil,6,200,1200,Retail
2026-01-16,East,Electronics,Tablet,10,20000,200000,Wholesale
2026-03-22,South,Electronics,Laptop,2,45000,90000,Retail
2024-06-20,North,Electronics,Laptop,3,45000,135000,Wholesale
2026-04-08,West,Clothing,Saree,6,3000,18000,Online
2024-07-16,West,Food,Oil,6,200,1200,Retail
2025-06-22,West,Electronics,Tablet,7,20000,140000,Wholesale
2025-07-21,South,Food,Coffee,3,300,900,Retail
2026-02-20,West,Food,Rice,3,100,300,Retail
2024-12-23,North,Clothing,T-Shirt,2,500,1000,Retail
2026-03-21,West,Furniture,Table,5,5000,25000,Online
2026-06-02,North,Food,Coffee,3,300,900,Online
2025-07-27,East,Clothing,Saree,7,3000,21000,Online
2024-10-28,West,Food,Rice,3,100,300,Online
2024-07-22,East,Clothing,Kurta,5,800,4000,Retail
2024-10-07,North,Furniture,Chair,6,3000,18000,Retail
2025-09-18,West,Electronics,Mobile Phone,1,15000,15000,Wholesale
2024-09-23,South,Food,Coffee,2,300,600,Online
2024-07-03,South,Clothing,Saree,1,3000,3000,Wholesale
2025-01-26,West,Food,Sugar,5,50,250,Retail
2025-01-09,East,Food,Sugar,2,50,100,Online
2026-04-19,West,Electronics,Tablet,4,20000,80000,Online
2025-07-03,South,Clothing,Saree,1,3000,3000,Online
2024-11-22,West,Clothing,T-Shirt,4,500,2000,Online
2025-10-28,South,Electronics,Mobile Phone,6,15000,90000,Online
2024-08-02,South,Electronics,Headphones,8,2000,16000,Wholesale
2025-01-26,South,Furniture,Sofa,9,15000,135000,Online
2024-07-24,West,Furniture,Chair,1,3000,3000,Online
2025-09-27,North,Furniture,Chair,3,3000,9000,Retail
2025-09-16,East,Clothing,Kurta,1,800,800,Retail
2026-01-12,North,Electronics,Mobile Phone,7,15000,105000,Online
2024-11-30,East,Clothing,Jeans,9,1200,10800,Retail
2025-07-26,North,Clothing,T-Shirt,9,500,4500,Online
2025-03-12,East,Food,Coffee,4,300,1200,Online
2024-10-04,North,Clothing,Saree,3,3000,9000,Wholesale
2025-04-27,North,Clothing,Kurta,10,800,8000,Retail
2024-07-30,West,Electronics,Laptop,3,45000,135000,Online
2024-12-14,South,Furniture,Chair,4,3000,12000,Retail
2024-10-28,East,Electronics,Laptop,2,45000,90000,Online
2026-06-02,North,Electronics,Laptop,8,45000,360000,Online
2024-07-13,North,Food,Coffee,10,300,3000,Online
2024-06-19,West,Food,Coffee,4,300,1200,Online
2024-10-14,North,Food,Rice,8,100,800,Wholesale
2024-06-29,North,Furniture,Table,8,5000,40000,Wholesale
2024-12-23,South,Furniture,Chair,5,3000,15000,Wholesale
2024-10-23,North,Clothing,Jeans,9,1200,10800,Wholesale
2025-08-26,West,Electronics,Tablet,9,20000,180000,Online
2025-10-07,North,Clothing,Saree,10,3000,30000,Retail
2025-11-27,West,Electronics,Headphones,2,2000,4000,Wholesale
2025-05-31,West,Furniture,Chair,6,3000,18000,Online
2025-12-29,West,Furniture,Sofa,7,15000,105000,Wholesale
2025-02-18,South,Electronics,Tablet,10,20000,200000,Retail
2025-01-07,East,Electronics,Mobile Phone,1,15000,15000,Wholesale
2025-04-27,West,Clothing,Jeans,6,1200,7200,Online
2024-12-21,East,Clothing,T-Shirt,9,500,4500,Online
2025-09-06,West,Furniture,Bookshelf,4,4000,16000,Retail
2025-07-25,East,Clothing,Jeans,8,1200,9600,Online
2026-02-11,West,Electronics,Tablet,8,20000,160000,Online
2025-12-04,South,Clothing,Jeans,7,1200,8400,Retail
2025-11-15,East,Furniture,Chair,7,3000,21000,Retail
2024-09-05,North,Furniture,Bookshelf,3,4000,12000,Wholesale
2024-12-12,North,Furniture,Sofa,3,15000,45000,Retail
2024-12-10,North,Electronics,Mobile Phone,7,15000,105000,Retail
2025-05-31,South,Food,Rice,8,100,800,Retail
2024-06-20,West,Furniture,Chair,2,3000,6000,Wholesale
2025-07-04,East,Furniture,Table,2,5000,10000,Retail
2026-02-24,North,Clothing,Kurta,7,800,5600,Online
2026-01-09,South,Food,Rice,6,100,600,Wholesale
2025-09-24,West,Food,Coffee,9,300,2700,Retail
2025-12-19,South,Food,Rice,3,100,300,Wholesale
2025-09-11,South,Clothing,Kurta,9,800,7200,Wholesale
2026-03-12,West,Clothing,Kurta,5,800,4000,Online
2025-06-19,North,Electronics,Tablet,6,20000,120000,Wholesale
2025-08-02,South,Food,Coffee,4,300,1200,Retail
2026-05-04,East,Electronics,Headphones,9,2000,18000,Online
2024-07-05,East,Clothing,Saree,4,3000,12000,Wholesale
2024-11-11,South,Electronics,Laptop,2,45000,90000,Wholesale
2025-12-18,North,Furniture,Bookshelf,9,4000,36000,Wholesale
2025-02-09,South,Furniture,Bookshelf,8,4000,32000,Online
2025-09-29,South,Food,Coffee,8,300,2400,Online
2024-10-19,East,Electronics,Headphones,10,2000,20000,Online
2026-01-18,North,Furniture,Table,9,5000,45000,Wholesale
2025-11-18,West,Clothing,Saree,5,3000,15000,Online
2025-08-12,East,Furniture,Sofa,9,15000,135000,Online
2025-12-29,East,Electronics,Mobile Phone,6,15000,90000,Retail
2025-03-04,South,Furniture,Sofa,5,15000,75000,Wholesale
2025-04-24,West,Furniture,Bookshelf,10,4000,40000,Retail
2025-04-05,East,Furniture,Table,8,5000,40000,Online
2026-05-16,West,Electronics,Laptop,1,45000,45000,Retail
2025-04-06,South,Clothing,Jeans,8,1200,9600,Retail
2026-04-27,West,Food,Coffee,7,300,2100,Online
2025-01-03,East,Furniture,Chair,3,3000,9000,Retail
2026-03-03,East,Food,Rice,7,100,700,Online
2024-11-09,North,Food,Sugar,3,50,150,Retail
2025-01-23,South,Furniture,Bookshelf,4,4000,16000,Wholesale
2025-12-12,West,Clothing,Saree,8,3000,24000,Online
2024-09-20,South,Clothing,Kurta,2,800,1600,Online
2025-05-15,South,Furniture,Chair,1,3000,3000,Retail
2025-09-20,North,Electronics,Mobile Phone,5,15000,75000,Online
2026-02-07,West,Clothing,Saree,6,3000,18000,Retail
2025-10-06,East,Electronics,Tablet,5,20000,100000,Retail
2026-01-05,East,Food,Coffee,7,300,2100,Retail
2024-08-19,East,Food,Coffee,10,300,3000,Retail
2025-07-17,North,Electronics,Tablet,4,20000,80000,Retail
2024-09-01,West,Furniture,Table,6,5000,30000,Retail
2025-12-21,South,Electronics,Laptop,4,45000,180000,Online
2024-12-04,South,Furniture,Bookshelf,5,4000,20000,Online
2025-07-21,West,Clothing,Kurta,8,800,6400,Retail
2026-01-25,South,Food,Oil,6,200,1200,Online
2025-07-03,East,Clothing,Kurta,1,800,800,Online
2025-12-13,East,Clothing,Jeans,2,1200,2400,Retail
2024-08-31,North,Clothing,T-Shirt,3,500,1500,Online
2025-02-16,South,Food,Rice,8,100,800,Online
2025-04-05,West,Food,Rice,4,100,400,Retail
2025-11-20,East,Food,Oil,8,200,1600,Wholesale
2024-07-31,North,Electronics,Laptop,9,45000,405000,Retail
2025-07-07,South,Electronics,Headphones,4,2000,8000,Online
2025-07-18,North,Furniture,Sofa,4,15000,60000,Online
2024-08-11,South,Food,Coffee,9,300,2700,Retail
2025-06-13,East,Food,Rice,6,100,600,Online
2025-01-17,East,Food,Oil,8,200,1600,Retail
2025-03-04,East,Clothing,Kurta,7,800,5600,Online
2025-08-18,South,Furniture,Table,2,5000,10000,Online
2024-06-10,East,Food,Oil,10,200,2000,Online
2026-01-23,South,Food,Sugar,10,50,500,Wholesale
2025-03-16,East,Clothing,T-Shirt,3,500,1500,Retail
2024-08-10,West,Clothing,Jeans,1,1200,1200,Online
2025-09-04,East,Furniture,Bookshelf,5,4000,20000,Online
2024-09-23,West,Furniture,Table,6,5000,30000,Wholesale
2024-11-27,West,Clothing,T-Shirt,1,500,500,Wholesale
2026-02-08,North,Clothing,Saree,6,3000,18000,Online
2025-08-08,North,Electronics,Laptop,7,45000,315000,Online
2026-01-11,North,Food,Sugar,4,50,200,Wholesale
2024-11-16,North,Food,Rice,3,100,300,Online
2025-11-12,East,Electronics,Tablet,7,20000,140000,Retail
2025-09-17,South,Clothing,Jeans,2,1200,2400,Online
2024-12-16,South,Clothing,Kurta,8,800,6400,Wholesale
2026-02-28,West,Electronics,Laptop,5,45000,225000,Wholesale
2026-01-16,East,Food,Rice,5,100,500,Retail
2024-08-11,East,Furniture,Sofa,7,15000,105000,Retail
2025-01-18,North,Food,Coffee,5,300,1500,Online
2024-09-11,West,Food,Sugar,3,50,150,Online
2025-09-21,South,Clothing,T-Shirt,2,500,1000,Wholesale
2024-06-03,East,Electronics,Mobile Phone,4,15000,60000,Retail
2026-05-02,West,Electronics,Headphones,3,2000,6000,Online
2025-01-19,West,Furniture,Chair,1,3000,3000,Retail
2024-07-24,North,Food,Oil,10,200,2000,Online
2024-12-24,South,Furniture,Table,5,5000,25000,Wholesale
2025-07-11,South,Furniture,Chair,7,3000,21000,Online
2024-07-30,North,Furniture,Sofa,1,15000,15000,Retail
2025-03-12,East,Clothing,T-Shirt,1,500,500,Online
2024-10-08,South,Electronics,Tablet,9,20000,180000,Wholesale
2025-12-08,North,Food,Rice,3,100,300,Online
2025-08-11,South,Clothing,Kurta,6,800,4800,Wholesale
2025-09-19,North,Furniture,Chair,6,3000,18000,Wholesale
2025-02-22,South,Furniture,Chair,5,3000,15000,Retail
2025-10-17,North,Furniture,Sofa,3,15000,45000,Retail
2025-09-01,West,Electronics,Mobile Phone,3,15000,45000,Wholesale
2026-04-07,West,Food,Oil,9,200,1800,Online
2025-06-04,North,Furniture,Table,5,5000,25000,Online
2024-10-01,North,Clothing,Saree,6,3000,18000,Retail
2026-01-15,North,Food,Sugar,2,50,100,Retail
2026-02-27,South,Furniture,Chair,7,3000,21000,Retail
2025-07-29,North,Electronics,Headphones,5,2000,10000,Online
2024-12-30,West,Electronics,Headphones,3,2000,6000,Wholesale
2025-09-10,North,Clothing,T-Shirt,9,500,4500,Retail
2025-03-17,North,Clothing,Kurta,3,800,2400,Online
2026-01-04,North,Food,Coffee,1,300,300,Wholesale
2024-09-06,East,Furniture,Table,3,5000,15000,Retail
2024-09-26,East,Electronics,Headphones,3,2000,6000,Online
2025-06-05,North,Food,Coffee,8,300,2400,Wholesale
2025-10-02,North,Electronics,Headphones,5,2000,10000,Wholesale
2025-12-12,North,Clothing,Kurta,1,800,800,Retail
2025-09-16,South,Clothing,Kurta,6,800,4800,Online
2025-06-14,South,Electronics,Headphones,2,2000,4000,Online
2025-02-23,South,Food,Rice,2,100,200,Wholesale
2025-11-09,South,Electronics,Laptop,4,45000,180000,Online
2025-10-11,North,Clothing,Kurta,10,800,8000,Online
2025-04-22,East,Furniture,Bookshelf,1,4000,4000,Wholesale
2025-01-01,North,Clothing,Jeans,2,1200,2400,Wholesale
2024-07-22,West,Food,Sugar,3,50,150,Retail
2024-09-16,East,Clothing,Kurta,5,800,4000,Online
2024-12-13,West,Furniture,Sofa,1,15000,15000,Wholesale
2024-07-08,North,Food,Oil,8,200,1600,Wholesale
2026-04-30,North,Electronics,Mobile Phone,1,15000,15000,Retail
2025-02-12,West,Electronics,Headphones,9,2000,18000,Retail
2024-12-14,West,Food,Sugar,4,50,200,Online
2025-03-18,West,Electronics,Headphones,8,2000,16000,Retail
2025-03-28,West,Food,Coffee,3,300,900,Retail
2025-04-18,South,Furniture,Sofa,6,15000,90000,Retail
2025-04-21,East,Food,Coffee,1,300,300,Wholesale
2024-10-18,West,Clothing,Jeans,5,1200,6000,Wholesale
2026-01-09,East,Food,Rice,1,100,100,Retail
2024-11-06,West,Food,Sugar,8,50,400,Retail
2026-06-03,North,Furniture,Sofa,4,15000,60000,Retail
2025-05-02,East,Furniture,Table,6,5000,30000,Online
2025-05-15,South,Food,Rice,3,100,300,Wholesale
2026-03-16,East,Electronics,Mobile Phone,3,15000,45000,Wholesale
2024-10-02,West,Food,Rice,8,100,800,Wholesale
2025-01-01,North,Furniture,Sofa,2,15000,30000,Online
2024-07-22,West,Furniture,Sofa,4,15000,60000,Online
2025-12-04,North,Furniture,Sofa,5,15000,75000,Wholesale
2025-12-17,South,Electronics,Mobile Phone,3,15000,45000,Online
2025-10-20,East,Food,Sugar,6,50,300,Online
2025-10-26,East,Furniture,Bookshelf,7,4000,28000,Online
2025-09-08,East,Furniture,Bookshelf,4,4000,16000,Retail
2025-07-16,East,Food,Sugar,9,50,450,Online
2025-07-15,West,Clothing,Kurta,7,800,5600,Online
2025-07-14,South,Furniture,Chair,5,3000,15000,Online
2024-06-03,West,Clothing,T-Shirt,4,500,2000,Online
2025-02-15,East,Clothing,Saree,8,3000,24000,Wholesale
2025-01-07,East,Furniture,Chair,8,3000,24000,Retail
2025-08-26,South,Furniture,Bookshelf,7,4000,28000,Online
2024-11-20,West,Food,Rice,3,100,300,Online
2025-03-14,West,Clothing,Saree,1,3000,3000,Wholesale
2025-02-15,South,Clothing,Kurta,4,800,3200,Wholesale
2025-12-29,West,Food,Oil,9,200,1800,Online
2024-07-01,West,Furniture,Chair,4,3000,12000,Online
2024-09-16,East,Food,Rice,8,100,800,Wholesale
2024-12-05,South,Furniture,Table,7,5000,35000,Retail
2024-07-18,East,Furniture,Sofa,3,15000,45000,Online
2024-12-17,West,Furniture,Table,1,5000,5000,Online
2026-03-21,West,Furniture,Sofa,4,15000,60000,Online
2026-04-15,North,Electronics,Tablet,6,20000,120000,Wholesale
2026-05-29,South,Food,Coffee,10,300,3000,Wholesale
2026-06-01,East,Food,Sugar,6,50,300,Retail
2026-01-12,West,Electronics,Mobile Phone,8,15000,120000,Wholesale
2025-06-10,South,Furniture,Sofa,3,15000,45000,Retail
2024-11-27,South,Clothing,Kurta,10,800,8000,Online
2025-04-06,South,Clothing,T-Shirt,6,500,3000,Online
2024-11-29,North,Electronics,Tablet,5,20000,100000,Wholesale
2025-04-14,North,Clothing,Jeans,8,1200,9600,Wholesale
2026-03-25,North,Electronics,Tablet,3,20000,60000,Retail
2025-11-28,East,Food,Sugar,7,50,350,Online
2024-06-03,West,Clothing,Jeans,4,1200,4800,Retail
2025-04-02,North,Furniture,Sofa,2,15000,30000,Retail
2025-09-03,South,Clothing,Kurta,10,800,8000,Retail
2025-03-10,West,Food,Sugar,1,50,50,Wholesale
2025-05-22,East,Food,Rice,9,100,900,Online
2025-07-24,North,Furniture,Chair,5,3000,15000,Online
2024-10-20,North,Food,Rice,7,100,700,Retail
2025-10-31,East,Food,Oil,6,200,1200,Online
2024-09-29,North,Electronics,Mobile Phone,4,15000,60000,Wholesale
2025-01-02,South,Furniture,Sofa,3,15000,45000,Retail
2024-10-24,South,Clothing,Jeans,9,1200,10800,Wholesale
2024-11-13,South,Food,Oil,5,200,1000,Retail
2025-02-12,West,Clothing,T-Shirt,10,500,5000,Wholesale
2025-03-08,East,Furniture,Bookshelf,9,4000,36000,Online
2025-02-05,West,Food,Coffee,3,300,900,Online
2025-11-06,South,Furniture,Sofa,4,15000,60000,Wholesale
2025-05-08,South,Electronics,Tablet,10,20000,200000,Wholesale
2024-07-03,West,Electronics,Tablet,9,20000,180000,Retail
2025-12-31,West,Food,Sugar,1,50,50,Wholesale
2025-05-28,North,Furniture,Table,5,5000,25000,Online
2026-05-02,East,Furniture,Chair,9,3000,27000,Wholesale
2024-09-19,East,Furniture,Table,2,5000,10000,Wholesale
2026-02-09,North,Furniture,Chair,6,3000,18000,Online
2024-09-21,East,Electronics,Headphones,7,2000,14000,Retail
2025-08-11,North,Clothing,Saree,9,3000,27000,Online
2026-02-14,South,Furniture,Table,1,5000,5000,Wholesale
2026-06-02,East,Electronics,Mobile Phone,8,15000,120000,Wholesale
2024-12-14,South,Clothing,Kurta,2,800,1600,Online
2024-07-30,East,Electronics,Headphones,4,2000,8000,Online
2026-01-31,East,Furniture,Sofa,5,15000,75000,Retail
2026-03-18,South,Electronics,Tablet,2,20000,40000,Wholesale
2024-08-10,North,Food,Sugar,8,50,400,Wholesale
2026-04-22,North,Clothing,T-Shirt,1,500,500,Online
2026-05-04,South,Clothing,Saree,3,3000,9000,Retail
2024-06-29,West,Clothing,Kurta,5,800,4000,Online
2026-03-31,North,Food,Coffee,5,300,1500,Retail
2026-01-15,North,Furniture,Sofa,4,15000,60000,Online
2026-02-04,East,Clothing,Saree,10,3000,30000,Online
2025-12-07,South,Electronics,Tablet,10,20000,200000,Wholesale
2025-01-30,East,Electronics,Laptop,10,45000,450000,Wholesale
2025-11-15,West,Food,Sugar,1,50,50,Retail
2026-03-16,South,Food,Oil,7,200,1400,Retail
2024-10-13,East,Clothing,T-Shirt,4,500,2000,Retail
2026-06-01,West,Electronics,Tablet,3,20000,60000,Retail
2025-05-16,West,Furniture,Sofa,2,15000,30000,Wholesale
2025-03-07,North,Electronics,Tablet,8,20000,160000,Online
2025-12-22,North,Furniture,Table,9,5000,45000,Wholesale
2025-03-29,South,Electronics,Laptop,7,45000,315000,Wholesale
2024-08-15,North,Electronics,Laptop,4,45000,180000,Retail
2026-04-02,North,Clothing,Saree,7,3000,21000,Online
2025-05-03,East,Furniture,Chair,9,3000,27000,Wholesale
2025-06-22,West,Furniture,Chair,1,3000,3000,Retail
2024-08-08,East,Food,Oil,8,200,1600,Online
2025-09-03,East,Electronics,Headphones,10,2000,20000,Online
2025-03-28,South,Electronics,Headphones,8,2000,16000,Retail
2024-06-24,West,Electronics,Headphones,9,2000,18000,Retail
2024-09-05,South,Food,Sugar,9,50,450,Retail
2026-02-24,West,Electronics,Headphones,8,2000,16000,Retail
2025-04-05,East,Food,Coffee,1,300,300,Online
2025-05-10,North,Furniture,Bookshelf,10,4000,40000,Online
2024-11-26,East,Electronics,Headphones,9,2000,18000,Online
2025-02-21,North,Electronics,Laptop,1,45000,45000,Online
2025-08-14,North,Furniture,Bookshelf,9,4000,36000,Online
2025-01-31,South,Furniture,Sofa,3,15000,45000,Wholesale
2025-03-24,North,Furniture,Sofa,8,15000,120000,Wholesale
2024-09-18,West,Electronics,Tablet,7,20000,140000,Retail
2025-07-29,East,Clothing,Kurta,2,800,1600,Online
2024-07-10,North,Clothing,Kurta,3,800,2400,Retail
2025-10-09,East,Clothing,Jeans,7,1200,8400,Online
2025-03-02,South,Furniture,Sofa,3,15000,45000,Retail
2025-10-08,South,Clothing,Jeans,4,1200,4800,Retail
2026-05-21,West,Food,Coffee,2,300,600,Online
2025-06-02,East,Food,Rice,6,100,600,Online
2025-05-25,East,Food,Rice,4,100,400,Wholesale
2025-03-30,South,Clothing,Kurta,3,800,2400,Online
2024-08-20,West,Clothing,Saree,4,3000,12000,Online
2024-09-08,East,Food,Oil,10,200,2000,Retail
2025-02-07,South,Food,Oil,6,200,1200,Retail
2025-06-01,East,Electronics,Headphones,4,2000,8000,Online
2025-08-22,South,Food,Sugar,2,50,100,Retail
2025-09-16,South,Clothing,Kurta,6,800,4800,Wholesale
2024-07-01,North,Clothing,Saree,10,3000,30000,Wholesale
2024-11-21,North,Furniture,Sofa,5,15000,75000,Online
2025-08-27,East,Furniture,Bookshelf,2,4000,8000,Retail
2025-06-27,North,Furniture,Bookshelf,6,4000,24000,Online
2024-10-16,North,Food,Coffee,8,300,2400,Wholesale
2025-10-05,North,Food,Coffee,5,300,1500,Online
2024-12-25,North,Food,Oil,7,200,1400,Online
2025-11-25,West,Clothing,T-Shirt,4,500,2000,Wholesale
2026-04-15,West,Food,Rice,4,100,400,Online
2024-09-27,South,Electronics,Mobile Phone,4,15000,60000,Retail
2025-06-17,South,Electronics,Headphones,2,2000,4000,Online
2024-10-09,West,Electronics,Headphones,7,2000,14000,Online
2025-10-31,South,Furniture,Table,1,5000,5000,Retail
2025-08-07,West,Electronics,Mobile Phone,9,15000,135000,Wholesale
2024-11-27,South,Clothing,T-Shirt,3,500,1500,Online
2024-09-28,East,Food,Oil,3,200,600,Wholesale
2025-11-22,North,Clothing,Jeans,1,1200,1200,Retail
2025-10-07,East,Furniture,Bookshelf,10,4000,40000,Retail
2025-07-29,South,Food,Rice,3,100,300,Retail
2024-09-08,North,Food,Oil,2,200,400,Retail
2024-12-04,North,Food,Rice,5,100,500,Online
2025-05-28,North,Electronics,Headphones,7,2000,14000,Wholesale
2024-08-16,East,Furniture,Bookshelf,7,4000,28000,Online
2026-04-02,East,Furniture,Table,10,5000,50000,Retail
2025-07-09,South,Electronics,Headphones,5,2000,10000,Wholesale
2025-09-24,North,Clothing,Saree,8,3000,24000,Online
2025-04-12,West,Electronics,Tablet,4,20000,80000,Wholesale
2025-02-24,West,Food,Rice,1,100,100,Online
2025-06-13,North,Clothing,Jeans,8,1200,9600,Online
2025-03-16,South,Food,Sugar,2,50,100,Online
2025-03-05,South,Food,Sugar,10,50,500,Online
2026-02-19,East,Electronics,Tablet,6,20000,120000,Online
2024-08-17,South,Electronics,Headphones,6,2000,12000,Retail
2025-11-19,West,Clothing,T-Shirt,3,500,1500,Online
2026-04-09,South,Furniture,Chair,6,3000,18000,Wholesale
2026-05-23,East,Clothing,Kurta,8,800,6400,Retail
2026-04-27,West,Electronics,Laptop,5,45000,225000,Online
2025-04-03,West,Food,Coffee,1,300,300,Online
2024-08-04,South,Furniture,Sofa,10,15000,150000,Online
2025-10-11,South,Electronics,Headphones,4,2000,8000,Wholesale
2025-12-08,North,Furniture,Chair,6,3000,18000,Wholesale
2024-10-14,East,Clothing,Saree,2,3000,6000,Wholesale
2024-10-30,North,Electronics,Tablet,4,20000,80000,Online
2024-10-20,North,Food,Rice,9,100,900,Retail
2025-05-30,West,Electronics,Laptop,1,45000,45000,Online
2025-02-02,North,Food,Oil,6,200,1200,Wholesale
2026-05-15,North,Electronics,Mobile Phone,5,15000,75000,Online
2026-05-13,South,Furniture,Sofa,10,15000,150000,Retail
2025-05-30,East,Furniture,Sofa,5,15000,75000,Wholesale
2024-08-21,North,Food,Rice,3,100,300,Retail
2024-12-11,West,Clothing,Jeans,10,1200,12000,Wholesale
2025-01-17,East,Furniture,Chair,2,3000,6000,Retail
2025-03-28,South,Furniture,Table,2,5000,10000,Retail
2025-08-06,East,Furniture,Bookshelf,8,4000,32000,Wholesale
2024-10-28,North,Electronics,Mobile Phone,4,15000,60000,Wholesale
2025-02-16,North,Food,Oil,4,200,800,Wholesale
2024-10-22,South,Furniture,Table,3,5000,15000,Online
2025-06-22,South,Furniture,Sofa,3,15000,45000,Online
2024-11-23,East,Electronics,Tablet,1,20000,20000,Wholesale
2024-06-19,North,Food,Coffee,7,300,2100,Retail
2024-07-02,North,Food,Sugar,8,50,400,Online
2025-07-20,North,Furniture,Sofa,1,15000,15000,Wholesale
2026-03-04,North,Clothing,Kurta,10,800,8000,Wholesale
2025-08-02,South,Electronics,Laptop,6,45000,270000,Retail
2025-06-16,East,Food,Sugar,7,50,350,Online
2025-10-01,North,Clothing,Saree,2,3000,6000,Online
2024-11-01,North,Electronics,Laptop,4,45000,180000,Online
2025-12-27,South,Food,Coffee,8,300,2400,Online
2025-03-09,South,Food,Coffee,1,300,300,Retail
2024-07-30,South,Clothing,Saree,4,3000,12000,Online
2025-01-18,South,Furniture,Bookshelf,10,4000,40000,Online
2025-09-02,South,Food,Oil,5,200,1000,Online
2025-10-26,West,Furniture,Sofa,10,15000,150000,Retail
2024-09-21,South,Clothing,Jeans,6,1200,7200,Wholesale
2024-08-16,West,Food,Oil,3,200,600,Wholesale
2024-11-22,East,Furniture,Table,6,5000,30000,Online
2025-01-26,West,Clothing,Saree,2,3000,6000,Retail
2026-04-23,West,Food,Sugar,5,50,250,Retail
2025-08-05,West,Electronics,Mobile Phone,1,15000,15000,Online
2026-05-15,East,Clothing,Saree,5,3000,15000,Wholesale
2026-04-13,South,Electronics,Tablet,3,20000,60000,Online
2026-04-18,East,Electronics,Mobile Phone,8,15000,120000,Online
2026-03-09,East,Clothing,Jeans,4,1200,4800,Wholesale
2024-08-15,North,Furniture,Sofa,10,15000,150000,Retail
2026-01-02,North,Food,Oil,5,200,1000,Retail
2025-07-14,North,Clothing,Jeans,5,1200,6000,Wholesale
2024-11-22,West,Food,Rice,9,100,900,Retail
2025-02-04,West,Food,Sugar,7,50,350,Wholesale
2025-05-08,North,Furniture,Sofa,6,15000,90000,Wholesale
2024-06-13,North,Clothing,T-Shirt,10,500,5000,Retail
2025-12-26,West,Electronics,Headphones,5,2000,10000,Retail
2025-12-14,East,Food,Sugar,3,50,150,Wholesale
2025-11-27,East,Furniture,Chair,10,3000,30000,Wholesale
2025-03-31,East,Furniture,Table,7,5000,35000,Wholesale
2025-01-14,West,Food,Oil,5,200,1000,Wholesale
2024-07-11,South,Food,Rice,6,100,600,Retail
2026-02-27,East,Electronics,Headphones,3,2000,6000,Wholesale
2025-11-10,East,Furniture,Sofa,7,15000,105000,Wholesale
2026-01-14,East,Electronics,Headphones,5,2000,10000,Online
2024-11-01,West,Food,Sugar,4,50,200,Wholesale
2024-08-22,West,Electronics,Mobile Phone,6,15000,90000,Retail
2024-12-13,South,Clothing,Kurta,7,800,5600,Wholesale
2024-06-22,North,Food,Rice,5,100,500,Retail
2025-11-08,West,Furniture,Chair,2,3000,6000,Retail
2025-06-28,South,Clothing,Jeans,7,1200,8400,Online
2025-11-29,West,Furniture,Bookshelf,6,4000,24000,Wholesale
2024-12-05,South,Electronics,Laptop,10,45000,450000,Wholesale
2025-01-10,West,Electronics,Tablet,7,20000,140000,Online
2024-09-02,West,Clothing,T-Shirt,6,500,3000,Retail
2025-10-17,West,Furniture,Sofa,5,15000,75000,Online
2025-11-12,South,Food,Sugar,6,50,300,Online
2025-03-30,West,Clothing,Saree,3,3000,9000,Online
2026-01-07,South,Clothing,Jeans,10,1200,12000,Retail
2024-06-18,East,Furniture,Bookshelf,3,4000,12000,Wholesale
2025-04-20,East,Electronics,Tablet,3,20000,60000,Wholesale
2025-11-12,South,Electronics,Tablet,7,20000,140000,Online
2025-10-25,North,Electronics,Headphones,9,2000,18000,Wholesale
2025-09-17,East,Clothing,Kurta,9,800,7200,Online
2025-07-30,North,Food,Sugar,5,50,250,Retail
2025-04-01,West,Food,Rice,3,100,300,Wholesale
2024-07-29,East,Furniture,Table,7,5000,35000,Retail
2025-03-11,East,Clothing,Saree,7,3000,21000,Retail
2025-11-20,West,Clothing,Jeans,7,1200,8400,Wholesale
2026-05-29,North,Clothing,T-Shirt,2,500,1000,Online
2025-05-30,West,Food,Rice,4,100,400,Wholesale
2026-01-13,South,Furniture,Sofa,10,15000,150000,Retail
2024-08-25,South,Clothing,T-Shirt,4,500,2000,Online
2025-05-07,North,Electronics,Headphones,7,2000,14000,Retail
2024-10-25,East,Food,Coffee,3,300,900,Retail
2026-02-23,South,Furniture,Table,4,5000,20000,Wholesale
2026-02-17,East,Electronics,Laptop,4,45000,180000,Retail
2025-08-22,East,Clothing,Kurta,8,800,6400,Online
2025-09-13,East,Furniture,Bookshelf,3,4000,12000,Online
2025-11-05,South,Food,Oil,5,200,1000,Wholesale
2024-12-06,South,Food,Sugar,7,50,350,Retail
2025-02-21,South,Food,Coffee,10,300,3000,Retail
2026-01-11,West,Furniture,Table,6,5000,30000,Online
2025-09-05,South,Clothing,Jeans,2,1200,2400,Wholesale
2026-03-26,North,Furniture,Sofa,6,15000,90000,Online
2025-11-19,South,Clothing,Saree,10,3000,30000,Retail
2025-07-14,East,Food,Coffee,3,300,900,Online
2026-04-04,West,Electronics,Tablet,6,20000,120000,Retail
2025-06-11,North,Food,Sugar,3,50,150,Retail
2024-07-03,North,Furniture,Sofa,7,15000,105000,Online
2024-07-11,East,Clothing,Jeans,2,1200,2400,Wholesale
2026-01-30,West,Electronics,Mobile Phone,1,15000,15000,Wholesale
2025-05-25,West,Food,Rice,3,100,300,Retail
2025-04-14,South,Clothing,Saree,4,3000,12000,Online
2024-08-20,West,Food,Coffee,2,300,600,Retail
2024-06-07,East,Clothing,Saree,7,3000,21000,Online
2024-09-15,South,Furniture,Table,9,5000,45000,Retail
2024-11-30,North,Food,Rice,1,100,100,Wholesale
2024-07-26,East,Clothing,T-Shirt,7,500,3500,Retail
2025-04-23,West,Electronics,Headphones,5,2000,10000,Wholesale
2025-04-29,West,Clothing,Kurta,2,800,1600,Online
2025-08-16,West,Clothing,Saree,5,3000,15000,Wholesale
2024-11-07,North,Furniture,Chair,1,3000,3000,Retail
2025-12-13,West,Electronics,Tablet,2,20000,40000,Retail
2025-06-28,West,Electronics,Laptop,8,45000,360000,Wholesale
2025-10-30,East,Electronics,Headphones,7,2000,14000,Retail
2025-10-17,South,Clothing,Jeans,6,1200,7200,Online
2024-11-21,East,Electronics,Mobile Phone,2,15000,30000,Wholesale
2024-12-08,South,Clothing,Kurta,4,800,3200,Wholesale
2025-08-19,East,Food,Oil,3,200,600,Wholesale
2025-12-12,East,Clothing,Kurta,10,800,8000,Retail
2025-04-18,South,Furniture,Sofa,6,15000,90000,Wholesale
2025-07-10,East,Electronics,Headphones,9,2000,18000,Wholesale
2025-06-30,West,Food,Coffee,8,300,2400,Wholesale
2026-01-08,West,Clothing,Kurta,9,800,7200,Retail
2025-01-31,South,Clothing,Jeans,5,1200,6000,Online
2025-08-26,West,Food,Coffee,3,300,900,Retail
2024-07-11,South,Food,Rice,5,100,500,Retail
2024-11-03,East,Food,Oil,5,200,1000,Wholesale
2026-04-24,West,Food,Sugar,7,50,350,Online
2025-03-04,South,Electronics,Laptop,10,45000,450000,Retail
2024-07-12,North,Electronics,Laptop,10,45000,450000,Wholesale
2026-01-24,East,Electronics,Tablet,4,20000,80000,Online
2026-04-03,East,Clothing,T-Shirt,1,500,500,Online
2026-02-14,South,Clothing,Kurta,5,800,4000,Retail
2026-05-17,West,Electronics,Laptop,6,45000,270000,Retail
2026-02-16,West,Clothing,Kurta,1,800,800,Online
2025-03-01,East,Clothing,T-Shirt,8,500,4000,Online
2024-06-24,East,Food,Coffee,4,300,1200,Wholesale
2024-09-08,South,Furniture,Chair,6,3000,18000,Online
2026-03-21,North,Furniture,Sofa,5,15000,75000,Retail
2024-09-06,South,Clothing,Jeans,5,1200,6000,Wholesale
2025-11-03,North,Food,Coffee,8,300,2400,Online
2026-04-22,West,Clothing,Kurta,6,800,4800,Online
2024-10-20,South,Furniture,Table,2,5000,10000,Wholesale
2024-11-15,South,Electronics,Laptop,10,45000,450000,Wholesale
2025-06-13,South,Electronics,Headphones,6,2000,12000,Wholesale
2026-02-14,West,Food,Rice,1,100,100,Wholesale
2024-11-02,North,Furniture,Sofa,5,15000,75000,Online
2025-07-15,South,Food,Coffee,10,300,3000,Wholesale
2024-12-06,North,Furniture,Bookshelf,1,4000,4000,Retail
2024-08-19,West,Electronics,Laptop,5,45000,225000,Online
2024-11-03,South,Furniture,Table,2,5000,10000,Online
2025-02-07,South,Electronics,Tablet,7,20000,140000,Retail
2026-05-03,South,Electronics,Laptop,6,45000,270000,Online
2026-04-01,East,Food,Coffee,4,300,1200,Retail
2024-10-07,North,Clothing,Saree,9,3000,27000,Retail
2026-05-15,West,Electronics,Mobile Phone,1,15000,15000,Wholesale
2025-06-02,West,Electronics,Laptop,1,45000,45000,Retail
2025-08-15,South,Furniture,Table,9,5000,45000,Online
2024-07-23,South,Electronics,Laptop,1,45000,45000,Wholesale
2025-06-30,South,Furniture,Sofa,8,15000,120000,Retail
2026-05-01,South,Furniture,Table,8,5000,40000,Retail
2026-02-22,North,Food,Rice,8,100,800,Wholesale
2025-08-24,South,Clothing,Saree,2,3000,6000,Retail
2026-04-16,North,Furniture,Sofa,4,15000,60000,Wholesale
2025-03-12,East,Food,Oil,7,200,1400,Retail
2025-11-28,East,Clothing,Saree,2,3000,6000,Retail
2025-09-25,West,Electronics,Mobile Phone,5,15000,75000,Retail
2024-10-14,West,Clothing,Jeans,6,1200,7200,Retail
2025-11-13,North,Electronics,Laptop,8,45000,360000,Online
2024-12-28,West,Food,Oil,3,200,600,Wholesale
2025-09-02,West,Food,Oil,9,200,1800,Online
2025-04-06,South,Furniture,Sofa,2,15000,30000,Wholesale
2024-09-25,East,Furniture,Table,3,5000,15000,Wholesale
2025-04-05,South,Food,Rice,1,100,100,Online
2026-03-29,North,Food,Coffee,6,300,1800,Wholesale
2024-08-22,East,Food,Coffee,6,300,1800,Wholesale
2024-06-13,East,Clothing,Jeans,10,1200,12000,Online
2025-09-16,East,Food,Oil,8,200,1600,Online
2025-02-09,West,Furniture,Table,10,5000,50000,Online
2025-10-04,West,Food,Rice,10,100,1000,Retail
2025-12-09,North,Food,Rice,5,100,500,Online
2026-01-05,North,Electronics,Laptop,8,45000,360000,Online
2025-03-30,East,Clothing,Kurta,2,800,1600,Retail
2024-06-13,North,Clothing,Kurta,1,800,800,Retail
2025-10-24,West,Clothing,Kurta,8,800,6400,Online
2025-07-03,North,Furniture,Chair,9,3000,27000,Retail
2026-05-08,North,Electronics,Headphones,5,2000,10000,Retail
2025-05-10,South,Clothing,Jeans,6,1200,7200,Wholesale
2025-06-19,East,Food,Sugar,6,50,300,Wholesale
2025-10-22,West,Furniture,Table,7,5000,35000,Online
2024-07-25,North,Food,Sugar,1,50,50,Retail
2025-08-23,East,Electronics,Laptop,6,45000,270000,Retail
2025-10-19,East,Furniture,Table,1,5000,5000,Online
2025-06-01,South,Furniture,Table,3,5000,15000,Online
2024-11-05,South,Electronics,Headphones,8,2000,16000,Online
2025-08-12,North,Electronics,Mobile Phone,9,15000,135000,Online
2025-02-07,West,Clothing,Saree,3,3000,9000,Online
2026-04-01,West,Clothing,Jeans,6,1200,7200,Wholesale
2026-05-12,South,Furniture,Chair,6,3000,18000,Wholesale
2024-06-12,South,Electronics,Tablet,10,20000,200000,Wholesale
2026-01-08,South,Clothing,Jeans,9,1200,10800,Wholesale
2025-09-01,West,Electronics,Mobile Phone,6,15000,90000,Online
2026-01-14,West,Food,Rice,5,100,500,Online
2026-04-30,East,Clothing,Jeans,3,1200,3600,Retail
2026-03-02,North,Food,Sugar,5,50,250,Retail
2024-07-24,East,Food,Oil,4,200,800,Wholesale
2025-11-26,North,Furniture,Bookshelf,2,4000,8000,Retail
2026-04-30,South,Electronics,Headphones,9,2000,18000,Retail
2025-05-17,West,Clothing,T-Shirt,9,500,4500,Online
2024-07-29,East,Food,Coffee,5,300,1500,Retail
2025-12-14,East,Furniture,Sofa,8,15000,120000,Retail
2026-05-22,West,Clothing,Kurta,2,800,1600,Retail
2025-03-02,East,Clothing,Jeans,10,1200,12000,Retail
2025-03-09,West,Food,Rice,6,100,600,Wholesale
2024-11-29,North,Clothing,Jeans,10,1200,12000,Retail
2024-06-21,South,Food,Sugar,3,50,150,Wholesale
2024-09-23,West,Furniture,Bookshelf,7,4000,28000,Retail
2025-07-10,South,Clothing,Saree,10,3000,30000,Retail
2024-06-06,West,Furniture,Bookshelf,6,4000,24000,Online
2025-11-16,North,Food,Coffee,7,300,2100,Wholesale
2026-04-22,South,Electronics,Mobile Phone,4,15000,60000,Online
2024-07-23,North,Furniture,Bookshelf,4,4000,16000,Online
2024-08-19,East,Furniture,Bookshelf,9,4000,36000,Wholesale
2024-12-16,North,Clothing,Kurta,3,800,2400,Retail
2025-07-23,North,Electronics,Headphones,3,2000,6000,Wholesale
2025-06-09,West,Electronics,Tablet,4,20000,80000,Wholesale
2025-03-20,East,Furniture,Chair,9,3000,27000,Retail
2025-06-13,West,Food,Sugar,1,50,50,Online
2024-12-22,South,Clothing,T-Shirt,10,500,5000,Wholesale
2025-07-06,North,Electronics,Tablet,6,20000,120000,Online
2026-04-03,South,Clothing,Kurta,9,800,7200,Online
2024-07-15,South,Electronics,Laptop,5,45000,225000,Online
2025-10-14,South,Clothing,Saree,5,3000,15000,Retail
2026-01-11,West,Electronics,Headphones,4,2000,8000,Online
2025-02-25,West,Clothing,Jeans,5,1200,6000,Wholesale
2025-02-06,East,Furniture,Sofa,6,15000,90000,Online
2026-03-08,South,Clothing,Jeans,5,1200,6000,Wholesale
2026-04-17,East,Clothing,Saree,9,3000,27000,Wholesale
2024-07-18,West,Food,Oil,1,200,200,Online
2025-06-16,East,Electronics,Tablet,4,20000,80000,Wholesale
2024-11-24,South,Electronics,Headphones,5,2000,10000,Wholesale
2025-11-28,South,Electronics,Tablet,2,20000,40000,Wholesale
2025-11-14,South,Electronics,Laptop,3,45000,135000,Wholesale
2025-11-05,North,Clothing,Saree,8,3000,24000,Retail
2026-06-03,West,Furniture,Chair,8,3000,24000,Online
2026-03-15,East,Clothing,Kurta,1,800,800,Retail
2026-01-25,North,Electronics,Tablet,6,20000,120000,Retail
2025-08-13,East,Furniture,Table,1,5000,5000,Wholesale
2026-04-30,North,Clothing,Kurta,8,800,6400,Retail
2025-10-15,East,Electronics,Headphones,5,2000,10000,Wholesale
2024-12-10,East,Clothing,T-Shirt,6,500,3000,Online
2026-04-06,West,Electronics,Laptop,6,45000,270000,Wholesale
2026-04-18,North,Electronics,Mobile Phone,9,15000,135000,Wholesale
2025-11-27,West,Furniture,Table,3,5000,15000,Online
2024-10-18,South,Food,Rice,5,100,500,Retail
2024-06-25,South,Food,Rice,2,100,200,Retail
2025-02-14,West,Food,Rice,8,100,800,Wholesale
2026-01-03,South,Furniture,Chair,3,3000,9000,Wholesale
2026-05-25,East,Food,Coffee,1,300,300,Online
2025-06-15,North,Food,Oil,3,200,600,Retail
2026-02-16,North,Furniture,Table,7,5000,35000,Online
2026-03-09,East,Food,Oil,1,200,200,Wholesale
2025-07-02,North,Furniture,Chair,1,3000,3000,Online
2024-10-17,East,Clothing,T-Shirt,4,500,2000,Wholesale
2025-03-30,East,Clothing,Saree,8,3000,24000,Retail
2024-08-08,North,Furniture,Chair,5,3000,15000,Retail
2025-04-28,East,Food,Rice,6,100,600,Online
2026-01-21,South,Food,Sugar,7,50,350,Online
2026-01-02,North,Electronics,Mobile Phone,7,15000,105000,Retail
2026-01-05,West,Clothing,Saree,3,3000,9000,Online
2025-11-12,East,Clothing,T-Shirt,1,500,500,Online
2024-08-24,West,Furniture,Table,3,5000,15000,Retail
2025-02-28,West,Food,Coffee,1,300,300,Retail
2025-10-03,East,Electronics,Tablet,3,20000,60000,Online
2025-09-29,West,Food,Sugar,9,50,450,Wholesale
2025-11-04,East,Furniture,Chair,8,3000,24000,Retail
2026-05-08,East,Furniture,Table,7,5000,35000,Wholesale
2026-02-28,East,Clothing,Jeans,5,1200,6000,Retail
2025-12-14,West,Food,Rice,2,100,200,Online
2024-06-21,West,Furniture,Sofa,6,15000,90000,Online
2025-05-29,North,Electronics,Headphones,9,2000,18000,Online
2024-10-26,South,Electronics,Mobile Phone,7,15000,105000,Online
2025-06-30,West,Furniture,Table,9,5000,45000,Wholesale
2025-12-28,West,Food,Oil,3,200,600,Retail
2024-07-22,West,Furniture,Chair,5,3000,15000,Retail
2024-06-15,East,Furniture,Sofa,2,15000,30000,Retail
2025-11-27,North,Clothing,Saree,2,3000,6000,Wholesale
2026-03-28,North,Furniture,Table,7,5000,35000,Online
2026-02-17,North,Furniture,Chair,10,3000,30000,Wholesale
2025-09-03,East,Electronics,Laptop,1,45000,45000,Online
2024-09-29,South,Furniture,Table,3,5000,15000,Retail
2026-03-06,West,Furniture,Table,8,5000,40000,Retail
2024-07-14,West,Clothing,Jeans,7,1200,8400,Wholesale
2026-03-02,South,Furniture,Sofa,8,15000,120000,Retail
2025-01-08,South,Clothing,Kurta,4,800,3200,Online
2025-10-19,North,Food,Oil,2,200,400,Online
2025-04-29,East,Furniture,Sofa,5,15000,75000,Retail
2026-04-21,South,Furniture,Chair,3,3000,9000,Wholesale
2024-06-06,North,Food,Sugar,3,50,150,Wholesale
2025-04-01,West,Clothing,Jeans,3,1200,3600,Retail
2025-08-31,North,Electronics,Tablet,3,20000,60000,Retail
2026-04-21,East,Electronics,Mobile Phone,7,15000,105000,Online
2025-01-03,North,Electronics,Tablet,3,20000,60000,Retail
2024-10-14,West,Furniture,Table,2,5000,10000,Online
2024-10-27,East,Food,Oil,2,200,400,Wholesale
2025-04-22,South,Clothing,Saree,5,3000,15000,Online
2025-01-09,West,Clothing,Jeans,6,1200,7200,Wholesale
2024-12-14,West,Electronics,Mobile Phone,10,15000,150000,Wholesale
2024-09-07,North,Food,Oil,4,200,800,Retail
2025-03-04,West,Food,Rice,7,100,700,Wholesale
2026-01-21,North,Electronics,Tablet,1,20000,20000,Retail
2025-12-23,North,Electronics,Tablet,7,20000,140000,Wholesale
2024-06-17,West,Electronics,Headphones,4,2000,8000,Online
2025-11-29,West,Clothing,T-Shirt,4,500,2000,Retail
2024-06-08,East,Electronics,Laptop,6,45000,270000,Online
2025-09-23,East,Clothing,T-Shirt,1,500,500,Retail
2026-02-22,East,Electronics,Headphones,6,2000,12000,Retail
2024-06-25,North,Clothing,Jeans,5,1200,6000,Retail
2026-02-18,South,Furniture,Bookshelf,3,4000,12000,Wholesale
2025-01-28,South,Food,Coffee,7,300,2100,Retail
2025-11-17,East,Electronics,Tablet,10,20000,200000,Retail
2026-01-07,West,Food,Sugar,1,50,50,Retail
2026-01-29,East,Food,Coffee,6,300,1800,Online
2024-06-21,North,Electronics,Laptop,3,45000,135000,Wholesale
2025-01-18,South,Electronics,Mobile Phone,10,15000,150000,Wholesale
2025-08-06,East,Electronics,Tablet,2,20000,40000,Wholesale
2024-07-05,East,Electronics,Mobile Phone,7,15000,105000,Online
2025-01-31,North,Furniture,Chair,7,3000,21000,Retail
2025-02-28,South,Food,Coffee,4,300,1200,Retail
2025-10-05,East,Clothing,Saree,1,3000,3000,Online
2025-03-15,South,Furniture,Chair,9,3000,27000,Wholesale
2026-01-16,West,Clothing,T-Shirt,7,500,3500,Online
2025-12-20,North,Food,Oil,4,200,800,Wholesale
2025-03-15,North,Electronics,Mobile Phone,10,15000,150000,Online
2025-11-10,West,Clothing,Jeans,6,1200,7200,Retail
2025-05-29,East,Electronics,Mobile Phone,5,15000,75000,Retail
2026-03-24,West,Clothing,T-Shirt,7,500,3500,Wholesale
2024-08-24,West,Food,Rice,7,100,700,Wholesale
2025-05-19,South,Electronics,Laptop,7,45000,315000,Wholesale
2025-04-02,North,Electronics,Laptop,2,45000,90000,Wholesale
2025-06-20,West,Food,Rice,7,100,700,Retail
2025-06-03,East,Electronics,Laptop,3,45000,135000,Online
2024-08-29,South,Food,Sugar,10,50,500,Online
2025-08-27,West,Food,Sugar,9,50,450,Retail
2025-04-30,South,Furniture,Sofa,3,15000,45000,Wholesale
2024-08-23,South,Clothing,T-Shirt,3,500,1500,Retail
2026-05-09,East,Clothing,Saree,7,3000,21000,Retail
2024-09-15,East,Furniture,Table,1,5000,5000,Online
2026-05-31,North,Clothing,Jeans,3,1200,3600,Online
2025-09-28,East,Clothing,Kurta,9,800,7200,Online
2026-02-02,South,Food,Coffee,10,300,3000,Wholesale
2024-10-06,East,Clothing,Saree,8,3000,24000,Retail
2025-03-12,East,Electronics,Laptop,7,45000,315000,Retail
2025-04-19,South,Electronics,Laptop,7,45000,315000,Online
2025-06-09,North,Electronics,Tablet,10,20000,200000,Retail
2025-09-29,South,Furniture,Bookshelf,8,4000,32000,Online
2025-02-09,North,Furniture,Sofa,6,15000,90000,Wholesale
2025-01-13,North,Furniture,Chair,10,3000,30000,Retail
2025-06-12,North,Electronics,Tablet,4,20000,80000,Wholesale
2025-09-20,North,Food,Sugar,9,50,450,Online
2025-05-18,North,Furniture,Table,5,5000,25000,Wholesale
2025-01-31,South,Clothing,Jeans,9,1200,10800,Online
2024-11-20,West,Food,Rice,3,100,300,Wholesale
2025-06-01,South,Clothing,Kurta,3,800,2400,Online
2026-02-27,North,Furniture,Chair,6,3000,18000,Online
2025-12-15,South,Food,Coffee,6,300,1800,Wholesale
2025-07-17,South,Electronics,Laptop,4,45000,180000,Wholesale
2025-06-22,South,Electronics,Mobile Phone,4,15000,60000,Wholesale
2025-10-14,East,Food,Sugar,9,50,450,Wholesale
2025-09-15,South,Food,Oil,9,200,1800,Online
2026-03-28,North,Clothing,Jeans,8,1200,9600,Online
2026-03-26,East,Clothing,Saree,9,3000,27000,Retail
2026-01-05,East,Electronics,Mobile Phone,3,15000,45000,Online
2024-09-23,West,Furniture,Sofa,9,15000,135000,Wholesale
2024-11-28,West,Furniture,Sofa,7,15000,105000,Wholesale
2025-11-09,West,Furniture,Sofa,9,15000,135000,Online
2025-07-26,West,Food,Sugar,4,50,200,Retail
2025-04-26,North,Furniture,Chair,4,3000,12000,Retail
2025-09-27,South,Clothing,Jeans,2,1200,2400,Online
2025-05-14,West,Electronics,Headphones,9,2000,18000,Retail
2024-10-28,East,Clothing,T-Shirt,1,500,500,Wholesale
2025-11-08,West,Clothing,Kurta,7,800,5600,Retail
2025-12-18,South,Furniture,Sofa,9,15000,135000,Wholesale
2026-04-19,North,Food,Oil,9,200,1800,Wholesale
2026-02-13,North,Furniture,Bookshelf,6,4000,24000,Retail
2024-09-15,South,Clothing,Saree,8,3000,24000,Online
2026-05-01,South,Electronics,Headphones,4,2000,8000,Wholesale
2025-12-28,South,Food,Rice,5,100,500,Wholesale
2024-11-07,East,Clothing,Jeans,2,1200,2400,Retail
2025-04-03,East,Clothing,Kurta,6,800,4800,Online
2026-03-01,South,Clothing,Jeans,8,1200,9600,Online
2024-08-10,East,Electronics,Headphones,2,2000,4000,Wholesale
2024-09-03,East,Electronics,Tablet,9,20000,180000,Retail
2025-07-12,East,Clothing,Kurta,8,800,6400,Online
2026-02-09,West,Food,Rice,6,100,600,Online
2025-12-03,West,Electronics,Mobile Phone,4,15000,60000,Retail
2024-10-12,East,Furniture,Chair,6,3000,18000,Online
2025-01-19,North,Clothing,Saree,1,3000,3000,Online
2026-05-26,North,Furniture,Sofa,6,15000,90000,Retail
2024-08-15,South,Clothing,Jeans,5,1200,6000,Wholesale
2026-03-06,South,Clothing,Saree,5,3000,15000,Wholesale
2026-04-24,South,Clothing,Saree,4,3000,12000,Retail
2024-08-11,West,Clothing,Jeans,7,1200,8400,Retail
2026-03-30,West,Furniture,Table,4,5000,20000,Wholesale
2025-12-15,South,Furniture,Table,9,5000,45000,Retail
2025-04-11,South,Clothing,Saree,4,3000,12000,Online
2025-09-05,West,Food,Coffee,6,300,1800,Retail
2025-05-19,West,Food,Rice,4,100,400,Retail
2026-04-12,East,Furniture,Table,7,5000,35000,Online
2026-04-05,West,Electronics,Mobile Phone,9,15000,135000,Retail
2026-03-30,North,Food,Coffee,4,300,1200,Retail
2025-10-27,South,Food,Rice,8,100,800,Online
2025-08-27,East,Food,Oil,4,200,800,Online
2024-10-05,North,Food,Oil,10,200,2000,Wholesale
2025-05-02,North,Clothing,Jeans,4,1200,4800,Online
2024-08-18,South,Furniture,Sofa,4,15000,60000,Online
2024-07-10,East,Clothing,Kurta,1,800,800,Wholesale
2025-03-11,West,Clothing,Saree,1,3000,3000,Wholesale
2025-12-08,South,Food,Rice,2,100,200,Wholesale
2024-08-29,West,Furniture,Bookshelf,5,4000,20000,Wholesale
2026-01-22,West,Electronics,Laptop,3,45000,135000,Wholesale
2024-12-16,South,Furniture,Chair,7,3000,21000,Online
2024-09-09,West,Clothing,T-Shirt,8,500,4000,Wholesale
2024-10-20,East,Electronics,Headphones,2,2000,4000,Online
2026-03-25,East,Electronics,Laptop,6,45000,270000,Online
2025-03-27,West,Clothing,T-Shirt,5,500,2500,Retail
2024-11-11,East,Furniture,Table,1,5000,5000,Retail
2025-06-14,West,Food,Coffee,10,300,3000,Wholesale
2025-08-08,North,Electronics,Tablet,4,20000,80000,Wholesale
2025-04-30,South,Food,Oil,4,200,800,Wholesale
2026-04-14,North,Furniture,Chair,9,3000,27000,Retail
2024-09-18,North,Food,Sugar,5,50,250,Retail
2026-03-21,North,Food,Rice,1,100,100,Retail
2025-03-28,East,Furniture,Sofa,8,15000,120000,Wholesale
2025-06-28,East,Food,Oil,6,200,1200,Online
2025-01-19,North,Furniture,Sofa,4,15000,60000,Online
2025-02-04,East,Furniture,Table,6,5000,30000,Wholesale
2025-12-21,East,Clothing,Kurta,5,800,4000,Online
2025-11-18,South,Clothing,T-Shirt,7,500,3500,Wholesale
2025-05-04,North,Furniture,Sofa,3,15000,45000,Online
2025-12-18,East,Clothing,Jeans,8,1200,9600,Retail
2026-05-31,East,Electronics,Laptop,3,45000,135000,Online
2024-12-24,East,Clothing,Kurta,2,800,1600,Retail
2025-06-03,North,Food,Sugar,8,50,400,Retail
2026-05-01,East,Electronics,Headphones,3,2000,6000,Online
2025-11-06,South,Food,Sugar,6,50,300,Online
2026-02-19,East,Clothing,T-Shirt,10,500,5000,Wholesale
2025-08-16,South,Furniture,Chair,5,3000,15000,Retail
2025-11-08,East,Electronics,Laptop,7,45000,315000,Wholesale
2024-07-13,East,Clothing,T-Shirt,10,500,5000,Wholesale
2025-09-17,South,Food,Sugar,7,50,350,Wholesale
2025-01-30,East,Food,Rice,10,100,1000,Wholesale
2026-01-26,South,Furniture,Table,3,5000,15000,Wholesale
2025-02-23,West,Food,Coffee,6,300,1800,Online
2025-03-14,North,Furniture,Sofa,4,15000,60000,Retail
2024-12-09,East,Furniture,Bookshelf,2,4000,8000,Wholesale
2025-01-07,West,Furniture,Chair,8,3000,24000,Online
2026-01-11,West,Electronics,Headphones,4,2000,8000,Wholesale
2024-12-15,East,Clothing,Saree,4,3000,12000,Retail
2024-10-02,North,Furniture,Sofa,2,15000,30000,Online
2025-05-25,South,Clothing,Jeans,3,1200,3600,Online
2024-09-06,East,Electronics,Headphones,2,2000,4000,Retail
2026-05-14,West,Food,Rice,3,100,300,Retail
2025-06-24,North,Furniture,Chair,4,3000,12000,Wholesale
2024-11-24,West,Furniture,Chair,7,3000,21000,Online
2025-05-02,West,Food,Rice,5,100,500,Online
2026-04-25,East,Furniture,Sofa,8,15000,120000,Wholesale
2025-01-09,West,Food,Oil,1,200,200,Wholesale
2025-12-08,South,Food,Rice,4,100,400,Retail
2025-08-27,North,Clothing,Kurta,2,800,1600,Online
2025-12-24,West,Furniture,Sofa,7,15000,105000,Wholesale
2025-08-12,East,Electronics,Tablet,1,20000,20000,Online
2024-09-29,North,Electronics,Headphones,5,2000,10000,Online
2024-09-17,West,Food,Rice,5,100,500,Wholesale
2024-07-22,West,Food,Rice,5,100,500,Retail
2025-06-05,North,Food,Rice,7,100,700,Online
2026-03-11,South,Furniture,Chair,5,3000,15000,Wholesale
2026-03-14,East,Food,Rice,10,100,1000,Wholesale
2025-12-31,South,Clothing,Jeans,6,1200,7200,Wholesale
2026-02-14,North,Food,Coffee,9,300,2700,Wholesale
2025-09-19,North,Electronics,Mobile Phone,3,15000,45000,Wholesale
2024-10-20,North,Electronics,Tablet,1,20000,20000,Online
2024-08-16,South,Food,Rice,1,100,100,Online
2025-10-12,North,Electronics,Laptop,7,45000,315000,Online
2025-12-11,North,Clothing,Jeans,10,1200,12000,Wholesale
2026-05-13,East,Clothing,Jeans,10,1200,12000,Online
2025-05-29,West,Furniture,Chair,8,3000,24000,Online
2025-06-27,East,Furniture,Bookshelf,2,4000,8000,Retail
2025-02-17,East,Furniture,Sofa,5,15000,75000,Online
2025-11-12,East,Electronics,Mobile Phone,10,15000,150000,Online
2025-07-28,North,Electronics,Tablet,1,20000,20000,Wholesale
2025-02-19,East,Clothing,Kurta,6,800,4800,Wholesale
2025-01-15,East,Electronics,Laptop,5,45000,225000,Retail
2025-01-07,East,Food,Rice,7,100,700,Wholesale
2026-04-01,North,Food,Coffee,3,300,900,Retail
2025-03-19,West,Electronics,Tablet,10,20000,200000,Wholesale
2026-05-23,North,Electronics,Tablet,7,20000,140000,Wholesale
2025-03-08,East,Food,Oil,3,200,600,Retail
2026-04-27,North,Electronics,Headphones,7,2000,14000,Wholesale
2025-04-05,North,Electronics,Tablet,10,20000,200000,Retail
2025-06-11,East,Clothing,Kurta,8,800,6400,Online
2025-06-16,East,Furniture,Bookshelf,1,4000,4000,Retail
2025-08-16,South,Electronics,Headphones,7,2000,14000,Online
2026-02-05,North,Clothing,Saree,9,3000,27000,Wholesale
2025-09-03,East,Clothing,T-Shirt,9,500,4500,Wholesale
2025-03-14,West,Food,Sugar,2,50,100,Retail
2026-05-02,North,Electronics,Mobile Phone,9,15000,135000,Online
2025-04-10,South,Food,Coffee,7,300,2100,Wholesale
2024-11-03,North,Furniture,Table,4,5000,20000,Online
2024-06-11,South,Clothing,Jeans,9,1200,10800,Online
2024-10-18,East,Food,Sugar,8,50,400,Retail
2025-03-09,East,Food,Rice,8,100,800,Wholesale
2025-08-22,West,Clothing,T-Shirt,5,500,2500,Online
2026-05-16,West,Furniture,Chair,4,3000,12000,Wholesale
2024-11-16,North,Food,Rice,1,100,100,Retail
2025-06-25,West,Electronics,Laptop,1,45000,45000,Retail
2025-07-09,East,Food,Sugar,5,50,250,Retail
2025-02-08,East,Furniture,Bookshelf,7,4000,28000,Wholesale
2024-11-25,West,Furniture,Table,4,5000,20000,Retail
2025-10-08,North,Clothing,T-Shirt,5,500,2500,Online
2024-12-02,West,Furniture,Chair,1,3000,3000,Retail
2026-03-12,South,Furniture,Sofa,10,15000,150000,Retail
2025-08-22,West,Furniture,Table,4,5000,20000,Online
2025-08-02,West,Furniture,Bookshelf,5,4000,20000,Online
2025-06-26,West,Food,Coffee,3,300,900,Online
2025-12-31,North,Electronics,Headphones,7,2000,14000,Online
2025-12-10,South,Furniture,Table,9,5000,45000,Retail
2024-12-05,South,Electronics,Headphones,8,2000,16000,Wholesale
2025-11-20,South,Electronics,Laptop,3,45000,135000,Retail
2026-03-23,South,Clothing,Jeans,1,1200,1200,Online
2024-11-07,South,Electronics,Laptop,10,45000,450000,Retail
2025-03-11,South,Food,Sugar,3,50,150,Online
2026-03-30,North,Clothing,Kurta,1,800,800,Retail
2025-02-02,East,Food,Rice,6,100,600,Online
2025-08-30,South,Food,Coffee,10,300,3000,Wholesale
2026-05-21,North,Electronics,Headphones,9,2000,18000,Wholesale
2025-05-05,West,Food,Rice,10,100,1000,Online
2025-04-15,East,Food,Oil,2,200,400,Online
2025-06-17,South,Food,Sugar,3,50,150,Wholesale
2024-11-07,South,Furniture,Table,4,5000,20000,Wholesale
2024-06-16,West,Furniture,Table,3,5000,15000,Online
2026-02-11,West,Electronics,Laptop,6,45000,270000,Retail
2025-05-29,East,Electronics,Headphones,4,2000,8000,Wholesale
2026-03-10,West,Clothing,Kurta,1,800,800,Online
2024-10-14,East,Clothing,Kurta,1,800,800,Retail
2025-12-08,East,Clothing,Kurta,2,800,1600,Wholesale
2025-03-17,East,Food,Rice,8,100,800,Online
2025-04-12,North,Furniture,Table,8,5000,40000,Retail
2026-04-03,North,Food,Coffee,5,300,1500,Online
2026-01-27,East,Food,Oil,9,200,1800,Wholesale
2024-10-31,East,Furniture,Chair,1,3000,3000,Online
2025-11-23,East,Food,Sugar,10,50,500,Wholesale
2026-02-13,North,Clothing,Kurta,7,800,5600,Retail
2025-03-08,East,Food,Rice,6,100,600,Wholesale
2024-12-27,West,Furniture,Sofa,7,15000,105000,Wholesale
2025-01-22,North,Clothing,Saree,2,3000,6000,Online
2025-04-25,South,Clothing,Saree,2,3000,6000,Wholesale
2025-11-08,North,Food,Sugar,4,50,200,Retail
2025-05-11,South,Food,Sugar,8,50,400,Online
2025-08-23,East,Electronics,Laptop,5,45000,225000,Wholesale
2024-08-15,South,Clothing,T-Shirt,4,500,2000,Retail
2025-09-09,North,Food,Rice,6,100,600,Wholesale
2024-10-29,East,Clothing,Kurta,9,800,7200,Wholesale
2024-10-13,West,Food,Rice,9,100,900,Wholesale
2024-08-24,West,Food,Coffee,7,300,2100,Retail
2024-06-14,South,Clothing,Jeans,1,1200,1200,Retail
2024-07-25,West,Food,Coffee,10,300,3000,Online
2024-11-01,North,Food,Sugar,1,50,50,Wholesale
2025-01-03,South,Food,Rice,9,100,900,Online
2024-10-05,West,Electronics,Mobile Phone,8,15000,120000,Retail
2025-01-25,North,Food,Coffee,6,300,1800,Wholesale
2026-04-17,West,Food,Coffee,8,300,2400,Retail
2026-03-16,North,Furniture,Bookshelf,10,4000,40000,Online
2025-02-02,South,Clothing,Jeans,5,1200,6000,Online
2024-12-07,West,Food,Sugar,9,50,450,Wholesale
2025-11-07,East,Furniture,Chair,5,3000,15000,Wholesale
2025-10-11,North,Furniture,Bookshelf,10,4000,40000,Online
2025-09-17,West,Food,Coffee,1,300,300,Online
2026-04-14,West,Electronics,Laptop,5,45000,225000,Retail
2025-08-10,North,Furniture,Table,1,5000,5000,Wholesale
2026-04-12,North,Furniture,Sofa,10,15000,150000,Wholesale
2024-09-26,West,Furniture,Sofa,6,15000,90000,Wholesale
2026-05-03,South,Food,Coffee,3,300,900,Online
2024-11-02,South,Electronics,Tablet,4,20000,80000,Wholesale
2026-02-10,East,Electronics,Mobile Phone,8,15000,120000,Wholesale
2025-12-11,North,Electronics,Laptop,3,45000,135000,Retail
2024-06-14,East,Furniture,Sofa,10,15000,150000,Online
2025-06-13,North,Clothing,Kurta,6,800,4800,Wholesale
2026-04-28,West,Furniture,Bookshelf,3,4000,12000,Wholesale
2026-03-24,North,Electronics,Mobile Phone,1,15000,15000,Retail
2025-02-23,East,Food,Coffee,6,300,1800,Online
2026-02-14,North,Electronics,Mobile Phone,2,15000,30000,Online
2025-02-10,West,Clothing,Kurta,2,800,1600,Wholesale
2025-01-21,South,Food,Oil,1,200,200,Wholesale
2024-08-02,West,Electronics,Tablet,8,20000,160000,Wholesale
2026-02-01,South,Furniture,Sofa,10,15000,150000,Retail
2026-01-05,East,Furniture,Table,8,5000,40000,Online
2024-06-12,South,Food,Oil,7,200,1400,Online
2025-08-14,West,Clothing,Kurta,5,800,4000,Online
2026-04-21,South,Clothing,Saree,9,3000,27000,Retail
2024-09-16,East,Electronics,Tablet,2,20000,40000,Retail
2025-08-15,North,Electronics,Headphones,8,2000,16000,Wholesale
2025-11-16,North,Food,Rice,2,100,200,Online
2024-10-10,North,Food,Coffee,3,300,900,Online
2024-11-16,North,Furniture,Table,1,5000,5000,Wholesale
2026-03-05,South,Electronics,Tablet,4,20000,80000,Wholesale
2025-02-15,North,Furniture,Chair,2,3000,6000,Wholesale
2025-01-26,South,Furniture,Sofa,5,15000,75000,Wholesale
2024-10-10,South,Food,Rice,2,100,200,Online
2025-05-07,East,Electronics,Tablet,5,20000,100000,Retail
2026-05-08,East,Clothing,Saree,4,3000,12000,Retail
2025-09-15,North,Clothing,Kurta,9,800,7200,Retail
2025-06-20,South,Furniture,Sofa,6,15000,90000,Online
2024-12-09,West,Furniture,Chair,9,3000,27000,Retail
2025-07-23,North,Clothing,T-Shirt,9,500,4500,Wholesale
2024-12-01,West,Electronics,Tablet,7,20000,140000,Wholesale
2026-01-15,West,Clothing,T-Shirt,1,500,500,Wholesale
2025-06-27,East,Food,Rice,9,100,900,Retail
2025-05-25,North,Electronics,Mobile Phone,8,15000,120000,Wholesale
2025-07-27,South,Clothing,Saree,3,3000,9000,Online
2024-06-18,West,Clothing,Kurta,1,800,800,Online
2025-05-08,West,Furniture,Sofa,6,15000,90000,Wholesale
2025-04-15,West,Electronics,Tablet,5,20000,100000,Online
2026-04-13,South,Clothing,Saree,3,3000,9000,Wholesale
2026-02-20,East,Food,Oil,6,200,1200,Online
2025-12-18,East,Clothing,Kurta,4,800,3200,Online
2024-10-25,West,Food,Rice,8,100,800,Wholesale
2024-06-30,East,Furniture,Bookshelf,5,4000,20000,Retail
2024-12-12,East,Clothing,Jeans,4,1200,4800,Online
2024-10-11,West,Furniture,Bookshelf,8,4000,32000,Retail
2026-05-06,East,Clothing,Jeans,8,1200,9600,Wholesale
2025-02-11,South,Food,Oil,6,200,1200,Online
2024-08-24,North,Food,Sugar,6,50,300,Wholesale
2025-11-03,South,Furniture,Bookshelf,3,4000,12000,Retail
2024-11-05,East,Clothing,Kurta,7,800,5600,Wholesale
2025-08-11,East,Furniture,Chair,8,3000,24000,Online
2025-04-19,West,Electronics,Laptop,3,45000,135000,Retail
2024-08-28,West,Clothing,Saree,10,3000,30000,Retail
2026-05-04,East,Electronics,Headphones,10,2000,20000,Retail
2024-06-05,North,Clothing,Saree,9,3000,27000,Retail
2024-09-09,South,Food,Coffee,9,300,2700,Online
2025-11-11,South,Electronics,Laptop,10,45000,450000,Online
2025-11-10,East,Furniture,Bookshelf,6,4000,24000,Online
2024-12-21,West,Clothing,Kurta,6,800,4800,Retail
2024-12-12,South,Clothing,Kurta,8,800,6400,Online
2025-10-17,South,Furniture,Chair,3,3000,9000,Retail
2026-04-24,South,Electronics,Laptop,10,45000,450000,Retail
2026-03-08,West,Food,Coffee,2,300,600,Retail
2026-03-18,South,Clothing,Saree,2,3000,6000,Wholesale
2025-02-09,South,Clothing,Saree,4,3000,12000,Online
2026-02-21,North,Electronics,Laptop,8,45000,360000,Retail
2026-02-08,West,Furniture,Sofa,3,15000,45000,Online
2025-09-10,East,Food,Coffee,1,300,300,Online
2025-01-22,South,Clothing,Saree,7,3000,21000,Wholesale
2024-12-10,North,Food,Sugar,4,50,200,Online
2024-07-14,South,Clothing,Jeans,1,1200,1200,Online
2026-04-09,South,Furniture,Chair,2,3000,6000,Retail
2025-07-18,South,Clothing,Jeans,6,1200,7200,Wholesale
2025-11-03,East,Clothing,T-Shirt,9,500,4500,Online
2026-02-12,North,Clothing,Jeans,2,1200,2400,Online
2024-07-12,South,Clothing,T-Shirt,10,500,5000,Wholesale
2025-10-15,North,Furniture,Bookshelf,9,4000,36000,Retail
2025-11-05,South,Food,Sugar,5,50,250,Retail
2025-01-02,South,Furniture,Chair,5,3000,15000,Wholesale
2024-11-22,West,Clothing,T-Shirt,4,500,2000,Wholesale
2024-11-11,South,Food,Sugar,1,50,50,Retail
2024-10-14,North,Electronics,Tablet,1,20000,20000,Wholesale
2026-03-22,East,Food,Coffee,6,300,1800,Retail
2024-12-18,West,Clothing,Saree,6,3000,18000,Retail
2026-03-19,South,Electronics,Headphones,1,2000,2000,Online
2025-06-13,West,Furniture,Bookshelf,8,4000,32000,Retail
2025-05-30,South,Electronics,Tablet,2,20000,40000,Online
2024-09-07,North,Clothing,Saree,10,3000,30000,Online
2025-10-29,West,Food,Coffee,7,300,2100,Online
2025-02-21,South,Clothing,Saree,3,3000,9000,Wholesale
2025-07-08,South,Food,Coffee,4,300,1200,Online
2025-01-25,West,Clothing,Kurta,5,800,4000,Retail
2024-06-10,North,Electronics,Headphones,4,2000,8000,Online
2024-08-12,East,Electronics,Tablet,5,20000,100000,Wholesale
2025-08-31,West,Clothing,Kurta,8,800,6400,Retail
2026-02-12,West,Food,Oil,2,200,400,Online
2026-05-23,East,Food,Oil,7,200,1400,Wholesale
2024-07-29,South,Clothing,Saree,10,3000,30000,Online
2024-11-02,East,Electronics,Headphones,6,2000,12000,Wholesale
2024-07-27,South,Electronics,Laptop,8,45000,360000,Online
2025-06-17,East,Clothing,Saree,2,3000,6000,Wholesale
2026-04-15,South,Furniture,Sofa,7,15000,105000,Wholesale
2025-06-01,South,Clothing,Saree,4,3000,12000,Retail
2025-01-10,West,Food,Coffee,1,300,300,Wholesale
2025-04-16,North,Clothing,T-Shirt,3,500,1500,Retail
2026-05-24,West,Furniture,Sofa,4,15000,60000,Online
2024-08-30,West,Clothing,Saree,8,3000,24000,Wholesale
2025-10-21,East,Clothing,T-Shirt,10,500,5000,Retail
2026-04-25,East,Electronics,Mobile Phone,5,15000,75000,Retail
2024-09-12,West,Clothing,Saree,9,3000,27000,Online
2024-12-24,North,Electronics,Laptop,9,45000,405000,Wholesale
2024-09-21,East,Food,Rice,6,100,600,Retail
2025-08-06,East,Electronics,Mobile Phone,10,15000,150000,Retail
2024-12-07,West,Furniture,Chair,7,3000,21000,Wholesale
2026-03-20,East,Electronics,Tablet,3,20000,60000,Retail
2026-04-21,West,Electronics,Tablet,2,20000,40000,Wholesale
2024-12-20,East,Clothing,Saree,4,3000,12000,Retail
2025-03-30,West,Electronics,Laptop,5,45000,225000,Online
2025-01-07,East,Electronics,Mobile Phone,3,15000,45000,Retail
2026-01-28,West,Furniture,Table,8,5000,40000,Retail
2026-04-08,South,Clothing,Saree,2,3000,6000,Retail
2025-12-03,South,Furniture,Sofa,1,15000,15000,Wholesale
2025-01-25,North,Furniture,Table,8,5000,40000,Online
2024-06-09,East,Food,Oil,2,200,400,Retail
2025-11-25,East,Food,Rice,3,100,300,Online
2024-11-16,East,Furniture,Bookshelf,10,4000,40000,Online
2026-02-03,North,Clothing,Saree,3,3000,9000,Wholesale
2025-08-28,North,Furniture,Bookshelf,4,4000,16000,Online
2025-06-22,North,Clothing,T-Shirt,3,500,1500,Wholesale
2024-07-15,South,Electronics,Headphones,10,2000,20000,Online
2024-12-19,North,Furniture,Chair,9,3000,27000,Online
2024-10-31,South,Furniture,Table,8,5000,40000,Online
2025-09-05,East,Furniture,Table,7,5000,35000,Retail
2024-06-15,East,Clothing,Kurta,6,800,4800,Online
2026-05-20,South,Clothing,Kurta,1,800,800,Online
2025-09-18,South,Clothing,Kurta,5,800,4000,Online
2025-03-12,West,Clothing,Kurta,9,800,7200,Wholesale
2026-02-03,East,Food,Sugar,4,50,200,Online
2026-04-13,South,Electronics,Tablet,6,20000,120000,Wholesale
2025-03-30,East,Furniture,Chair,8,3000,24000,Wholesale
2024-07-27,South,Food,Oil,10,200,2000,Online
2024-07-06,North,Clothing,Jeans,6,1200,7200,Wholesale
2025-09-08,East,Clothing,Kurta,4,800,3200,Wholesale
2026-02-25,East,Clothing,Saree,6,3000,18000,Retail
2024-10-21,East,Food,Sugar,6,50,300,Wholesale
2025-06-15,West,Clothing,Kurta,1,800,800,Retail
2025-04-26,West,Furniture,Table,7,5000,35000,Wholesale
2025-06-20,North,Clothing,Jeans,7,1200,8400,Retail
2025-05-31,West,Food,Rice,6,100,600,Online
2025-03-08,West,Electronics,Tablet,3,20000,60000,Online
2024-11-30,North,Electronics,Headphones,1,2000,2000,Online
2026-02-15,North,Food,Sugar,10,50,500,Retail
2024-11-03,East,Electronics,Mobile Phone,9,15000,135000,Online
2024-12-28,North,Electronics,Mobile Phone,2,15000,30000,Online
2025-11-08,East,Clothing,T-Shirt,10,500,5000,Wholesale
2026-05-16,North,Furniture,Sofa,4,15000,60000,Wholesale
2024-06-27,South,Food,Coffee,7,300,2100,Wholesale
2024-12-04,West,Clothing,Kurta,2,800,1600,Retail
2026-01-26,West,Clothing,Saree,5,3000,15000,Retail
2025-05-02,North,Clothing,Jeans,5,1200,6000,Wholesale
2025-03-29,West,Food,Oil,4,200,800,Wholesale
2025-09-15,East,Food,Rice,7,100,700,Online
2024-12-04,South,Furniture,Sofa,1,15000,15000,Online
2026-03-23,South,Food,Sugar,9,50,450,Online
2024-09-17,North,Electronics,Laptop,6,45000,270000,Retail
2025-07-21,East,Furniture,Sofa,9,15000,135000,Wholesale
2025-11-13,East,Food,Sugar,7,50,350,Retail
2026-05-14,South,Food,Oil,8,200,1600,Wholesale
2024-11-14,North,Electronics,Tablet,4,20000,80000,Online
2024-09-03,North,Electronics,Tablet,6,20000,120000,Wholesale
2025-05-16,North,Food,Sugar,9,50,450,Online
2025-02-07,South,Food,Coffee,8,300,2400,Online
2024-08-25,North,Electronics,Headphones,10,2000,20000,Retail
2026-01-19,East,Electronics,Laptop,4,45000,180000,Wholesale
2024-09-25,East,Electronics,Tablet,3,20000,60000,Retail
2024-09-13,North,Food,Coffee,5,300,1500,Retail
2025-11-27,West,Food,Rice,2,100,200,Retail
2025-12-14,South,Clothing,Kurta,8,800,6400,Online
2024-08-08,West,Food,Sugar,4,50,200,Online
2025-03-01,East,Electronics,Mobile Phone,2,15000,30000,Wholesale
2024-10-23,North,Clothing,Saree,8,3000,24000,Online
2025-07-25,East,Food,Oil,10,200,2000,Retail
2024-09-01,East,Clothing,Jeans,8,1200,9600,Wholesale
2024-11-21,West,Furniture,Bookshelf,6,4000,24000,Wholesale
2025-07-16,North,Electronics,Laptop,6,45000,270000,Wholesale
2026-01-31,East,Furniture,Sofa,4,15000,60000,Online
2025-09-06,South,Food,Oil,9,200,1800,Retail
2024-10-13,North,Food,Coffee,2,300,600,Online
2024-11-23,East,Electronics,Mobile Phone,6,15000,90000,Online
2025-08-09,South,Clothing,T-Shirt,7,500,3500,Online
2025-07-11,South,Furniture,Chair,5,3000,15000,Retail
2025-08-21,North,Food,Sugar,9,50,450,Retail
2025-07-19,North,Electronics,Laptop,4,45000,180000,Retail
2026-04-06,South,Electronics,Laptop,10,45000,450000,Online
2024-06-07,West,Food,Coffee,6,300,1800,Retail
2024-10-15,North,Food,Coffee,5,300,1500,Wholesale
2024-10-19,North,Electronics,Tablet,2,20000,40000,Online
2025-10-25,West,Clothing,Kurta,4,800,3200,Wholesale
2026-05-08,South,Furniture,Chair,5,3000,15000,Retail
2025-12-20,North,Clothing,Saree,2,3000,6000,Retail
2025-03-22,East,Food,Rice,9,100,900,Wholesale
2026-03-28,East,Electronics,Mobile Phone,1,15000,15000,Online
2025-02-17,East,Food,Rice,7,100,700,Online
2025-10-06,East,Clothing,Jeans,7,1200,8400,Retail
2025-11-30,South,Electronics,Tablet,4,20000,80000,Retail
2025-01-24,West,Electronics,Mobile Phone,8,15000,120000,Retail
2025-02-22,West,Clothing,T-Shirt,1,500,500,Wholesale
2024-12-02,North,Food,Oil,8,200,1600,Retail
2024-06-21,East,Clothing,Kurta,1,800,800,Retail
2025-08-14,West,Clothing,Jeans,10,1200,12000,Retail
2025-08-06,East,Furniture,Sofa,5,15000,75000,Online
2024-06-05,North,Furniture,Sofa,5,15000,75000,Online
2025-06-22,North,Food,Rice,9,100,900,Online
2025-09-25,West,Food,Sugar,6,50,300,Online
2025-03-24,South,Furniture,Bookshelf,8,4000,32000,Online
2026-05-03,East,Electronics,Tablet,8,20000,160000,Online
2025-07-17,East,Electronics,Tablet,10,20000,200000,Retail
2026-05-26,West,Clothing,Saree,6,3000,18000,Wholesale
2025-02-11,East,Food,Oil,6,200,1200,Retail
2025-04-03,North,Electronics,Tablet,4,20000,80000,Retail
2026-01-08,West,Electronics,Tablet,9,20000,180000,Retail
2025-09-19,East,Furniture,Sofa,6,15000,90000,Wholesale
2024-12-26,West,Clothing,Kurta,3,800,2400,Retail
2024-11-06,North,Electronics,Headphones,2,2000,4000,Wholesale
2024-10-31,East,Clothing,T-Shirt,2,500,1000,Wholesale
2024-10-12,South,Clothing,Saree,4,3000,12000,Wholesale
2024-11-20,West,Food,Rice,5,100,500,Wholesale
2025-11-06,South,Clothing,Saree,9,3000,27000,Retail
2025-05-30,South,Clothing,Jeans,1,1200,1200,Wholesale
2025-04-05,North,Furniture,Sofa,7,15000,105000,Retail
2026-06-02,North,Food,Rice,10,100,1000,Online
2025-10-14,East,Clothing,Saree,7,3000,21000,Wholesale
2026-05-04,East,Food,Sugar,4,50,200,Retail
2026-01-06,South,Furniture,Table,4,5000,20000,Wholesale
2024-06-07,South,Electronics,Mobile Phone,3,15000,45000,Wholesale
2025-05-19,West,Electronics,Tablet,7,20000,140000,Wholesale
2024-12-03,East,Electronics,Mobile Phone,8,15000,120000,Retail
2024-07-09,North,Food,Rice,4,100,400,Online
2025-12-28,South,Electronics,Laptop,3,45000,135000,Online
2026-01-31,East,Clothing,Saree,2,3000,6000,Online
2024-09-20,South,Clothing,T-Shirt,3,500,1500,Wholesale
2026-02-11,West,Electronics,Tablet,8,20000,160000,Online
2026-02-05,East,Food,Coffee,1,300,300,Online
2025-08-17,South,Furniture,Bookshelf,10,4000,40000,Online
2024-09-19,North,Furniture,Bookshelf,10,4000,40000,Online
2025-02-01,North,Furniture,Chair,3,3000,9000,Retail
2024-12-26,South,Electronics,Headphones,9,2000,18000,Retail
2025-06-20,West,Clothing,T-Shirt,7,500,3500,Retail
2025-06-05,West,Furniture,Sofa,1,15000,15000,Retail
2025-11-20,South,Furniture,Sofa,3,15000,45000,Retail
2024-09-10,South,Furniture,Table,9,5000,45000,Wholesale
2025-05-31,South,Electronics,Laptop,9,45000,405000,Online
2024-11-27,West,Electronics,Headphones,5,2000,10000,Wholesale
2025-11-18,North,Furniture,Chair,9,3000,27000,Retail
2026-02-02,West,Clothing,Saree,9,3000,27000,Wholesale
2025-06-18,North,Food,Rice,8,100,800,Online
2025-12-01,North,Clothing,Kurta,7,800,5600,Wholesale
2025-01-01,South,Furniture,Chair,5,3000,15000,Online
2026-02-25,East,Food,Sugar,1,50,50,Wholesale
2024-12-25,South,Clothing,Jeans,5,1200,6000,Retail
2025-10-10,North,Furniture,Bookshelf,4,4000,16000,Online
2024-12-06,North,Food,Oil,7,200,1400,Wholesale
2025-04-01,North,Clothing,Jeans,1,1200,1200,Online
2025-09-08,East,Electronics,Tablet,4,20000,80000,Retail
2025-01-11,South,Clothing,T-Shirt,8,500,4000,Online
2025-07-24,East,Furniture,Sofa,1,15000,15000,Online
2026-03-21,East,Clothing,Jeans,1,1200,1200,Online
2024-06-30,South,Electronics,Mobile Phone,2,15000,30000,Retail
2024-06-25,West,Clothing,Jeans,10,1200,12000,Online
2024-07-19,South,Clothing,T-Shirt,4,500,2000,Online
2025-05-23,North,Furniture,Bookshelf,9,4000,36000,Wholesale
2026-02-12,West,Clothing,Kurta,8,800,6400,Online
2025-10-26,North,Furniture,Table,4,5000,20000,Online
2024-10-10,East,Furniture,Bookshelf,1,4000,4000,Online
2025-03-23,East,Furniture,Bookshelf,9,4000,36000,Online
2026-03-12,West,Electronics,Tablet,9,20000,180000,Wholesale
2026-05-29,South,Food,Rice,7,100,700,Wholesale
2025-05-26,East,Furniture,Sofa,1,15000,15000,Wholesale
2026-03-03,North,Electronics,Mobile Phone,2,15000,30000,Retail
2025-07-24,North,Food,Sugar,1,50,50,Retail
2024-07-09,West,Electronics,Mobile Phone,5,15000,75000,Retail
2024-11-24,West,Clothing,Saree,1,3000,3000,Retail
2025-10-13,West,Clothing,Jeans,4,1200,4800,Wholesale
2024-08-14,East,Clothing,T-Shirt,7,500,3500,Wholesale
2026-01-23,West,Clothing,T-Shirt,5,500,2500,Retail
2024-10-28,West,Electronics,Tablet,5,20000,100000,Retail
2025-12-12,North,Clothing,Saree,2,3000,6000,Retail
2024-07-14,South,Food,Oil,1,200,200,Online
2024-08-16,East,Clothing,Jeans,2,1200,2400,Online
2026-04-09,South,Clothing,T-Shirt,1,500,500,Online
2025-10-22,West,Furniture,Bookshelf,5,4000,20000,Online
2024-07-20,South,Clothing,T-Shirt,4,500,2000,Retail
2025-12-05,North,Furniture,Sofa,2,15000,30000,Wholesale
2024-10-22,East,Furniture,Chair,1,3000,3000,Wholesale
2024-06-23,South,Clothing,T-Shirt,7,500,3500,Online
2026-05-08,West,Clothing,Jeans,2,1200,2400,Retail
2025-09-12,East,Clothing,Jeans,4,1200,4800,Retail
2024-12-31,East,Electronics,Tablet,10,20000,200000,Online
2025-05-21,North,Electronics,Laptop,1,45000,45000,Online
2026-03-27,North,Electronics,Headphones,3,2000,6000,Online
2024-09-16,West,Clothing,Kurta,8,800,6400,Wholesale
2025-12-25,North,Electronics,Tablet,2,20000,40000,Wholesale
2024-12-05,South,Electronics,Mobile Phone,1,15000,15000,Retail
2026-02-21,East,Furniture,Chair,6,3000,18000,Retail
2026-03-12,East,Clothing,Saree,1,3000,3000,Retail
2025-03-31,South,Electronics,Headphones,4,2000,8000,Online
2025-08-09,West,Clothing,Saree,9,3000,27000,Retail
2025-10-14,North,Furniture,Bookshelf,8,4000,32000,Retail
2025-03-31,West,Furniture,Bookshelf,5,4000,20000,Retail
2026-05-23,West,Food,Sugar,5,50,250,Retail
2026-02-13,South,Electronics,Mobile Phone,4,15000,60000,Online
2024-12-27,North,Food,Coffee,6,300,1800,Online
2025-02-03,South,Electronics,Laptop,5,45000,225000,Retail
2025-08-28,South,Clothing,Saree,4,3000,12000,Online
2025-09-07,West,Food,Oil,7,200,1400,Online
2026-01-07,South,Furniture,Chair,2,3000,6000,Retail
2026-03-26,South,Food,Coffee,3,300,900,Retail
2026-04-15,North,Clothing,Kurta,6,800,4800,Online
2026-03-19,North,Food,Coffee,10,300,3000,Retail
2025-03-13,North,Clothing,T-Shirt,10,500,5000,Retail
2025-02-09,South,Electronics,Headphones,9,2000,18000,Wholesale
2026-04-13,East,Clothing,Kurta,8,800,6400,Online
2025-12-05,East,Food,Oil,1,200,200,Retail
2024-09-01,South,Furniture,Bookshelf,7,4000,28000,Wholesale
2025-05-05,South,Food,Sugar,5,50,250,Retail
2025-02-09,West,Furniture,Bookshelf,8,4000,32000,Wholesale
2025-01-01,East,Electronics,Headphones,1,2000,2000,Wholesale
2025-03-25,North,Electronics,Laptop,1,45000,45000,Retail
2024-08-11,South,Clothing,Jeans,5,1200,6000,Wholesale
2025-02-03,South,Electronics,Headphones,2,2000,4000,Online
2025-11-17,North,Furniture,Bookshelf,8,4000,32000,Online
2025-03-15,West,Furniture,Table,8,5000,40000,Wholesale
2025-01-20,South,Food,Rice,2,100,200,Retail
2025-08-02,West,Electronics,Headphones,5,2000,10000,Online
2025-06-27,West,Clothing,Kurta,8,800,6400,Online
2025-02-25,West,Clothing,T-Shirt,9,500,4500,Retail
2024-10-23,West,Electronics,Tablet,2,20000,40000,Online
2024-08-03,East,Furniture,Bookshelf,4,4000,16000,Wholesale
2025-02-06,East,Electronics,Mobile Phone,7,15000,105000,Retail
2025-03-25,East,Clothing,T-Shirt,1,500,500,Wholesale
2026-01-31,South,Food,Rice,10,100,1000,Online
2026-04-24,South,Electronics,Laptop,3,45000,135000,Wholesale
2024-12-10,West,Furniture,Bookshelf,1,4000,4000,Wholesale
2024-10-25,North,Electronics,Headphones,2,2000,4000,Wholesale
2024-08-01,North,Electronics,Headphones,5,2000,10000,Wholesale
2024-10-01,South,Furniture,Bookshelf,6,4000,24000,Wholesale
2025-11-17,East,Furniture,Bookshelf,6,4000,24000,Online
2026-04-22,East,Furniture,Chair,5,3000,15000,Retail
2026-03-10,South,Food,Rice,9,100,900,Wholesale
2025-05-05,South,Food,Sugar,9,50,450,Wholesale
2024-12-07,West,Furniture,Bookshelf,10,4000,40000,Retail
2024-11-30,South,Clothing,Kurta,1,800,800,Retail
2024-09-07,West,Clothing,Jeans,2,1200,2400,Retail
2026-01-25,North,Food,Rice,10,100,1000,Online
2025-03-27,East,Electronics,Mobile Phone,4,15000,60000,Wholesale
2024-10-07,South,Clothing,Kurta,5,800,4000,Wholesale
2025-10-10,South,Furniture,Sofa,2,15000,30000,Online
2026-03-22,West,Electronics,Laptop,6,45000,270000,Wholesale
2025-09-15,North,Clothing,Jeans,4,1200,4800,Wholesale
2024-11-30,North,Food,Coffee,10,300,3000,Wholesale
2025-04-26,East,Electronics,Headphones,6,2000,12000,Retail
2024-12-07,North,Clothing,T-Shirt,1,500,500,Wholesale
2025-11-09,North,Clothing,Saree,7,3000,21000,Online
2024-11-25,West,Food,Rice,3,100,300,Retail
2025-04-09,East,Electronics,Laptop,5,45000,225000,Wholesale
2024-08-04,North,Furniture,Table,2,5000,10000,Retail
2024-06-10,North,Food,Coffee,3,300,900,Retail
2025-05-27,East,Clothing,Jeans,9,1200,10800,Wholesale
2025-02-21,South,Food,Rice,1,100,100,Wholesale
2024-08-04,West,Electronics,Laptop,5,45000,225000,Retail
2026-05-19,North,Furniture,Chair,7,3000,21000,Wholesale
2025-09-06,West,Electronics,Tablet,6,20000,120000,Online
2024-06-18,North,Electronics,Laptop,4,45000,180000,Online
2025-08-23,South,Electronics,Tablet,7,20000,140000,Wholesale
2025-10-13,North,Furniture,Bookshelf,6,4000,24000,Wholesale
2025-06-10,West,Furniture,Chair,4,3000,12000,Wholesale
2025-02-17,North,Food,Coffee,3,300,900,Wholesale
2024-09-14,East,Clothing,Saree,8,3000,24000,Online
2025-03-03,North,Clothing,T-Shirt,7,500,3500,Online
2025-04-09,East,Food,Coffee,1,300,300,Online
2024-12-23,North,Food,Rice,3,100,300,Online
2026-03-24,East,Clothing,Kurta,9,800,7200,Wholesale
2025-08-10,East,Furniture,Table,5,5000,25000,Retail
2025-07-08,North,Clothing,Jeans,7,1200,8400,Online
2025-03-17,North,Electronics,Headphones,5,2000,10000,Online
2025-03-21,North,Electronics,Mobile Phone,7,15000,105000,Online
2025-02-05,South,Food,Sugar,7,50,350,Retail
2024-09-27,East,Food,Sugar,3,50,150,Wholesale
2024-09-05,North,Food,Rice,3,100,300,Retail
2024-07-18,South,Electronics,Mobile Phone,2,15000,30000,Online
2024-08-03,South,Furniture,Bookshelf,6,4000,24000,Wholesale
2025-11-18,North,Electronics,Mobile Phone,2,15000,30000,Retail
2024-10-28,West,Furniture,Bookshelf,5,4000,20000,Retail
2025-04-25,West,Furniture,Bookshelf,3,4000,12000,Online
2025-02-09,South,Furniture,Bookshelf,7,4000,28000,Online
2026-03-26,West,Electronics,Laptop,7,45000,315000,Wholesale
2025-12-12,North,Food,Sugar,6,50,300,Online
2025-10-18,East,Electronics,Mobile Phone,4,15000,60000,Online
2024-11-04,East,Clothing,T-Shirt,6,500,3000,Retail
2026-05-12,East,Food,Oil,2,200,400,Online
2024-08-02,South,Furniture,Table,10,5000,50000,Wholesale
2026-06-01,South,Electronics,Mobile Phone,4,15000,60000,Wholesale
2025-10-10,East,Electronics,Laptop,1,45000,45000,Retail
2025-02-07,South,Clothing,T-Shirt,4,500,2000,Wholesale
2026-05-13,East,Furniture,Chair,9,3000,27000,Online
2026-04-03,West,Furniture,Table,3,5000,15000,Retail
2026-04-01,South,Furniture,Sofa,1,15000,15000,Wholesale
2025-01-31,West,Food,Oil,10,200,2000,Online
2024-10-25,North,Clothing,Jeans,7,1200,8400,Wholesale
2025-05-30,East,Food,Coffee,9,300,2700,Wholesale
2025-08-26,West,Clothing,Saree,5,3000,15000,Retail
2024-07-24,West,Furniture,Bookshelf,10,4000,40000,Retail
2026-03-16,West,Furniture,Bookshelf,7,4000,28000,Online
2026-01-27,North,Furniture,Bookshelf,1,4000,4000,Retail
2025-08-24,East,Clothing,T-Shirt,8,500,4000,Online
2025-11-07,West,Furniture,Bookshelf,10,4000,40000,Wholesale
2025-02-26,West,Furniture,Bookshelf,8,4000,32000,Online
2025-07-20,North,Food,Coffee,1,300,300,Online
2024-08-10,North,Food,Sugar,9,50,450,Retail
2026-01-02,East,Electronics,Mobile Phone,1,15000,15000,Wholesale
2024-07-26,West,Clothing,Saree,2,3000,6000,Wholesale
2025-07-18,East,Furniture,Bookshelf,4,4000,16000,Online
2026-05-21,South,Food,Sugar,2,50,100,Online
2026-04-02,West,Furniture,Sofa,2,15000,30000,Online
2025-07-16,South,Clothing,T-Shirt,10,500,5000,Wholesale
2025-01-16,South,Food,Oil,3,200,600,Retail
2024-12-15,East,Food,Sugar,4,50,200,Wholesale
2025-08-25,West,Furniture,Table,10,5000,50000,Retail
2025-04-02,North,Furniture,Table,7,5000,35000,Wholesale
2026-02-25,West,Electronics,Tablet,6,20000,120000,Retail
2024-10-26,North,Furniture,Sofa,5,15000,75000,Online
2024-07-04,East,Furniture,Chair,9,3000,27000,Retail
2024-07-10,South,Food,Oil,3,200,600,Online
2024-12-09,North,Electronics,Tablet,1,20000,20000,Wholesale
2024-10-02,North,Food,Rice,10,100,1000,Retail
2024-06-17,East,Furniture,Chair,2,3000,6000,Wholesale
2025-06-17,North,Furniture,Chair,1,3000,3000,Online
2024-10-27,East,Food,Oil,3,200,600,Online
2024-12-08,East,Clothing,Saree,9,3000,27000,Online
2024-10-29,North,Food,Oil,9,200,1800,Wholesale
2025-05-14,West,Clothing,T-Shirt,6,500,3000,Retail
2024-12-14,East,Clothing,Saree,3,3000,9000,Online
2025-08-13,West,Clothing,Saree,8,3000,24000,Wholesale
2025-09-02,North,Electronics,Headphones,7,2000,14000,Retail
2024-08-17,North,Clothing,Kurta,3,800,2400,Online
2025-12-17,South,Electronics,Laptop,1,45000,45000,Online
2024-07-29,South,Furniture,Sofa,4,15000,60000,Online
2025-09-19,West,Food,Rice,2,100,200,Wholesale
2024-11-12,West,Food,Coffee,5,300,1500,Wholesale
2024-08-02,South,Clothing,T-Shirt,9,500,4500,Wholesale
2026-03-08,West,Food,Sugar,10,50,500,Retail
2025-05-16,North,Electronics,Mobile Phone,10,15000,150000,Online
2024-07-14,North,Furniture,Bookshelf,1,4000,4000,Retail
2025-04-01,South,Furniture,Sofa,1,15000,15000,Online
2025-11-02,North,Electronics,Laptop,3,45000,135000,Retail
2026-02-28,West,Furniture,Chair,5,3000,15000,Online
2025-01-25,South,Clothing,Kurta,5,800,4000,Retail
2025-05-12,North,Clothing,Jeans,9,1200,10800,Wholesale
2025-11-14,East,Clothing,Kurta,8,800,6400,Retail
2026-01-21,North,Furniture,Bookshelf,5,4000,20000,Retail
2024-11-27,North,Furniture,Sofa,1,15000,15000,Online
2026-04-13,South,Furniture,Table,1,5000,5000,Wholesale
2026-02-25,North,Electronics,Laptop,7,45000,315000,Online
2026-01-10,North,Electronics,Mobile Phone,3,15000,45000,Wholesale
2024-08-27,South,Food,Oil,8,200,1600,Retail
2025-02-07,West,Food,Coffee,10,300,3000,Retail
2025-09-17,West,Clothing,Saree,1,3000,3000,Online
2025-05-20,East,Clothing,Saree,6,3000,18000,Online
2025-02-27,North,Electronics,Headphones,7,2000,14000,Wholesale
2025-09-20,West,Food,Oil,10,200,2000,Online
2025-08-16,East,Electronics,Headphones,6,2000,12000,Wholesale
2025-05-28,West,Clothing,Jeans,1,1200,1200,Retail
2024-10-21,South,Furniture,Bookshelf,2,4000,8000,Wholesale
2024-07-27,South,Clothing,Kurta,9,800,7200,Retail
2024-11-08,West,Electronics,Headphones,7,2000,14000,Retail
2026-04-29,West,Furniture,Table,5,5000,25000,Online
2026-05-20,East,Food,Sugar,7,50,350,Online
2025-12-29,South,Clothing,Kurta,3,800,2400,Wholesale
2025-03-29,South,Electronics,Tablet,10,20000,200000,Retail
2025-04-04,East,Clothing,Saree,2,3000,6000,Wholesale
2025-05-24,South,Food,Sugar,9,50,450,Retail
2025-10-16,East,Food,Coffee,10,300,3000,Retail
2025-07-17,East,Electronics,Mobile Phone,2,15000,30000,Online
2025-10-07,North,Furniture,Bookshelf,6,4000,24000,Wholesale
2025-06-30,East,Clothing,T-Shirt,9,500,4500,Online
2025-01-16,East,Food,Sugar,3,50,150,Retail
2025-05-28,South,Electronics,Tablet,9,20000,180000,Wholesale
2024-09-30,South,Food,Oil,2,200,400,Online
2026-05-29,South,Furniture,Sofa,5,15000,75000,Retail
2024-08-18,North,Clothing,Jeans,7,1200,8400,Retail
2025-12-14,North,Food,Oil,4,200,800,Online
2025-05-23,East,Food,Rice,2,100,200,Wholesale
2024-12-26,East,Electronics,Tablet,3,20000,60000,Wholesale
2025-06-22,West,Food,Sugar,2,50,100,Online
2024-09-29,West,Food,Rice,4,100,400,Online
2026-02-08,West,Electronics,Laptop,2,45000,90000,Retail
2025-12-01,East,Furniture,Bookshelf,10,4000,40000,Retail
2025-09-16,East,Clothing,Saree,4,3000,12000,Wholesale
2025-10-04,North,Clothing,T-Shirt,7,500,3500,Online
2025-09-03,East,Furniture,Chair,2,3000,6000,Retail
2025-07-11,West,Food,Rice,8,100,800,Online
2024-11-17,South,Clothing,Saree,8,3000,24000,Online
2025-06-27,South,Food,Oil,10,200,2000,Online
2025-08-02,West,Electronics,Headphones,5,2000,10000,Online
2026-03-21,West,Furniture,Sofa,7,15000,105000,Retail
2025-12-08,West,Electronics,Mobile Phone,2,15000,30000,Wholesale
2025-10-27,West,Food,Rice,4,100,400,Retail
2024-07-21,North,Electronics,Mobile Phone,4,15000,60000,Retail
2025-04-22,East,Electronics,Laptop,4,45000,180000,Retail
2024-08-03,West,Furniture,Chair,6,3000,18000,Wholesale
2025-04-02,East,Furniture,Bookshelf,3,4000,12000,Wholesale
2024-09-05,North,Clothing,Kurta,9,800,7200,Online
2025-04-04,South,Electronics,Tablet,2,20000,40000,Wholesale
2025-01-11,East,Furniture,Bookshelf,10,4000,40000,Wholesale
2024-11-02,West,Clothing,Jeans,4,1200,4800,Retail
2025-04-21,West,Furniture,Table,1,5000,5000,Wholesale
2024-09-08,North,Furniture,Sofa,6,15000,90000,Online
2026-04-23,South,Electronics,Laptop,6,45000,270000,Online
2024-11-10,North,Clothing,Kurta,3,800,2400,Wholesale
2024-07-05,South,Food,Rice,3,100,300,Online
2025-04-09,South,Clothing,Saree,3,3000,9000,Online
2025-11-02,East,Electronics,Laptop,9,45000,405000,Online
2024-12-20,North,Electronics,Tablet,1,20000,20000,Wholesale
2024-11-07,West,Furniture,Table,3,5000,15000,Online
2026-01-30,East,Furniture,Bookshelf,8,4000,32000,Wholesale
2024-11-29,North,Clothing,Kurta,7,800,5600,Retail
2025-01-31,East,Clothing,Kurta,3,800,2400,Online
2025-11-19,West,Clothing,T-Shirt,8,500,4000,Retail
2025-08-01,West,Food,Coffee,10,300,3000,Wholesale
2025-03-21,East,Furniture,Bookshelf,7,4000,28000,Retail
2024-07-25,South,Electronics,Headphones,1,2000,2000,Online
2026-03-18,West,Clothing,Kurta,10,800,8000,Online
2025-02-06,North,Electronics,Laptop,6,45000,270000,Wholesale
2024-10-24,South,Clothing,Kurta,8,800,6400,Online
2024-07-29,East,Clothing,Kurta,5,800,4000,Online
2024-10-08,East,Furniture,Bookshelf,9,4000,36000,Wholesale
2026-01-10,South,Furniture,Bookshelf,3,4000,12000,Online
2025-08-27,West,Furniture,Sofa,4,15000,60000,Retail
2026-01-06,West,Food,Oil,5,200,1000,Retail
2025-02-13,South,Furniture,Table,10,5000,50000,Online
2025-05-09,East,Clothing,Kurta,10,800,8000,Online
2025-04-24,North,Clothing,Saree,7,3000,21000,Wholesale
2025-08-01,South,Electronics,Laptop,10,45000,450000,Online
2026-04-09,East,Food,Coffee,6,300,1800,Online
2025-01-14,East,Electronics,Headphones,8,2000,16000,Wholesale
2025-07-18,North,Food,Sugar,4,50,200,Online
2025-01-14,West,Clothing,Kurta,7,800,5600,Online
2026-06-01,East,Food,Rice,10,100,1000,Retail
2025-12-09,North,Furniture,Bookshelf,5,4000,20000,Retail
2024-07-18,East,Food,Oil,1,200,200,Online
2025-08-18,South,Food,Sugar,10,50,500,Online
2024-11-20,West,Food,Coffee,9,300,2700,Retail
2025-05-08,South,Electronics,Tablet,10,20000,200000,Retail
2025-05-15,West,Clothing,T-Shirt,10,500,5000,Online
2025-09-11,North,Clothing,Jeans,2,1200,2400,Retail
2025-03-10,North,Clothing,Jeans,2,1200,2400,Wholesale
2025-10-29,West,Electronics,Tablet,10,20000,200000,Retail
2024-11-30,East,Furniture,Table,4,5000,20000,Retail
2026-05-07,West,Food,Rice,4,100,400,Retail
2024-08-11,North,Clothing,T-Shirt,4,500,2000,Wholesale
2024-09-12,West,Electronics,Mobile Phone,4,15000,60000,Retail
2025-04-05,West,Furniture,Sofa,9,15000,135000,Retail
2026-01-04,East,Electronics,Tablet,1,20000,20000,Wholesale
2025-12-29,East,Furniture,Chair,7,3000,21000,Wholesale
2025-06-22,West,Clothing,Kurta,2,800,1600,Online
2025-04-28,North,Clothing,T-Shirt,7,500,3500,Online
2026-02-14,East,Food,Oil,6,200,1200,Online
2026-04-15,East,Electronics,Tablet,10,20000,200000,Online
2025-06-02,East,Food,Rice,4,100,400,Wholesale
2024-10-11,West,Clothing,Jeans,9,1200,10800,Wholesale
2025-11-16,South,Clothing,T-Shirt,10,500,5000,Retail
2025-07-11,East,Clothing,T-Shirt,7,500,3500,Wholesale
2026-03-10,North,Electronics,Tablet,9,20000,180000,Online
2025-05-31,South,Furniture,Bookshelf,8,4000,32000,Retail
2025-02-28,West,Clothing,T-Shirt,5,500,2500,Retail
2025-07-23,West,Clothing,Kurta,7,800,5600,Retail
2024-11-11,West,Electronics,Laptop,4,45000,180000,Wholesale
2025-07-11,South,Furniture,Bookshelf,2,4000,8000,Online
2025-03-06,South,Food,Rice,3,100,300,Retail
2025-08-15,South,Furniture,Chair,1,3000,3000,Retail
2024-11-12,East,Food,Coffee,9,300,2700,Online
2025-07-16,East,Electronics,Mobile Phone,5,15000,75000,Retail
2025-05-21,West,Food,Coffee,9,300,2700,Retail
2025-11-25,North,Electronics,Tablet,5,20000,100000,Retail
2025-01-30,South,Food,Coffee,8,300,2400,Wholesale
2025-09-14,South,Electronics,Laptop,8,45000,360000,Wholesale
2026-02-05,West,Food,Sugar,4,50,200,Online
2024-09-10,East,Furniture,Sofa,6,15000,90000,Online
2025-07-30,South,Furniture,Bookshelf,8,4000,32000,Wholesale
2024-06-05,East,Furniture,Sofa,3,15000,45000,Wholesale
2025-03-27,West,Food,Oil,10,200,2000,Retail
2025-10-27,North,Clothing,T-Shirt,10,500,5000,Retail
2025-02-21,North,Clothing,Kurta,5,800,4000,Online
2026-05-25,East,Electronics,Tablet,6,20000,120000,Wholesale
2026-03-04,North,Food,Rice,10,100,1000,Wholesale
2025-10-20,East,Electronics,Laptop,9,45000,405000,Online
2026-05-31,East,Furniture,Chair,6,3000,18000,Retail
2025-10-26,North,Furniture,Bookshelf,4,4000,16000,Online
2024-11-26,North,Food,Oil,1,200,200,Online
2025-10-13,East,Furniture,Chair,1,3000,3000,Wholesale
2025-09-26,West,Food,Sugar,7,50,350,Online
2025-10-23,North,Food,Coffee,2,300,600,Online
2025-01-27,North,Furniture,Sofa,10,15000,150000,Online
2026-06-03,South,Electronics,Tablet,2,20000,40000,Retail
2026-03-07,North,Food,Coffee,9,300,2700,Online
2025-05-18,South,Furniture,Bookshelf,10,4000,40000,Online
2026-04-07,East,Clothing,T-Shirt,7,500,3500,Wholesale
2026-02-05,North,Food,Coffee,5,300,1500,Wholesale
2025-10-12,East,Furniture,Bookshelf,6,4000,24000,Wholesale
2024-07-15,West,Food,Sugar,1,50,50,Wholesale
2026-04-15,South,Food,Coffee,1,300,300,Wholesale
2025-07-22,North,Electronics,Headphones,4,2000,8000,Online
2025-12-20,North,Furniture,Sofa,1,15000,15000,Retail
2025-05-20,East,Clothing,Kurta,10,800,8000,Wholesale
2025-02-10,South,Clothing,Jeans,7,1200,8400,Online
2024-07-13,South,Food,Rice,8,100,800,Wholesale
2026-02-08,North,Electronics,Mobile Phone,3,15000,45000,Online
2026-03-01,South,Furniture,Table,9,5000,45000,Retail
2026-05-29,North,Furniture,Sofa,2,15000,30000,Retail
2024-10-24,North,Electronics,Mobile Phone,5,15000,75000,Online
2024-12-11,West,Electronics,Mobile Phone,2,15000,30000,Retail
2024-06-17,North,Electronics,Tablet,6,20000,120000,Online
2024-06-25,West,Electronics,Laptop,3,45000,135000,Wholesale
2024-06-26,East,Furniture,Bookshelf,6,4000,24000,Retail
2025-09-24,East,Clothing,T-Shirt,1,500,500,Online
2025-08-25,West,Food,Rice,4,100,400,Retail
2025-02-26,West,Food,Sugar,1,50,50,Wholesale
2024-08-13,South,Electronics,Headphones,10,2000,20000,Online
2026-03-14,East,Electronics,Laptop,8,45000,360000,Online
2024-06-09,East,Clothing,Kurta,2,800,1600,Retail
2024-11-12,North,Clothing,Kurta,7,800,5600,Online
2026-04-14,West,Clothing,T-Shirt,4,500,2000,Retail
2025-12-08,North,Furniture,Table,9,5000,45000,Online
2025-03-05,East,Food,Coffee,9,300,2700,Online
2024-10-10,East,Food,Oil,9,200,1800,Retail
2025-10-24,South,Clothing,Kurta,9,800,7200,Retail
2025-04-30,East,Electronics,Headphones,6,2000,12000,Retail
2024-06-11,East,Furniture,Bookshelf,7,4000,28000,Wholesale
2026-04-11,East,Food,Sugar,3,50,150,Online
2026-02-12,South,Electronics,Laptop,10,45000,450000,Retail
2025-12-31,South,Food,Rice,7,100,700,Online
2025-06-14,South,Electronics,Laptop,9,45000,405000,Online
2024-09-30,North,Clothing,Jeans,4,1200,4800,Retail
2025-09-10,West,Furniture,Sofa,2,15000,30000,Retail
2025-01-11,North,Clothing,T-Shirt,10,500,5000,Online
2025-11-09,South,Clothing,Kurta,1,800,800,Retail
2025-05-02,North,Food,Rice,1,100,100,Retail
2024-07-06,North,Clothing,Kurta,3,800,2400,Wholesale
2024-09-24,North,Electronics,Mobile Phone,7,15000,105000,Wholesale
2025-04-27,West,Clothing,Kurta,5,800,4000,Online
2025-08-03,North,Food,Rice,1,100,100,Online
2025-07-12,West,Food,Coffee,6,300,1800,Retail
2024-12-16,West,Electronics,Headphones,4,2000,8000,Wholesale
2025-12-23,West,Food,Rice,3,100,300,Online
2025-01-09,East,Electronics,Laptop,1,45000,45000,Retail
2025-06-07,South,Clothing,Kurta,1,800,800,Online
2024-09-21,West,Electronics,Laptop,10,45000,450000,Wholesale
2026-05-18,East,Food,Coffee,9,300,2700,Retail
2026-03-29,East,Clothing,Saree,6,3000,18000,Retail
2025-10-06,South,Furniture,Sofa,6,15000,90000,Retail
2026-05-11,East,Furniture,Table,8,5000,40000,Retail
2024-08-14,East,Furniture,Chair,2,3000,6000,Wholesale
2024-07-12,East,Food,Rice,6,100,600,Wholesale
2024-07-29,North,Furniture,Sofa,1,15000,15000,Retail
2025-05-27,West,Food,Sugar,2,50,100,Online
2025-08-20,South,Clothing,T-Shirt,9,500,4500,Wholesale
2024-07-21,South,Clothing,Kurta,9,800,7200,Wholesale
2026-05-21,South,Electronics,Tablet,7,20000,140000,Retail
2025-03-10,West,Electronics,Laptop,1,45000,45000,Retail
2025-09-22,South,Furniture,Bookshelf,8,4000,32000,Wholesale
2025-02-17,South,Electronics,Headphones,4,2000,8000,Wholesale
2025-04-13,West,Food,Coffee,6,300,1800,Online
2025-11-20,East,Electronics,Laptop,7,45000,315000,Retail
2026-05-22,South,Clothing,T-Shirt,5,500,2500,Online
2026-03-23,West,Clothing,Kurta,10,800,8000,Online
2025-11-13,North,Food,Oil,6,200,1200,Online
2025-02-07,South,Electronics,Laptop,1,45000,45000,Retail
2026-01-07,North,Furniture,Chair,3,3000,9000,Online
2024-06-12,North,Food,Sugar,4,50,200,Online
2025-04-16,South,Clothing,Saree,8,3000,24000,Wholesale
2024-12-26,West,Electronics,Laptop,7,45000,315000,Online
2024-07-14,South,Clothing,Saree,2,3000,6000,Wholesale
2026-05-16,East,Food,Rice,1,100,100,Retail
2024-11-18,East,Furniture,Bookshelf,10,4000,40000,Wholesale
2024-09-27,South,Electronics,Laptop,10,45000,450000,Online
2025-07-05,South,Food,Sugar,5,50,250,Retail
2025-05-14,North,Electronics,Laptop,9,45000,405000,Online
2025-12-22,South,Clothing,Saree,3,3000,9000,Wholesale
2025-01-21,East,Food,Oil,7,200,1400,Online
2024-08-18,North,Clothing,Saree,1,3000,3000,Wholesale
2026-03-04,West,Furniture,Sofa,4,15000,60000,Wholesale
2025-08-31,West,Clothing,Saree,10,3000,30000,Retail
2025-04-24,East,Food,Sugar,6,50,300,Online
2024-09-08,South,Furniture,Sofa,9,15000,135000,Online
2026-03-11,East,Clothing,Kurta,2,800,1600,Wholesale
2025-05-16,West,Furniture,Bookshelf,2,4000,8000,Online
2025-04-24,East,Clothing,Saree,7,3000,21000,Online
2025-10-23,East,Electronics,Laptop,1,45000,45000,Wholesale
2024-07-09,North,Food,Coffee,6,300,1800,Wholesale
2026-06-01,North,Clothing,Jeans,3,1200,3600,Retail
2025-05-31,East,Clothing,T-Shirt,8,500,4000,Online
2026-01-03,East,Electronics,Headphones,6,2000,12000,Retail
2025-11-23,East,Clothing,Jeans,5,1200,6000,Wholesale
2024-11-08,East,Food,Oil,7,200,1400,Online
2025-05-28,North,Electronics,Headphones,5,2000,10000,Online
2024-10-24,North,Food,Oil,10,200,2000,Retail
2025-10-26,South,Electronics,Laptop,8,45000,360000,Online
2024-08-15,South,Food,Rice,10,100,1000,Wholesale
2025-11-03,East,Furniture,Chair,9,3000,27000,Wholesale
2026-01-08,West,Food,Rice,5,100,500,Online
2025-11-06,West,Furniture,Sofa,8,15000,120000,Wholesale
2025-01-22,North,Food,Oil,6,200,1200,Wholesale
2025-05-19,West,Electronics,Headphones,2,2000,4000,Wholesale
2025-03-25,South,Furniture,Sofa,8,15000,120000,Wholesale
2024-11-16,South,Clothing,Jeans,4,1200,4800,Retail
2024-07-12,South,Furniture,Bookshelf,3,4000,12000,Wholesale
2024-06-22,South,Furniture,Bookshelf,8,4000,32000,Wholesale
2025-11-14,West,Electronics,Tablet,4,20000,80000,Retail
2025-04-11,West,Clothing,Saree,7,3000,21000,Wholesale
2025-02-21,North,Electronics,Tablet,9,20000,180000,Retail
2026-01-06,East,Food,Rice,8,100,800,Wholesale
2025-01-15,South,Furniture,Sofa,2,15000,30000,Online
2026-06-02,North,Food,Oil,6,200,1200,Online
2026-03-29,East,Clothing,Kurta,6,800,4800,Online
2025-09-27,West,Furniture,Table,4,5000,20000,Wholesale
2025-12-26,North,Electronics,Tablet,5,20000,100000,Online
2024-10-17,East,Electronics,Tablet,10,20000,200000,Wholesale
2025-03-15,South,Electronics,Headphones,5,2000,10000,Wholesale
2025-01-24,West,Food,Rice,7,100,700,Wholesale
2025-09-15,West,Furniture,Table,3,5000,15000,Retail
2024-12-26,South,Clothing,Jeans,1,1200,1200,Retail
2024-10-20,East,Food,Rice,5,100,500,Wholesale
2024-06-17,East,Electronics,Tablet,10,20000,200000,Retail
2026-03-13,West,Food,Rice,9,100,900,Online
2026-04-29,South,Furniture,Chair,3,3000,9000,Online
2025-05-11,South,Furniture,Chair,3,3000,9000,Wholesale
2024-08-05,West,Furniture,Sofa,3,15000,45000,Online
2025-09-09,North,Furniture,Chair,4,3000,12000,Online
2024-08-17,South,Clothing,Saree,5,3000,15000,Online
2025-01-01,East,Food,Coffee,3,300,900,Wholesale
2025-10-07,North,Food,Sugar,5,50,250,Online
2026-02-25,North,Electronics,Laptop,9,45000,405000,Wholesale
2024-10-10,North,Electronics,Laptop,6,45000,270000,Retail
2025-08-30,North,Electronics,Tablet,10,20000,200000,Online
2025-11-20,South,Clothing,Jeans,1,1200,1200,Retail
2025-12-15,East,Furniture,Sofa,2,15000,30000,Retail
2025-01-14,West,Electronics,Tablet,10,20000,200000,Wholesale
2024-11-11,South,Food,Oil,7,200,1400,Wholesale
2025-12-22,North,Furniture,Table,4,5000,20000,Retail
2025-11-20,East,Electronics,Tablet,3,20000,60000,Online
2025-11-22,West,Electronics,Headphones,2,2000,4000,Online
2024-06-05,North,Furniture,Sofa,7,15000,105000,Wholesale
2025-05-13,West,Electronics,Mobile Phone,8,15000,120000,Online
2024-08-26,West,Furniture,Table,2,5000,10000,Wholesale
2025-09-22,North,Furniture,Bookshelf,6,4000,24000,Online
2025-12-24,West,Electronics,Headphones,6,2000,12000,Wholesale
2024-06-16,South,Furniture,Sofa,4,15000,60000,Retail
2025-10-02,West,Furniture,Bookshelf,7,4000,28000,Retail
2025-08-09,South,Electronics,Headphones,3,2000,6000,Wholesale
2024-12-12,West,Food,Coffee,9,300,2700,Retail
2025-01-01,North,Furniture,Bookshelf,9,4000,36000,Retail
2025-08-28,West,Furniture,Chair,7,3000,21000,Online
2025-04-04,South,Furniture,Chair,3,3000,9000,Wholesale
2025-07-12,West,Clothing,T-Shirt,8,500,4000,Wholesale
2024-10-21,West,Furniture,Sofa,6,15000,90000,Wholesale
2024-12-28,East,Food,Rice,10,100,1000,Online
2025-07-03,East,Furniture,Chair,10,3000,30000,Retail
2026-04-26,West,Furniture,Table,5,5000,25000,Wholesale
2026-04-10,South,Furniture,Chair,8,3000,24000,Wholesale
2024-09-03,East,Clothing,Jeans,3,1200,3600,Retail
2025-01-30,East,Clothing,Saree,9,3000,27000,Online
2025-09-28,North,Clothing,Kurta,3,800,2400,Retail
2026-03-24,West,Electronics,Headphones,8,2000,16000,Online
2025-04-28,West,Furniture,Chair,10,3000,30000,Online
2025-10-20,West,Food,Sugar,7,50,350,Retail
2024-06-08,East,Furniture,Table,9,5000,45000,Wholesale
2025-10-01,East,Furniture,Bookshelf,4,4000,16000,Retail
2025-05-06,North,Clothing,Jeans,8,1200,9600,Wholesale
2024-09-14,South,Food,Rice,7,100,700,Online
2025-07-05,West,Food,Sugar,4,50,200,Wholesale
2025-06-28,West,Clothing,Saree,2,3000,6000,Retail
2025-02-08,North,Electronics,Headphones,4,2000,8000,Retail
2026-04-02,North,Furniture,Table,6,5000,30000,Retail
2025-04-07,East,Electronics,Tablet,10,20000,200000,Wholesale
2025-06-08,East,Food,Rice,10,100,1000,Wholesale
2026-01-22,South,Clothing,Jeans,8,1200,9600,Online
2024-12-01,West,Furniture,Sofa,4,15000,60000,Online
2025-04-10,West,Food,Coffee,10,300,3000,Wholesale
2025-06-28,West,Clothing,Jeans,5,1200,6000,Online
2025-08-14,East,Clothing,Saree,7,3000,21000,Online
2026-04-03,East,Clothing,T-Shirt,3,500,1500,Wholesale
2025-02-27,East,Food,Coffee,4,300,1200,Online
2025-12-10,East,Clothing,T-Shirt,6,500,3000,Retail
2026-04-05,East,Clothing,Saree,6,3000,18000,Wholesale
2025-10-30,West,Food,Rice,4,100,400,Wholesale
2025-10-27,East,Furniture,Table,10,5000,50000,Retail
2026-05-13,South,Furniture,Table,2,5000,10000,Retail
2024-11-09,South,Food,Sugar,6,50,300,Online
2024-07-26,West,Clothing,Kurta,7,800,5600,Retail
2025-08-20,West,Electronics,Mobile Phone,6,15000,90000,Online
2025-09-19,South,Clothing,Jeans,7,1200,8400,Online
2025-05-30,South,Furniture,Chair,7,3000,21000,Retail
2026-03-17,North,Electronics,Mobile Phone,8,15000,120000,Retail
2026-05-02,East,Electronics,Laptop,2,45000,90000,Retail
2024-11-20,North,Food,Sugar,8,50,400,Online
2025-06-29,North,Electronics,Headphones,9,2000,18000,Retail
2026-04-27,North,Food,Coffee,4,300,1200,Retail
2025-09-05,East,Furniture,Table,3,5000,15000,Online
2026-04-10,East,Furniture,Sofa,1,15000,15000,Online
2024-11-14,North,Food,Rice,3,100,300,Wholesale
2025-01-20,South,Furniture,Chair,3,3000,9000,Wholesale
2026-05-26,West,Clothing,Kurta,8,800,6400,Retail
2025-01-01,North,Electronics,Tablet,3,20000,60000,Online
2024-08-21,West,Clothing,Kurta,9,800,7200,Online
2026-03-07,North,Food,Coffee,8,300,2400,Online
2025-04-26,East,Electronics,Mobile Phone,9,15000,135000,Wholesale
2025-02-24,North,Food,Sugar,3,50,150,Online
2025-04-17,West,Clothing,Saree,5,3000,15000,Online
2024-06-10,West,Electronics,Headphones,8,2000,16000,Wholesale
2026-01-21,North,Food,Sugar,8,50,400,Wholesale
2025-11-18,East,Clothing,T-Shirt,7,500,3500,Retail
2026-01-08,West,Food,Coffee,10,300,3000,Wholesale
2026-04-29,South,Electronics,Laptop,9,45000,405000,Retail
2025-10-30,North,Clothing,Kurta,5,800,4000,Retail
2025-06-11,North,Electronics,Mobile Phone,1,15000,15000,Retail
2025-01-30,South,Food,Coffee,8,300,2400,Online
2024-09-28,South,Electronics,Laptop,2,45000,90000,Retail
2025-01-12,East,Electronics,Tablet,3,20000,60000,Retail
2025-03-19,North,Furniture,Bookshelf,8,4000,32000,Wholesale
2025-07-20,North,Clothing,Jeans,7,1200,8400,Wholesale
2026-02-24,West,Electronics,Laptop,4,45000,180000,Wholesale
2025-12-17,East,Clothing,Jeans,5,1200,6000,Online
2026-03-18,East,Electronics,Headphones,9,2000,18000,Online
2026-05-12,North,Clothing,Kurta,4,800,3200,Wholesale
2025-07-20,North,Clothing,T-Shirt,9,500,4500,Retail
2024-11-26,East,Furniture,Sofa,10,15000,150000,Online
2025-09-19,East,Electronics,Headphones,10,2000,20000,Wholesale
2026-01-11,South,Food,Oil,7,200,1400,Wholesale
2024-08-12,South,Furniture,Chair,4,3000,12000,Wholesale
2024-11-25,West,Clothing,Kurta,1,800,800,Retail
2025-07-03,South,Clothing,Saree,10,3000,30000,Wholesale
2024-10-02,South,Furniture,Sofa,2,15000,30000,Wholesale
2026-02-02,South,Clothing,T-Shirt,6,500,3000,Retail
2025-10-12,South,Clothing,Kurta,8,800,6400,Online
2024-07-24,South,Electronics,Laptop,1,45000,45000,Wholesale
2025-02-17,North,Furniture,Table,2,5000,10000,Retail
2026-05-10,East,Furniture,Table,9,5000,45000,Wholesale
2025-10-11,East,Furniture,Bookshelf,1,4000,4000,Retail
2025-08-25,South,Clothing,Kurta,1,800,800,Online
2025-04-08,East,Electronics,Headphones,3,2000,6000,Online
2026-05-01,West,Electronics,Mobile Phone,8,15000,120000,Retail
2026-06-01,West,Clothing,Saree,10,3000,30000,Online
2025-11-18,West,Furniture,Bookshelf,1,4000,4000,Retail
2024-12-31,West,Furniture,Chair,7,3000,21000,Online
2025-05-12,North,Furniture,Sofa,4,15000,60000,Retail
2026-05-10,East,Food,Sugar,1,50,50,Wholesale
2025-11-28,North,Food,Oil,8,200,1600,Wholesale
2024-12-26,East,Furniture,Sofa,2,15000,30000,Retail
2025-03-06,North,Clothing,Kurta,6,800,4800,Online
2024-08-03,North,Food,Coffee,7,300,2100,Online
2024-10-04,East,Food,Oil,8,200,1600,Retail
2026-06-02,West,Clothing,Jeans,6,1200,7200,Retail
2026-02-13,West,Clothing,T-Shirt,5,500,2500,Online
2024-12-19,South,Furniture,Chair,5,3000,15000,Wholesale
2025-05-29,North,Food,Sugar,4,50,200,Online
2025-07-18,North,Furniture,Bookshelf,1,4000,4000,Online
2026-04-07,East,Food,Oil,7,200,1400,Online
2026-02-22,East,Clothing,Kurta,8,800,6400,Wholesale
2025-02-02,North,Food,Sugar,8,50,400,Wholesale
2024-07-11,South,Food,Sugar,1,50,50,Retail
2025-08-24,West,Food,Oil,9,200,1800,Retail
2025-12-22,North,Food,Oil,3,200,600,Retail
2026-04-24,South,Food,Sugar,5,50,250,Wholesale
2025-08-05,East,Clothing,Jeans,3,1200,3600,Retail
2024-09-24,East,Furniture,Chair,1,3000,3000,Online
2025-09-05,North,Electronics,Laptop,7,45000,315000,Retail
2025-10-13,North,Electronics,Headphones,8,2000,16000,Retail
2026-01-20,North,Furniture,Chair,6,3000,18000,Wholesale
2025-02-11,North,Clothing,Kurta,9,800,7200,Wholesale
2024-07-13,South,Furniture,Table,1,5000,5000,Retail
2025-04-15,North,Electronics,Mobile Phone,5,15000,75000,Online
2025-05-18,East,Clothing,T-Shirt,10,500,5000,Wholesale
2024-06-21,South,Furniture,Bookshelf,7,4000,28000,Online
2024-09-04,West,Clothing,Jeans,10,1200,12000,Online
2025-11-08,South,Food,Oil,9,200,1800,Retail
2025-07-02,East,Food,Coffee,1,300,300,Online
2024-06-23,West,Clothing,Jeans,5,1200,6000,Wholesale
2024-11-07,North,Electronics,Laptop,4,45000,180000,Online
2024-11-16,East,Furniture,Sofa,8,15000,120000,Online
2024-06-14,North,Clothing,T-Shirt,4,500,2000,Online
2025-12-10,East,Electronics,Tablet,1,20000,20000,Wholesale
2024-10-11,South,Electronics,Mobile Phone,6,15000,90000,Retail
2026-02-02,East,Food,Sugar,6,50,300,Wholesale
2025-11-21,West,Furniture,Chair,8,3000,24000,Online
2024-08-05,West,Clothing,Saree,1,3000,3000,Wholesale
2025-08-13,North,Electronics,Mobile Phone,1,15000,15000,Retail
2024-08-13,East,Clothing,Kurta,4,800,3200,Online
2024-11-12,West,Clothing,T-Shirt,1,500,500,Online
2024-11-17,West,Food,Sugar,1,50,50,Wholesale
2024-06-05,East,Furniture,Chair,4,3000,12000,Online
2025-10-21,North,Electronics,Tablet,7,20000,140000,Online
2025-03-13,West,Food,Oil,3,200,600,Online
2025-06-17,South,Clothing,Saree,9,3000,27000,Online
2025-07-21,East,Food,Oil,10,200,2000,Wholesale
2026-05-02,East,Furniture,Bookshelf,3,4000,12000,Wholesale
2025-03-03,West,Clothing,Jeans,5,1200,6000,Retail
2025-05-13,South,Electronics,Headphones,9,2000,18000,Wholesale
2024-10-13,West,Electronics,Laptop,10,45000,450000,Wholesale
2024-06-08,East,Electronics,Headphones,3,2000,6000,Online
2024-09-03,East,Electronics,Laptop,9,45000,405000,Online
2024-12-28,North,Food,Rice,7,100,700,Retail
2024-09-12,East,Electronics,Mobile Phone,10,15000,150000,Retail
2024-09-29,West,Food,Coffee,6,300,1800,Online
2024-12-06,North,Electronics,Tablet,1,20000,20000,Wholesale
2025-08-01,North,Electronics,Tablet,3,20000,60000,Retail
2024-07-05,West,Electronics,Laptop,6,45000,270000,Retail
2024-06-30,East,Food,Coffee,6,300,1800,Retail
2025-11-12,North,Electronics,Laptop,5,45000,225000,Wholesale
2024-08-04,North,Electronics,Laptop,9,45000,405000,Online
2026-04-04,North,Clothing,T-Shirt,6,500,3000,Retail
2024-08-26,North,Clothing,Saree,2,3000,6000,Online
2025-09-14,North,Food,Oil,8,200,1600,Wholesale
2024-07-07,South,Clothing,Jeans,5,1200,6000,Wholesale
2025-08-14,East,Furniture,Bookshelf,2,4000,8000,Online
2024-07-05,West,Furniture,Sofa,7,15000,105000,Wholesale
2025-10-17,West,Clothing,Saree,3,3000,9000,Retail
2024-11-03,East,Furniture,Table,2,5000,10000,Retail
2025-09-14,North,Electronics,Mobile Phone,6,15000,90000,Online
2024-12-16,West,Food,Oil,10,200,2000,Wholesale
2025-07-01,South,Electronics,Mobile Phone,10,15000,150000,Retail
2025-06-10,West,Clothing,T-Shirt,1,500,500,Online
2025-08-25,South,Electronics,Tablet,7,20000,140000,Wholesale
2025-12-23,North,Electronics,Tablet,5,20000,100000,Online
2026-03-25,West,Clothing,Jeans,4,1200,4800,Wholesale
2025-05-28,South,Electronics,Laptop,10,45000,450000,Wholesale
2024-09-20,South,Clothing,T-Shirt,10,500,5000,Online
2025-06-26,South,Clothing,Kurta,8,800,6400,Wholesale
2025-03-25,North,Electronics,Mobile Phone,5,15000,75000,Wholesale
2024-06-23,North,Electronics,Tablet,10,20000,200000,Wholesale
2024-06-16,North,Electronics,Laptop,7,45000,315000,Online
2026-02-25,South,Furniture,Bookshelf,9,4000,36000,Retail
2025-11-13,North,Furniture,Sofa,3,15000,45000,Online
2024-12-18,North,Furniture,Bookshelf,6,4000,24000,Wholesale
2026-01-27,West,Clothing,Jeans,6,1200,7200,Wholesale
2026-01-29,East,Furniture,Bookshelf,10,4000,40000,Wholesale
2025-01-25,South,Clothing,Kurta,4,800,3200,Wholesale
2024-06-18,West,Food,Oil,8,200,1600,Online
2024-08-06,West,Clothing,Jeans,1,1200,1200,Retail
2026-05-30,South,Food,Coffee,8,300,2400,Retail
2025-09-18,East,Clothing,Jeans,4,1200,4800,Online
2026-03-14,South,Furniture,Table,3,5000,15000,Online
2024-10-10,North,Clothing,Saree,10,3000,30000,Wholesale
2026-04-05,East,Clothing,Kurta,2,800,1600,Retail
2025-07-08,South,Electronics,Mobile Phone,1,15000,15000,Online
2025-03-26,North,Clothing,Kurta,2,800,1600,Wholesale
2024-06-11,East,Electronics,Headphones,2,2000,4000,Online
2025-10-24,East,Electronics,Laptop,7,45000,315000,Wholesale
2026-04-02,South,Electronics,Tablet,2,20000,40000,Wholesale
2024-08-09,South,Electronics,Tablet,7,20000,140000,Online
2025-07-29,West,Furniture,Bookshelf,5,4000,20000,Online
2025-10-01,South,Furniture,Chair,7,3000,21000,Wholesale
2024-07-09,South,Food,Oil,1,200,200,Retail
2026-01-04,South,Furniture,Sofa,4,15000,60000,Retail
2024-12-08,West,Food,Oil,6,200,1200,Retail
2026-02-28,South,Food,Rice,9,100,900,Wholesale
2025-11-16,East,Clothing,Saree,2,3000,6000,Retail
2025-07-04,East,Clothing,Jeans,5,1200,6000,Wholesale
2026-05-29,North,Clothing,Kurta,5,800,4000,Wholesale
2024-12-17,West,Electronics,Headphones,10,2000,20000,Wholesale
2025-06-05,West,Electronics,Headphones,8,2000,16000,Wholesale
2024-07-03,East,Food,Oil,5,200,1000,Wholesale
2026-01-16,South,Food,Oil,10,200,2000,Wholesale
2025-06-21,West,Food,Oil,7,200,1400,Retail
2026-05-09,West,Electronics,Tablet,2,20000,40000,Online
2024-08-24,East,Electronics,Laptop,3,45000,135000,Online
2026-03-07,South,Furniture,Bookshelf,7,4000,28000,Retail
2026-05-30,East,Electronics,Laptop,7,45000,315000,Wholesale
2024-06-20,South,Food,Oil,4,200,800,Wholesale
2025-10-23,West,Furniture,Chair,3,3000,9000,Wholesale
2024-11-03,East,Furniture,Table,1,5000,5000,Retail
2024-11-15,South,Clothing,Kurta,2,800,1600,Online
2024-12-05,East,Electronics,Laptop,5,45000,225000,Online
2025-01-12,West,Clothing,Saree,3,3000,9000,Retail
2024-12-14,North,Food,Oil,9,200,1800,Wholesale
2025-01-03,East,Electronics,Laptop,3,45000,135000,Wholesale
2024-09-10,North,Furniture,Sofa,8,15000,120000,Retail
2024-10-28,South,Furniture,Sofa,8,15000,120000,Online
2024-10-25,South,Electronics,Headphones,4,2000,8000,Wholesale
2025-11-01,East,Clothing,Saree,9,3000,27000,Retail
2025-02-27,East,Clothing,T-Shirt,4,500,2000,Retail
2025-01-03,South,Furniture,Table,9,5000,45000,Retail
2025-10-27,West,Electronics,Headphones,8,2000,16000,Wholesale
2024-12-18,North,Clothing,Saree,10,3000,30000,Online
2024-08-24,North,Furniture,Chair,2,3000,6000,Wholesale
2025-03-06,North,Electronics,Mobile Phone,10,15000,150000,Online
2026-03-22,West,Furniture,Table,4,5000,20000,Online
2026-03-16,West,Electronics,Mobile Phone,5,15000,75000,Wholesale
2025-10-06,West,Furniture,Bookshelf,3,4000,12000,Retail
2026-05-07,South,Furniture,Bookshelf,9,4000,36000,Retail
2025-12-23,South,Food,Rice,9,100,900,Online
2024-06-21,North,Furniture,Table,7,5000,35000,Online
2026-02-24,East,Furniture,Sofa,2,15000,30000,Retail
2025-05-05,East,Electronics,Headphones,5,2000,10000,Retail
2025-09-24,North,Electronics,Headphones,7,2000,14000,Wholesale
2026-01-23,West,Food,Coffee,8,300,2400,Retail
2024-10-06,East,Electronics,Mobile Phone,6,15000,90000,Retail
2025-02-27,West,Electronics,Laptop,8,45000,360000,Online
2024-06-03,South,Electronics,Headphones,1,2000,2000,Retail
2024-07-28,North,Food,Sugar,8,50,400,Retail
2025-01-15,South,Food,Oil,7,200,1400,Wholesale
2024-12-28,East,Clothing,T-Shirt,7,500,3500,Online
2026-01-27,West,Furniture,Sofa,2,15000,30000,Retail
2025-12-23,North,Clothing,Saree,3,3000,9000,Online
2024-07-21,East,Furniture,Bookshelf,2,4000,8000,Retail
2025-09-06,West,Furniture,Chair,4,3000,12000,Retail
2024-11-14,West,Electronics,Mobile Phone,9,15000,135000,Retail
2026-02-07,East,Furniture,Chair,6,3000,18000,Retail
2024-12-23,West,Food,Oil,10,200,2000,Online
2025-09-01,West,Food,Sugar,4,50,200,Retail
2025-03-12,East,Electronics,Headphones,10,2000,20000,Online
2025-02-06,East,Food,Rice,3,100,300,Online
2025-04-25,South,Clothing,Saree,9,3000,27000,Retail
2025-03-20,West,Clothing,Jeans,1,1200,1200,Wholesale
2026-03-10,South,Clothing,Kurta,9,800,7200,Retail
2026-05-01,West,Food,Coffee,8,300,2400,Retail
2026-02-12,East,Electronics,Mobile Phone,6,15000,90000,Retail
2025-02-08,South,Food,Rice,6,100,600,Online
2025-02-02,West,Electronics,Tablet,5,20000,100000,Online
2024-12-03,South,Food,Rice,6,100,600,Wholesale
2024-06-19,West,Furniture,Bookshelf,6,4000,24000,Retail
2025-06-05,East,Furniture,Chair,6,3000,18000,Retail
2025-01-17,North,Furniture,Sofa,10,15000,150000,Online
2024-07-03,North,Clothing,T-Shirt,1,500,500,Retail
2024-08-20,South,Food,Sugar,4,50,200,Online
2025-03-18,West,Clothing,T-Shirt,7,500,3500,Wholesale
2025-08-04,West,Electronics,Headphones,9,2000,18000,Online
2026-01-11,East,Furniture,Chair,10,3000,30000,Online
2025-05-16,East,Clothing,T-Shirt,10,500,5000,Retail
2025-09-02,West,Furniture,Bookshelf,1,4000,4000,Retail
2024-10-20,West,Furniture,Chair,6,3000,18000,Wholesale
2026-02-28,South,Clothing,Jeans,4,1200,4800,Online
2024-12-24,North,Furniture,Table,7,5000,35000,Retail
2025-12-04,North,Electronics,Mobile Phone,4,15000,60000,Wholesale
2026-01-02,West,Clothing,Jeans,4,1200,4800,Wholesale
2025-01-21,South,Clothing,T-Shirt,8,500,4000,Wholesale
2025-04-29,North,Furniture,Sofa,8,15000,120000,Online
2025-05-29,South,Electronics,Laptop,10,45000,450000,Wholesale
2026-04-03,South,Furniture,Table,5,5000,25000,Wholesale
2025-05-06,South,Food,Rice,2,100,200,Wholesale
2026-05-07,North,Furniture,Sofa,6,15000,90000,Retail
2025-09-29,West,Clothing,Jeans,4,1200,4800,Online
2026-04-30,South,Furniture,Sofa,6,15000,90000,Online
2025-09-11,North,Food,Rice,5,100,500,Retail
2025-07-08,South,Furniture,Sofa,4,15000,60000,Online
2025-01-09,West,Electronics,Laptop,3,45000,135000,Retail
2024-09-10,East,Electronics,Laptop,9,45000,405000,Retail
2025-05-16,West,Electronics,Laptop,7,45000,315000,Retail
2026-05-28,South,Furniture,Table,6,5000,30000,Online
2024-09-09,West,Furniture,Table,5,5000,25000,Retail
2025-10-08,West,Food,Coffee,1,300,300,Retail
2026-02-25,South,Clothing,Jeans,6,1200,7200,Retail
2024-10-03,North,Electronics,Laptop,8,45000,360000,Online
2025-03-12,North,Furniture,Chair,6,3000,18000,Online
2024-07-23,North,Furniture,Sofa,6,15000,90000,Online
2025-03-12,North,Electronics,Laptop,9,45000,405000,Online
2025-10-11,West,Electronics,Headphones,1,2000,2000,Retail
2025-07-05,North,Electronics,Laptop,1,45000,45000,Wholesale
2025-03-24,North,Clothing,Kurta,2,800,1600,Retail
2026-04-23,North,Food,Rice,8,100,800,Online
2025-12-11,East,Electronics,Tablet,9,20000,180000,Retail
2026-03-10,East,Food,Rice,5,100,500,Online
2024-06-06,East,Furniture,Table,9,5000,45000,Retail
2025-01-27,West,Electronics,Mobile Phone,4,15000,60000,Retail
2025-09-16,South,Electronics,Headphones,4,2000,8000,Retail
2026-03-03,North,Electronics,Tablet,9,20000,180000,Online
2025-06-24,South,Electronics,Laptop,2,45000,90000,Wholesale
2024-08-25,North,Clothing,T-Shirt,9,500,4500,Online
2025-07-16,East,Electronics,Headphones,5,2000,10000,Online
2025-05-31,North,Furniture,Bookshelf,9,4000,36000,Retail
2024-11-19,East,Furniture,Sofa,10,15000,150000,Wholesale
2025-04-19,South,Clothing,T-Shirt,8,500,4000,Wholesale
2025-06-24,North,Food,Sugar,8,50,400,Online
2025-12-21,West,Clothing,Jeans,8,1200,9600,Wholesale
2025-03-12,North,Electronics,Headphones,1,2000,2000,Retail
2024-11-16,North,Furniture,Chair,8,3000,24000,Online
2025-04-30,East,Electronics,Mobile Phone,7,15000,105000,Online
2025-06-10,North,Food,Oil,8,200,1600,Wholesale
2024-12-14,East,Furniture,Bookshelf,4,4000,16000,Online
2025-09-20,North,Food,Rice,7,100,700,Retail
2025-09-19,West,Electronics,Tablet,3,20000,60000,Online
2026-01-04,East,Clothing,Saree,10,3000,30000,Wholesale
2026-03-09,West,Electronics,Headphones,6,2000,12000,Online
2026-01-28,East,Furniture,Bookshelf,8,4000,32000,Retail
2025-11-19,South,Electronics,Tablet,3,20000,60000,Retail
2025-03-05,West,Furniture,Bookshelf,9,4000,36000,Wholesale
2025-12-29,East,Electronics,Mobile Phone,1,15000,15000,Retail
2025-02-26,North,Clothing,Kurta,1,800,800,Online
2024-12-30,South,Electronics,Laptop,4,45000,180000,Retail
2024-12-06,South,Food,Coffee,1,300,300,Online
2025-04-30,South,Furniture,Sofa,6,15000,90000,Retail
2026-05-30,East,Electronics,Laptop,3,45000,135000,Retail
2024-10-16,South,Electronics,Tablet,3,20000,60000,Online
2024-06-14,West,Electronics,Mobile Phone,9,15000,135000,Retail
2025-12-15,East,Clothing,T-Shirt,3,500,1500,Wholesale
2024-09-01,North,Food,Rice,4,100,400,Online
2025-07-19,South,Food,Coffee,8,300,2400,Online
2025-05-09,North,Electronics,Headphones,2,2000,4000,Online
2026-04-13,South,Electronics,Mobile Phone,7,15000,105000,Wholesale
2025-01-23,South,Furniture,Chair,10,3000,30000,Online
2025-05-27,West,Clothing,T-Shirt,10,500,5000,Retail
2026-02-26,North,Furniture,Bookshelf,8,4000,32000,Online
2025-08-17,West,Clothing,Jeans,3,1200,3600,Wholesale
2024-11-18,South,Clothing,Jeans,10,1200,12000,Retail
2025-11-11,East,Furniture,Table,10,5000,50000,Online
2025-06-05,West,Food,Coffee,10,300,3000,Online
2025-01-12,South,Clothing,Saree,2,3000,6000,Retail
2026-02-16,North,Furniture,Table,7,5000,35000,Retail
2026-02-06,South,Electronics,Tablet,9,20000,180000,Wholesale
2025-02-02,West,Furniture,Chair,6,3000,18000,Online
2025-08-08,South,Food,Rice,3,100,300,Retail
2026-02-15,South,Electronics,Laptop,4,45000,180000,Retail
2026-02-24,South,Clothing,T-Shirt,4,500,2000,Wholesale
2025-10-31,East,Furniture,Sofa,3,15000,45000,Retail
2024-12-25,West,Electronics,Headphones,7,2000,14000,Retail
2025-06-01,West,Clothing,T-Shirt,3,500,1500,Retail
2025-12-20,West,Clothing,T-Shirt,2,500,1000,Wholesale
2025-11-21,West,Clothing,Kurta,5,800,4000,Wholesale
2025-12-29,East,Food,Coffee,2,300,600,Wholesale
2025-07-14,East,Food,Rice,3,100,300,Retail
2024-11-03,North,Furniture,Sofa,1,15000,15000,Wholesale
2024-07-21,South,Food,Rice,8,100,800,Wholesale
2026-03-31,South,Electronics,Laptop,6,45000,270000,Online
2026-03-25,West,Electronics,Mobile Phone,6,15000,90000,Online
2024-09-20,South,Food,Oil,2,200,400,Online
2025-12-25,North,Food,Oil,5,200,1000,Online
2024-11-24,North,Clothing,T-Shirt,5,500,2500,Retail
2026-04-14,North,Food,Oil,10,200,2000,Wholesale
2026-05-04,West,Furniture,Table,2,5000,10000,Online
2025-05-26,West,Clothing,T-Shirt,5,500,2500,Wholesale
2025-10-15,East,Furniture,Sofa,5,15000,75000,Retail
2026-05-24,East,Furniture,Bookshelf,4,4000,16000,Retail
2025-06-25,East,Furniture,Table,6,5000,30000,Retail
2025-07-17,North,Clothing,T-Shirt,1,500,500,Wholesale
2026-03-31,North,Food,Rice,1,100,100,Online
2025-02-23,West,Clothing,T-Shirt,5,500,2500,Online
2024-06-14,North,Furniture,Chair,4,3000,12000,Retail
2025-02-09,South,Clothing,T-Shirt,2,500,1000,Wholesale
2025-11-20,North,Food,Oil,2,200,400,Online
2024-12-05,North,Clothing,Kurta,2,800,1600,Retail
2024-12-13,East,Food,Oil,5,200,1000,Online
2025-08-11,South,Furniture,Sofa,8,15000,120000,Wholesale
2025-04-26,South,Food,Rice,4,100,400,Wholesale
2025-03-24,South,Electronics,Headphones,10,2000,20000,Wholesale
2024-09-28,West,Electronics,Tablet,7,20000,140000,Online
2026-04-05,North,Clothing,Saree,8,3000,24000,Retail
2025-12-07,West,Food,Coffee,6,300,1800,Online
2026-02-03,South,Food,Sugar,2,50,100,Online
2024-12-31,North,Furniture,Bookshelf,7,4000,28000,Retail
2026-04-08,East,Furniture,Sofa,3,15000,45000,Retail
2026-03-12,East,Furniture,Table,1,5000,5000,Wholesale
2024-11-05,East,Furniture,Bookshelf,6,4000,24000,Wholesale
2025-08-15,East,Electronics,Laptop,7,45000,315000,Online
2024-07-14,North,Electronics,Headphones,5,2000,10000,Retail
2025-03-04,South,Electronics,Tablet,9,20000,180000,Retail
2024-08-20,West,Electronics,Mobile Phone,1,15000,15000,Retail
2024-12-19,West,Clothing,Kurta,8,800,6400,Retail
2025-02-08,South,Clothing,Jeans,1,1200,1200,Retail
2025-03-08,South,Furniture,Chair,9,3000,27000,Online
2025-09-11,East,Clothing,T-Shirt,8,500,4000,Wholesale
2025-08-13,West,Food,Oil,6,200,1200,Online
2025-06-17,North,Food,Coffee,9,300,2700,Wholesale
2024-12-17,South,Furniture,Bookshelf,8,4000,32000,Wholesale
2026-03-03,East,Electronics,Laptop,9,45000,405000,Online
2026-03-07,West,Furniture,Sofa,9,15000,135000,Wholesale
2026-02-07,North,Clothing,Kurta,1,800,800,Online
2025-07-17,West,Electronics,Laptop,1,45000,45000,Wholesale
2025-10-05,East,Electronics,Headphones,9,2000,18000,Wholesale
2024-08-24,East,Electronics,Mobile Phone,10,15000,150000,Wholesale
2025-03-16,South,Electronics,Tablet,3,20000,60000,Wholesale
2024-09-17,North,Clothing,Jeans,6,1200,7200,Online
2025-08-27,South,Furniture,Chair,2,3000,6000,Online
2026-03-01,North,Food,Rice,1,100,100,Wholesale
2025-10-29,West,Furniture,Sofa,7,15000,105000,Retail
2024-10-12,South,Clothing,Jeans,4,1200,4800,Retail
2025-05-12,North,Clothing,Kurta,1,800,800,Online
2024-09-08,North,Electronics,Mobile Phone,10,15000,150000,Wholesale
2025-09-07,East,Furniture,Bookshelf,2,4000,8000,Retail
2026-02-22,South,Electronics,Laptop,1,45000,45000,Retail
2025-11-21,North,Electronics,Headphones,9,2000,18000,Wholesale
2024-08-04,West,Food,Coffee,9,300,2700,Retail
2026-03-27,South,Furniture,Chair,3,3000,9000,Retail
2025-06-13,West,Electronics,Headphones,5,2000,10000,Retail
2025-07-04,East,Furniture,Chair,7,3000,21000,Online
2024-09-08,South,Electronics,Laptop,5,45000,225000,Online
2026-05-20,North,Electronics,Laptop,7,45000,315000,Online
2025-01-23,North,Furniture,Bookshelf,8,4000,32000,Online
2024-09-29,North,Food,Rice,7,100,700,Online
2024-08-18,East,Food,Rice,10,100,1000,Retail
2024-06-11,East,Electronics,Tablet,5,20000,100000,Retail
2025-11-29,East,Clothing,Kurta,7,800,5600,Retail
2025-08-02,North,Food,Sugar,6,50,300,Online
2026-04-17,South,Furniture,Chair,3,3000,9000,Wholesale
2025-02-18,South,Electronics,Mobile Phone,9,15000,135000,Retail
2026-04-27,South,Electronics,Laptop,2,45000,90000,Retail
2024-12-01,East,Food,Oil,1,200,200,Wholesale
2025-06-14,West,Furniture,Chair,10,3000,30000,Online
2025-06-18,East,Furniture,Sofa,10,15000,150000,Retail
2024-09-15,South,Clothing,Saree,6,3000,18000,Wholesale
2025-12-19,South,Electronics,Headphones,3,2000,6000,Online
2026-04-27,South,Electronics,Headphones,3,2000,6000,Retail
2025-03-01,West,Food,Oil,4,200,800,Wholesale
2024-08-29,East,Electronics,Laptop,6,45000,270000,Wholesale
2024-11-10,East,Furniture,Sofa,5,15000,75000,Retail
2026-04-22,East,Electronics,Tablet,3,20000,60000,Retail
2024-09-05,East,Food,Sugar,8,50,400,Wholesale
2025-11-11,West,Clothing,Jeans,3,1200,3600,Retail
2025-07-12,North,Clothing,T-Shirt,2,500,1000,Online
2024-11-04,South,Food,Sugar,5,50,250,Online
2025-06-29,South,Electronics,Mobile Phone,5,15000,75000,Wholesale
2024-09-29,North,Electronics,Laptop,2,45000,90000,Retail
2024-11-22,East,Food,Coffee,7,300,2100,Wholesale
2024-09-23,East,Clothing,Saree,7,3000,21000,Retail
2025-07-07,North,Clothing,Saree,2,3000,6000,Retail
2025-10-21,East,Electronics,Headphones,10,2000,20000,Retail
2024-07-04,North,Electronics,Mobile Phone,4,15000,60000,Retail
2025-08-01,West,Clothing,T-Shirt,3,500,1500,Wholesale
2024-12-31,West,Clothing,Saree,5,3000,15000,Wholesale
2024-11-30,North,Clothing,Saree,8,3000,24000,Retail
2025-12-03,West,Furniture,Chair,9,3000,27000,Wholesale
2026-04-05,East,Clothing,Saree,8,3000,24000,Wholesale
2025-07-20,North,Furniture,Table,7,5000,35000,Retail
2025-07-20,South,Food,Oil,1,200,200,Wholesale
2026-03-16,West,Furniture,Bookshelf,9,4000,36000,Online
2024-09-17,West,Food,Sugar,4,50,200,Online
2026-02-27,South,Furniture,Chair,8,3000,24000,Retail
2025-01-26,South,Clothing,Saree,8,3000,24000,Retail
2024-06-04,South,Food,Oil,10,200,2000,Retail
2025-03-10,South,Food,Oil,6,200,1200,Retail
2026-03-16,West,Clothing,Kurta,5,800,4000,Wholesale
2024-11-27,South,Clothing,Kurta,9,800,7200,Online
2025-03-19,South,Electronics,Mobile Phone,3,15000,45000,Retail
2026-04-27,South,Furniture,Bookshelf,5,4000,20000,Wholesale
2025-05-03,North,Electronics,Tablet,5,20000,100000,Retail
2025-03-18,North,Furniture,Bookshelf,10,4000,40000,Online
2025-04-16,East,Clothing,Jeans,5,1200,6000,Retail
2025-05-12,North,Electronics,Laptop,1,45000,45000,Retail
2026-04-25,North,Electronics,Headphones,7,2000,14000,Wholesale
2025-03-26,East,Food,Coffee,3,300,900,Wholesale
2024-08-10,South,Clothing,Jeans,2,1200,2400,Online
2025-07-15,North,Clothing,T-Shirt,8,500,4000,Retail
2024-06-28,North,Electronics,Tablet,10,20000,200000,Wholesale
2025-10-31,South,Food,Sugar,6,50,300,Retail
2025-10-02,West,Furniture,Table,1,5000,5000,Wholesale
2026-04-05,North,Food,Coffee,1,300,300,Wholesale
2025-11-24,North,Furniture,Sofa,6,15000,90000,Retail
2025-11-23,East,Food,Oil,6,200,1200,Online
2024-06-10,West,Electronics,Tablet,6,20000,120000,Online
2024-11-19,West,Food,Oil,1,200,200,Online
2025-03-11,North,Furniture,Sofa,1,15000,15000,Retail
2026-04-03,North,Furniture,Sofa,2,15000,30000,Wholesale
2026-01-17,East,Clothing,Saree,7,3000,21000,Retail
2024-12-09,North,Food,Sugar,9,50,450,Wholesale
2024-12-20,East,Clothing,T-Shirt,1,500,500,Retail
2025-04-17,South,Food,Coffee,4,300,1200,Wholesale
2026-02-23,South,Clothing,Saree,1,3000,3000,Wholesale
2025-11-26,West,Electronics,Tablet,3,20000,60000,Wholesale
2025-09-12,North,Clothing,T-Shirt,10,500,5000,Online
2026-03-15,West,Clothing,Saree,7,3000,21000,Retail
2024-11-04,East,Electronics,Headphones,6,2000,12000,Online
2025-06-03,West,Clothing,Kurta,9,800,7200,Wholesale
2025-10-29,West,Electronics,Tablet,2,20000,40000,Wholesale
2024-11-24,North,Furniture,Sofa,4,15000,60000,Online
2026-03-27,West,Electronics,Headphones,2,2000,4000,Online
2025-12-20,North,Food,Sugar,4,50,200,Wholesale
2024-07-12,East,Furniture,Sofa,9,15000,135000,Retail
2024-11-28,North,Food,Rice,6,100,600,Online
2025-09-15,West,Clothing,Jeans,1,1200,1200,Online
2025-11-14,West,Furniture,Table,6,5000,30000,Retail
2025-01-19,East,Electronics,Headphones,7,2000,14000,Retail
2024-06-26,North,Electronics,Mobile Phone,6,15000,90000,Online
2024-12-12,East,Furniture,Table,9,5000,45000,Wholesale
2025-12-20,North,Clothing,Saree,6,3000,18000,Wholesale
2026-01-04,South,Furniture,Chair,2,3000,6000,Retail
2025-03-09,West,Clothing,Saree,8,3000,24000,Wholesale
2025-05-02,South,Clothing,Saree,1,3000,3000,Wholesale
2025-08-30,North,Electronics,Mobile Phone,3,15000,45000,Wholesale
2026-04-19,East,Furniture,Chair,3,3000,9000,Retail
2025-05-19,North,Food,Coffee,9,300,2700,Online
2024-07-16,South,Clothing,Kurta,9,800,7200,Retail
2025-07-28,East,Food,Oil,7,200,1400,Online
2026-01-20,West,Furniture,Sofa,9,15000,135000,Online
2024-10-02,West,Electronics,Mobile Phone,6,15000,90000,Wholesale
2026-02-09,West,Clothing,Kurta,8,800,6400,Online
2026-03-25,North,Furniture,Bookshelf,5,4000,20000,Retail
2024-12-29,West,Furniture,Chair,7,3000,21000,Wholesale
2026-03-15,West,Food,Oil,7,200,1400,Retail
2025-03-12,North,Furniture,Sofa,8,15000,120000,Online
2025-06-14,West,Clothing,Saree,9,3000,27000,Online
2024-09-04,South,Clothing,Jeans,6,1200,7200,Wholesale
2025-02-28,North,Electronics,Headphones,10,2000,20000,Wholesale
2025-10-27,South,Clothing,T-Shirt,9,500,4500,Online
2025-09-28,East,Food,Oil,6,200,1200,Wholesale
2025-11-28,West,Clothing,Saree,1,3000,3000,Online
2025-01-23,North,Electronics,Laptop,2,45000,90000,Retail
2026-05-04,West,Electronics,Headphones,1,2000,2000,Wholesale
2024-07-28,North,Clothing,Kurta,10,800,8000,Retail
2025-11-02,East,Electronics,Tablet,8,20000,160000,Retail
2025-07-18,West,Electronics,Tablet,3,20000,60000,Wholesale
2025-05-11,North,Food,Coffee,3,300,900,Retail
2025-12-13,West,Furniture,Chair,10,3000,30000,Retail
2025-01-01,West,Electronics,Tablet,9,20000,180000,Online
2026-05-26,North,Electronics,Tablet,1,20000,20000,Wholesale
2025-12-11,West,Electronics,Headphones,7,2000,14000,Online
2025-05-15,East,Food,Rice,3,100,300,Retail
2024-10-16,North,Clothing,T-Shirt,6,500,3000,Retail
2025-02-24,North,Furniture,Bookshelf,10,4000,40000,Retail
2025-08-28,East,Electronics,Headphones,9,2000,18000,Retail
2025-12-28,West,Food,Rice,5,100,500,Online
2025-10-10,South,Clothing,Saree,2,3000,6000,Online
2025-04-18,West,Clothing,T-Shirt,5,500,2500,Retail
2025-04-22,South,Electronics,Headphones,9,2000,18000,Online
2024-10-12,East,Furniture,Sofa,3,15000,45000,Retail
2026-03-30,West,Furniture,Bookshelf,4,4000,16000,Online
2024-06-06,South,Furniture,Bookshelf,9,4000,36000,Online
2024-08-10,West,Electronics,Laptop,2,45000,90000,Retail
2024-08-02,East,Food,Oil,2,200,400,Online
2025-09-10,South,Clothing,Saree,5,3000,15000,Retail
2024-06-12,West,Food,Rice,10,100,1000,Online
2025-11-08,East,Food,Sugar,1,50,50,Wholesale
2025-12-12,West,Electronics,Laptop,2,45000,90000,Wholesale
2026-03-25,North,Food,Rice,7,100,700,Online
2025-12-06,West,Food,Oil,6,200,1200,Retail
2025-01-09,East,Food,Rice,10,100,1000,Online
2024-07-25,West,Food,Sugar,3,50,150,Retail
2025-02-17,West,Electronics,Mobile Phone,2,15000,30000,Online
2026-01-05,North,Clothing,Kurta,10,800,8000,Wholesale
2024-11-08,East,Electronics,Laptop,2,45000,90000,Retail
2025-08-03,North,Furniture,Bookshelf,5,4000,20000,Wholesale
2025-02-20,West,Electronics,Tablet,8,20000,160000,Wholesale
2025-11-19,West,Clothing,Jeans,2,1200,2400,Online
2025-11-09,West,Furniture,Table,3,5000,15000,Online
2025-01-18,South,Food,Rice,7,100,700,Retail
2026-03-18,South,Food,Sugar,7,50,350,Retail
2026-03-08,East,Electronics,Laptop,1,45000,45000,Online
2025-01-02,West,Furniture,Sofa,10,15000,150000,Retail
2025-11-01,South,Furniture,Chair,2,3000,6000,Retail
2024-09-08,East,Furniture,Chair,2,3000,6000,Wholesale
2026-04-21,South,Clothing,Kurta,10,800,8000,Online
2026-01-01,South,Electronics,Headphones,8,2000,16000,Online
2025-10-15,South,Clothing,Saree,3,3000,9000,Online
2025-04-22,North,Clothing,Saree,5,3000,15000,Online
2025-04-28,West,Clothing,Kurta,7,800,5600,Wholesale
2025-07-17,North,Food,Sugar,2,50,100,Online
2025-09-18,West,Electronics,Laptop,7,45000,315000,Retail
2026-03-08,West,Furniture,Chair,8,3000,24000,Wholesale
2024-11-25,South,Electronics,Tablet,9,20000,180000,Retail
2024-12-28,North,Electronics,Laptop,3,45000,135000,Online
2025-07-20,North,Food,Oil,1,200,200,Online
2025-01-26,West,Electronics,Mobile Phone,10,15000,150000,Online
2025-05-11,East,Furniture,Bookshelf,10,4000,40000,Wholesale
2025-06-27,South,Furniture,Bookshelf,1,4000,4000,Wholesale
2024-12-03,West,Clothing,Jeans,5,1200,6000,Wholesale
2024-09-26,West,Food,Rice,2,100,200,Wholesale
2025-08-31,East,Furniture,Bookshelf,2,4000,8000,Retail
2025-10-24,West,Electronics,Mobile Phone,8,15000,120000,Online
2025-04-16,South,Food,Coffee,1,300,300,Online
2024-11-23,East,Food,Coffee,1,300,300,Wholesale
2026-03-09,East,Clothing,Jeans,1,1200,1200,Online
2025-09-28,West,Food,Sugar,6,50,300,Online
2025-08-21,South,Furniture,Table,8,5000,40000,Retail
2024-06-09,North,Furniture,Table,8,5000,40000,Online
2025-02-27,West,Clothing,T-Shirt,4,500,2000,Online
2024-06-24,South,Clothing,Saree,2,3000,6000,Retail
2025-02-15,East,Furniture,Sofa,7,15000,105000,Online
2025-07-13,North,Electronics,Mobile Phone,8,15000,120000,Wholesale
2024-07-31,South,Electronics,Headphones,2,2000,4000,Retail
2024-08-20,East,Electronics,Laptop,8,45000,360000,Online
2026-02-09,West,Furniture,Bookshelf,6,4000,24000,Online
2024-07-21,East,Food,Rice,10,100,1000,Wholesale
2024-07-24,West,Clothing,Kurta,9,800,7200,Wholesale
2024-12-22,West,Clothing,T-Shirt,3,500,1500,Online
2025-10-15,South,Clothing,Jeans,7,1200,8400,Wholesale
2025-02-16,West,Furniture,Bookshelf,7,4000,28000,Retail
2024-07-01,South,Furniture,Sofa,4,15000,60000,Online
2025-12-15,South,Clothing,Kurta,3,800,2400,Wholesale
2024-06-25,West,Furniture,Bookshelf,1,4000,4000,Online
2025-07-06,North,Electronics,Laptop,9,45000,405000,Wholesale
2025-11-05,North,Clothing,Jeans,6,1200,7200,Online
2024-09-27,North,Furniture,Chair,9,3000,27000,Retail
2024-08-31,South,Furniture,Chair,10,3000,30000,Retail
2025-09-12,West,Furniture,Bookshelf,4,4000,16000,Retail
2026-05-16,East,Electronics,Headphones,10,2000,20000,Retail
2025-03-21,East,Electronics,Laptop,5,45000,225000,Retail
2025-08-18,West,Furniture,Bookshelf,2,4000,8000,Online
2026-05-02,North,Furniture,Chair,10,3000,30000,Online
2024-09-07,North,Clothing,T-Shirt,10,500,5000,Online
2025-03-14,East,Clothing,Jeans,9,1200,10800,Retail
2026-01-26,North,Food,Oil,4,200,800,Retail
2025-05-22,South,Food,Rice,4,100,400,Retail
2025-07-24,South,Furniture,Sofa,6,15000,90000,Wholesale
2025-10-26,East,Electronics,Laptop,2,45000,90000,Wholesale
2025-07-25,East,Furniture,Table,2,5000,10000,Wholesale
2025-05-06,East,Food,Rice,7,100,700,Online
2025-10-31,North,Food,Rice,1,100,100,Online
2026-05-25,West,Furniture,Sofa,5,15000,75000,Retail
2024-12-03,West,Food,Rice,4,100,400,Wholesale
2025-01-25,North,Clothing,Kurta,5,800,4000,Retail
2025-04-02,West,Furniture,Bookshelf,6,4000,24000,Wholesale
2026-04-13,West,Food,Coffee,3,300,900,Retail
2025-03-01,North,Furniture,Bookshelf,3,4000,12000,Retail
2025-06-15,North,Furniture,Bookshelf,2,4000,8000,Retail
2025-01-26,East,Clothing,T-Shirt,3,500,1500,Online
2025-02-10,North,Furniture,Sofa,10,15000,150000,Online
2025-10-03,East,Furniture,Chair,7,3000,21000,Retail
2025-01-04,South,Electronics,Laptop,3,45000,135000,Wholesale
2024-08-15,North,Furniture,Bookshelf,7,4000,28000,Wholesale
2024-09-24,North,Electronics,Headphones,6,2000,12000,Online
2026-04-28,South,Furniture,Sofa,4,15000,60000,Retail
2024-12-27,North,Electronics,Headphones,9,2000,18000,Wholesale
2024-08-24,North,Electronics,Laptop,3,45000,135000,Wholesale
2025-03-03,East,Furniture,Sofa,2,15000,30000,Wholesale
2025-03-24,North,Food,Oil,4,200,800,Wholesale
2024-09-24,North,Electronics,Tablet,4,20000,80000,Online
2026-03-23,West,Furniture,Chair,7,3000,21000,Retail
2025-04-15,South,Clothing,Jeans,2,1200,2400,Retail
2025-02-05,North,Clothing,T-Shirt,8,500,4000,Wholesale
2026-02-06,North,Furniture,Chair,4,3000,12000,Online
2024-09-27,West,Clothing,Saree,5,3000,15000,Wholesale
2025-08-28,North,Food,Oil,8,200,1600,Wholesale
2025-10-31,West,Food,Coffee,4,300,1200,Online
2024-10-26,West,Food,Sugar,6,50,300,Wholesale
2025-07-22,West,Food,Sugar,5,50,250,Online
2025-11-28,East,Food,Oil,9,200,1800,Retail
2025-06-07,South,Electronics,Tablet,9,20000,180000,Wholesale
2025-05-01,West,Furniture,Table,2,5000,10000,Retail
2026-01-15,South,Electronics,Mobile Phone,7,15000,105000,Wholesale
2025-05-22,South,Electronics,Headphones,2,2000,4000,Wholesale
2025-03-28,South,Furniture,Bookshelf,4,4000,16000,Online
2026-01-18,South,Furniture,Chair,8,3000,24000,Retail
2024-08-06,West,Furniture,Bookshelf,6,4000,24000,Wholesale
2024-12-17,East,Clothing,Kurta,2,800,1600,Retail
2025-08-19,West,Furniture,Bookshelf,8,4000,32000,Wholesale
2024-09-03,West,Clothing,Jeans,5,1200,6000,Online
2024-11-05,North,Food,Sugar,10,50,500,Wholesale
2026-03-15,West,Furniture,Bookshelf,6,4000,24000,Retail
2026-04-14,South,Clothing,T-Shirt,2,500,1000,Wholesale
2026-05-20,North,Electronics,Laptop,6,45000,270000,Wholesale
2026-01-23,East,Electronics,Tablet,4,20000,80000,Wholesale
2024-12-27,East,Food,Coffee,4,300,1200,Online
2024-10-08,North,Food,Oil,5,200,1000,Retail
2025-06-21,South,Electronics,Mobile Phone,3,15000,45000,Wholesale
2025-10-16,East,Food,Oil,1,200,200,Retail
2026-03-14,East,Food,Sugar,10,50,500,Online
2025-01-31,South,Food,Coffee,1,300,300,Retail
2025-08-01,South,Furniture,Sofa,10,15000,150000,Wholesale
2024-06-30,East,Furniture,Table,1,5000,5000,Online
2025-06-03,East,Electronics,Laptop,10,45000,450000,Online
2025-08-18,West,Furniture,Chair,5,3000,15000,Wholesale
2026-03-04,North,Electronics,Mobile Phone,1,15000,15000,Online
2025-10-25,North,Furniture,Table,8,5000,40000,Online
2025-06-15,West,Electronics,Tablet,5,20000,100000,Online
2025-05-10,West,Electronics,Tablet,2,20000,40000,Wholesale
2024-11-04,South,Food,Coffee,10,300,3000,Wholesale
2024-12-24,South,Furniture,Sofa,4,15000,60000,Online
2025-11-09,West,Clothing,T-Shirt,10,500,5000,Retail
2025-11-26,North,Clothing,Kurta,2,800,1600,Wholesale
2025-10-06,West,Electronics,Mobile Phone,9,15000,135000,Retail
2025-06-21,South,Food,Sugar,1,50,50,Online
2025-02-13,North,Electronics,Mobile Phone,4,15000,60000,Online
2025-04-10,West,Clothing,Kurta,6,800,4800,Retail
2025-11-07,West,Food,Oil,10,200,2000,Wholesale
2025-12-24,East,Clothing,Kurta,1,800,800,Online
2025-09-17,West,Electronics,Mobile Phone,1,15000,15000,Online
2025-08-24,North,Food,Oil,4,200,800,Retail
2024-09-17,West,Clothing,Saree,8,3000,24000,Retail
2025-05-08,East,Furniture,Bookshelf,4,4000,16000,Online
2026-03-15,South,Food,Oil,10,200,2000,Wholesale
2025-02-20,South,Electronics,Mobile Phone,4,15000,60000,Retail
2025-04-11,West,Food,Coffee,4,300,1200,Retail
2024-09-23,West,Clothing,Kurta,5,800,4000,Online
2024-08-22,East,Furniture,Chair,7,3000,21000,Retail
2025-02-11,North,Electronics,Headphones,4,2000,8000,Wholesale
2024-08-19,South,Clothing,Saree,4,3000,12000,Online
2025-02-11,West,Clothing,T-Shirt,10,500,5000,Wholesale
2024-09-19,North,Electronics,Laptop,1,45000,45000,Wholesale
2024-10-28,East,Clothing,Saree,6,3000,18000,Retail
2025-10-18,North,Food,Sugar,1,50,50,Online
2025-03-14,West,Furniture,Sofa,4,15000,60000,Wholesale
2024-08-30,West,Clothing,Jeans,10,1200,12000,Retail
2024-06-07,West,Furniture,Bookshelf,4,4000,16000,Wholesale
2025-04-13,North,Furniture,Sofa,2,15000,30000,Retail
2024-07-13,South,Food,Oil,3,200,600,Retail
2026-02-26,West,Furniture,Table,10,5000,50000,Online
2024-10-31,South,Furniture,Sofa,1,15000,15000,Wholesale
2026-02-22,East,Food,Rice,3,100,300,Retail
2026-05-02,East,Electronics,Tablet,8,20000,160000,Retail
2024-06-10,South,Furniture,Table,2,5000,10000,Online
2026-04-06,West,Electronics,Laptop,5,45000,225000,Online
2024-09-16,West,Food,Coffee,5,300,1500,Wholesale
2025-05-19,North,Furniture,Sofa,5,15000,75000,Online
2024-12-29,East,Food,Coffee,10,300,3000,Online
2024-11-09,East,Furniture,Sofa,8,15000,120000,Wholesale
2025-05-01,South,Electronics,Laptop,2,45000,90000,Online
2026-01-13,North,Furniture,Table,8,5000,40000,Wholesale
2024-09-11,East,Furniture,Table,2,5000,10000,Retail
2024-10-08,West,Furniture,Chair,8,3000,24000,Retail
2025-06-30,South,Food,Coffee,3,300,900,Retail
2024-06-30,South,Food,Rice,1,100,100,Retail
2025-07-06,West,Clothing,Kurta,1,800,800,Online
2024-08-13,West,Electronics,Mobile Phone,2,15000,30000,Retail
2026-04-27,West,Electronics,Tablet,6,20000,120000,Online
2025-06-14,North,Furniture,Bookshelf,5,4000,20000,Wholesale
2025-10-13,East,Clothing,Kurta,4,800,3200,Retail
2024-11-21,East,Electronics,Headphones,6,2000,12000,Retail
2024-12-04,North,Clothing,Jeans,7,1200,8400,Retail
2025-08-18,West,Electronics,Tablet,9,20000,180000,Retail
2025-10-19,North,Clothing,Jeans,1,1200,1200,Online
2025-11-27,South,Food,Oil,1,200,200,Retail
2025-12-04,South,Electronics,Laptop,7,45000,315000,Online
2025-06-02,South,Clothing,Saree,9,3000,27000,Online
2024-10-10,North,Clothing,T-Shirt,4,500,2000,Retail
2025-03-04,West,Food,Rice,2,100,200,Online
2024-07-08,West,Food,Coffee,5,300,1500,Online
2026-02-06,South,Clothing,T-Shirt,6,500,3000,Wholesale
2026-01-28,South,Electronics,Headphones,6,2000,12000,Wholesale
2024-12-23,North,Electronics,Tablet,2,20000,40000,Retail
2025-12-25,East,Furniture,Table,1,5000,5000,Retail
2024-12-10,West,Furniture,Chair,5,3000,15000,Online
2026-04-30,West,Electronics,Laptop,3,45000,135000,Online
2024-11-01,West,Electronics,Tablet,9,20000,180000,Retail
2026-06-03,South,Clothing,Kurta,3,800,2400,Retail
2025-08-30,North,Clothing,T-Shirt,7,500,3500,Retail
2024-07-20,West,Food,Oil,10,200,2000,Wholesale
2024-09-21,West,Electronics,Mobile Phone,4,15000,60000,Wholesale
2026-05-01,North,Furniture,Chair,3,3000,9000,Retail
2026-04-11,West,Electronics,Tablet,5,20000,100000,Retail
2025-06-19,West,Food,Sugar,8,50,400,Online
2024-12-20,South,Furniture,Bookshelf,2,4000,8000,Wholesale
2025-08-02,East,Electronics,Tablet,3,20000,60000,Retail
2024-06-12,South,Furniture,Chair,8,3000,24000,Retail
2025-12-30,West,Furniture,Table,6,5000,30000,Online
2025-01-25,South,Food,Oil,1,200,200,Wholesale
2024-07-20,North,Food,Coffee,10,300,3000,Retail
2024-12-16,South,Food,Rice,7,100,700,Retail
2026-02-26,East,Clothing,Saree,1,3000,3000,Wholesale
2026-06-03,North,Food,Coffee,2,300,600,Online
2026-04-29,East,Furniture,Sofa,8,15000,120000,Retail
2025-04-26,South,Clothing,Jeans,10,1200,12000,Wholesale
2025-05-19,South,Electronics,Laptop,9,45000,405000,Online
2024-08-14,South,Furniture,Chair,4,3000,12000,Online
2024-09-29,East,Electronics,Mobile Phone,8,15000,120000,Retail
2024-06-21,South,Clothing,Saree,4,3000,12000,Online
2025-02-21,East,Food,Sugar,2,50,100,Wholesale
2025-01-08,South,Electronics,Tablet,4,20000,80000,Wholesale
2026-03-26,North,Furniture,Bookshelf,2,4000,8000,Retail
2024-12-29,East,Furniture,Table,10,5000,50000,Wholesale
2025-10-08,South,Food,Oil,9,200,1800,Retail
2025-09-14,West,Furniture,Table,4,5000,20000,Online
2024-10-09,East,Furniture,Chair,2,3000,6000,Online
2024-12-15,West,Furniture,Table,7,5000,35000,Online
2024-08-11,East,Furniture,Table,7,5000,35000,Online
2025-02-24,West,Clothing,Kurta,1,800,800,Retail
2025-01-07,East,Clothing,Saree,3,3000,9000,Wholesale
2025-03-07,West,Furniture,Sofa,9,15000,135000,Online
2024-09-30,North,Electronics,Laptop,7,45000,315000,Wholesale
2025-10-29,North,Furniture,Table,7,5000,35000,Retail
2026-04-20,North,Food,Sugar,10,50,500,Retail
2025-01-30,East,Clothing,Jeans,5,1200,6000,Retail
2025-04-09,West,Furniture,Sofa,3,15000,45000,Wholesale
2025-07-25,East,Electronics,Mobile Phone,6,15000,90000,Retail
2024-10-30,West,Electronics,Laptop,5,45000,225000,Retail
2024-07-19,North,Furniture,Bookshelf,9,4000,36000,Retail
2026-05-22,North,Clothing,T-Shirt,3,500,1500,Wholesale
2025-03-01,South,Food,Sugar,6,50,300,Online
2024-07-21,East,Electronics,Laptop,4,45000,180000,Retail
2025-06-03,East,Clothing,Saree,1,3000,3000,Retail
2024-07-31,North,Electronics,Mobile Phone,4,15000,60000,Online
2025-10-06,West,Food,Oil,6,200,1200,Retail
2025-11-12,South,Clothing,T-Shirt,6,500,3000,Online
2025-12-23,North,Clothing,Jeans,10,1200,12000,Retail
2024-08-20,North,Furniture,Chair,8,3000,24000,Online
2025-05-14,East,Clothing,Jeans,4,1200,4800,Online
2025-04-25,East,Furniture,Table,3,5000,15000,Online
2024-11-23,East,Electronics,Headphones,2,2000,4000,Online
2026-02-24,West,Clothing,Kurta,8,800,6400,Wholesale
2024-07-03,West,Clothing,Jeans,6,1200,7200,Retail
2026-01-20,South,Clothing,Jeans,4,1200,4800,Wholesale
2025-01-15,East,Clothing,T-Shirt,8,500,4000,Online
2026-01-24,South,Electronics,Mobile Phone,2,15000,30000,Online
2025-01-07,East,Clothing,Saree,7,3000,21000,Online
2024-08-17,West,Electronics,Tablet,7,20000,140000,Online
2025-07-16,East,Clothing,Saree,2,3000,6000,Wholesale
2026-06-01,North,Clothing,Jeans,7,1200,8400,Retail
2024-11-06,North,Electronics,Laptop,3,45000,135000,Online
2026-03-23,South,Electronics,Mobile Phone,3,15000,45000,Online
2024-10-17,West,Furniture,Bookshelf,5,4000,20000,Retail
2024-12-09,West,Electronics,Tablet,8,20000,160000,Online
2024-06-12,West,Food,Oil,1,200,200,Online
2024-11-10,East,Furniture,Chair,6,3000,18000,Online
2026-04-26,North,Clothing,Kurta,1,800,800,Online
2025-04-26,South,Furniture,Chair,10,3000,30000,Online
2024-12-29,East,Clothing,Jeans,9,1200,10800,Online
2025-04-29,South,Food,Sugar,4,50,200,Online
2024-10-16,South,Food,Rice,2,100,200,Retail
2024-12-03,West,Clothing,Saree,9,3000,27000,Retail
2025-08-15,East,Food,Sugar,3,50,150,Retail
2024-10-16,West,Furniture,Table,4,5000,20000,Wholesale
2024-12-31,South,Furniture,Sofa,6,15000,90000,Retail
2024-08-20,South,Food,Rice,4,100,400,Online
2026-01-20,East,Food,Coffee,4,300,1200,Wholesale
2026-03-10,North,Electronics,Laptop,10,45000,450000,Online
2025-01-07,North,Electronics,Headphones,1,2000,2000,Wholesale
2025-05-02,East,Clothing,Kurta,8,800,6400,Online
2025-11-28,South,Clothing,T-Shirt,5,500,2500,Online
2026-04-16,West,Food,Oil,8,200,1600,Wholesale
2024-06-30,South,Furniture,Sofa,10,15000,150000,Retail
2025-03-20,West,Food,Rice,4,100,400,Online
2026-04-23,East,Electronics,Tablet,7,20000,140000,Online
2025-11-04,South,Food,Sugar,3,50,150,Wholesale
2025-10-25,South,Electronics,Laptop,5,45000,225000,Wholesale
2026-03-28,South,Clothing,Saree,10,3000,30000,Wholesale
2025-11-27,East,Food,Sugar,5,50,250,Retail
2024-09-17,South,Furniture,Sofa,5,15000,75000,Retail
2025-07-16,West,Furniture,Chair,9,3000,27000,Wholesale
2025-07-24,East,Food,Sugar,9,50,450,Online
2026-02-03,South,Electronics,Headphones,6,2000,12000,Wholesale
2026-03-14,East,Food,Sugar,8,50,400,Online
2026-05-22,South,Electronics,Laptop,6,45000,270000,Retail
2024-07-25,South,Food,Sugar,7,50,350,Wholesale
2025-05-26,South,Furniture,Table,7,5000,35000,Wholesale
2024-07-03,East,Furniture,Table,1,5000,5000,Online
2024-12-11,North,Clothing,Kurta,10,800,8000,Retail
2024-11-29,South,Furniture,Bookshelf,4,4000,16000,Wholesale
2024-11-22,West,Food,Coffee,4,300,1200,Retail
2026-02-09,South,Furniture,Sofa,10,15000,150000,Retail
2025-02-06,West,Electronics,Laptop,8,45000,360000,Wholesale
2025-11-09,West,Clothing,Jeans,6,1200,7200,Retail
2026-02-01,East,Electronics,Headphones,4,2000,8000,Wholesale
2024-09-27,East,Furniture,Chair,5,3000,15000,Retail
2026-01-19,West,Furniture,Table,5,5000,25000,Online
2025-09-11,South,Electronics,Laptop,6,45000,270000,Retail
2025-11-06,North,Furniture,Table,9,5000,45000,Wholesale
2026-01-02,East,Electronics,Tablet,5,20000,100000,Online
2025-07-03,West,Food,Oil,8,200,1600,Wholesale
2025-10-04,East,Furniture,Table,6,5000,30000,Online
2024-08-17,South,Food,Oil,9,200,1800,Wholesale
2025-01-28,East,Food,Coffee,5,300,1500,Wholesale
2025-06-25,West,Clothing,Kurta,1,800,800,Online
2024-07-07,East,Furniture,Chair,5,3000,15000,Online
2025-12-12,West,Food,Rice,5,100,500,Retail
2025-02-17,West,Furniture,Sofa,10,15000,150000,Online
2024-11-30,South,Food,Rice,4,100,400,Online
2025-09-20,West,Furniture,Sofa,9,15000,135000,Wholesale
2026-04-14,South,Clothing,T-Shirt,8,500,4000,Retail
2025-06-19,North,Food,Coffee,3,300,900,Online
2025-10-12,East,Clothing,Saree,2,3000,6000,Online
2026-05-11,South,Food,Oil,9,200,1800,Online
2025-12-01,West,Furniture,Chair,3,3000,9000,Retail
2025-11-06,West,Clothing,Jeans,7,1200,8400,Wholesale
2024-06-24,East,Electronics,Tablet,6,20000,120000,Online
2026-02-22,North,Food,Rice,5,100,500,Retail
2025-11-10,East,Furniture,Bookshelf,10,4000,40000,Wholesale
2025-06-19,East,Food,Rice,10,100,1000,Online
2025-10-22,North,Food,Coffee,9,300,2700,Wholesale
2025-06-01,North,Clothing,T-Shirt,2,500,1000,Retail
2025-10-09,South,Clothing,Jeans,7,1200,8400,Wholesale
2024-08-22,East,Clothing,T-Shirt,5,500,2500,Wholesale
2024-12-12,South,Furniture,Table,9,5000,45000,Wholesale
2025-08-26,North,Electronics,Laptop,8,45000,360000,Online
2025-05-11,East,Electronics,Laptop,2,45000,90000,Retail
2025-09-26,East,Electronics,Laptop,3,45000,135000,Retail
2025-04-30,North,Electronics,Mobile Phone,3,15000,45000,Retail
2025-06-12,West,Electronics,Tablet,10,20000,200000,Retail
2025-08-06,South,Clothing,Jeans,6,1200,7200,Wholesale
2024-07-12,East,Electronics,Headphones,1,2000,2000,Online
2025-01-01,North,Electronics,Laptop,8,45000,360000,Online
2025-11-09,North,Furniture,Bookshelf,5,4000,20000,Wholesale
2026-04-22,West,Furniture,Chair,4,3000,12000,Wholesale
2025-08-15,West,Clothing,Kurta,9,800,7200,Online
2025-11-10,North,Clothing,Kurta,9,800,7200,Wholesale
2026-03-28,North,Food,Sugar,3,50,150,Wholesale
2025-10-20,East,Furniture,Chair,2,3000,6000,Wholesale
2025-03-18,South,Electronics,Tablet,3,20000,60000,Retail
2025-06-24,North,Electronics,Headphones,10,2000,20000,Retail
2025-08-29,West,Food,Rice,9,100,900,Wholesale
2024-10-12,West,Clothing,Saree,10,3000,30000,Online
2026-04-21,West,Electronics,Headphones,3,2000,6000,Retail
2026-01-16,West,Clothing,T-Shirt,5,500,2500,Wholesale
2024-09-21,East,Clothing,Saree,10,3000,30000,Wholesale
2024-10-08,East,Electronics,Headphones,9,2000,18000,Wholesale
2024-07-19,South,Furniture,Bookshelf,4,4000,16000,Wholesale
2025-11-26,East,Furniture,Table,3,5000,15000,Online
2026-03-31,South,Furniture,Table,6,5000,30000,Online
2026-05-23,East,Food,Coffee,2,300,600,Wholesale
2025-10-08,South,Electronics,Headphones,8,2000,16000,Online
2025-12-14,South,Food,Oil,7,200,1400,Retail
2024-08-01,East,Food,Sugar,8,50,400,Retail
2024-09-25,South,Electronics,Mobile Phone,3,15000,45000,Wholesale
2025-10-27,West,Clothing,Jeans,8,1200,9600,Retail
2024-08-03,North,Food,Coffee,10,300,3000,Retail
2024-07-13,East,Electronics,Laptop,1,45000,45000,Wholesale
2025-05-27,South,Food,Oil,6,200,1200,Retail
2024-09-06,West,Furniture,Table,1,5000,5000,Online
2026-01-31,South,Electronics,Laptop,6,45000,270000,Online
2026-02-11,West,Electronics,Headphones,3,2000,6000,Wholesale
2025-03-03,East,Furniture,Table,1,5000,5000,Online
2026-03-31,North,Electronics,Mobile Phone,6,15000,90000,Wholesale
2025-03-03,North,Clothing,Saree,2,3000,6000,Online
2024-11-23,South,Food,Coffee,8,300,2400,Wholesale
2024-09-19,West,Furniture,Bookshelf,1,4000,4000,Retail
2025-12-07,South,Furniture,Chair,3,3000,9000,Online
2026-04-24,North,Clothing,Kurta,10,800,8000,Retail
2025-07-22,West,Electronics,Headphones,8,2000,16000,Retail
2025-06-29,East,Furniture,Bookshelf,7,4000,28000,Wholesale
2025-01-28,South,Food,Oil,10,200,2000,Wholesale
2025-04-21,West,Furniture,Bookshelf,8,4000,32000,Online
2024-12-03,North,Clothing,Saree,6,3000,18000,Wholesale
2024-06-16,North,Furniture,Sofa,3,15000,45000,Retail
2025-03-24,North,Food,Sugar,9,50,450,Wholesale
2024-09-21,North,Clothing,Saree,8,3000,24000,Wholesale
2025-09-22,South,Electronics,Laptop,8,45000,360000,Online
2024-11-12,South,Electronics,Headphones,6,2000,12000,Wholesale
2025-08-06,West,Food,Rice,7,100,700,Wholesale
2025-08-29,West,Furniture,Bookshelf,10,4000,40000,Wholesale
2025-05-03,North,Electronics,Headphones,3,2000,6000,Retail
2025-09-23,South,Electronics,Laptop,7,45000,315000,Online
2025-09-19,North,Furniture,Chair,2,3000,6000,Retail
2026-02-20,West,Clothing,Jeans,1,1200,1200,Wholesale
2024-11-05,North,Furniture,Bookshelf,9,4000,36000,Online
2024-07-31,West,Electronics,Laptop,5,45000,225000,Online
2025-07-24,South,Clothing,Jeans,7,1200,8400,Online
2025-04-24,East,Clothing,T-Shirt,3,500,1500,Wholesale
2025-02-03,East,Food,Rice,5,100,500,Online
2025-07-17,North,Furniture,Bookshelf,7,4000,28000,Online
2026-01-04,North,Electronics,Laptop,6,45000,270000,Retail
2025-05-26,North,Clothing,Kurta,8,800,6400,Wholesale
2025-04-11,South,Clothing,T-Shirt,2,500,1000,Wholesale
2026-01-26,South,Food,Coffee,2,300,600,Retail
2026-04-22,South,Food,Coffee,8,300,2400,Wholesale
2024-10-14,South,Clothing,Kurta,2,800,1600,Online
2024-10-23,South,Furniture,Table,2,5000,10000,Online
2024-06-29,West,Clothing,Jeans,4,1200,4800,Retail
2025-09-22,West,Clothing,Kurta,10,800,8000,Online
2024-11-14,West,Clothing,Saree,4,3000,12000,Online
2025-11-11,South,Food,Sugar,3,50,150,Retail
2024-08-10,North,Food,Rice,7,100,700,Online
2026-03-10,West,Furniture,Bookshelf,2,4000,8000,Online
2026-05-18,West,Furniture,Sofa,3,15000,45000,Online
2025-11-07,East,Food,Oil,8,200,1600,Wholesale
2025-06-25,West,Food,Rice,4,100,400,Online
2026-01-04,East,Clothing,Kurta,8,800,6400,Online
2026-03-18,North,Furniture,Bookshelf,10,4000,40000,Retail
2025-08-07,North,Electronics,Mobile Phone,4,15000,60000,Wholesale
2025-02-01,South,Clothing,Kurta,6,800,4800,Retail
2025-05-08,East,Clothing,Saree,9,3000,27000,Wholesale
2025-10-24,West,Food,Coffee,1,300,300,Online
2025-10-27,West,Electronics,Laptop,3,45000,135000,Retail
2024-09-16,North,Clothing,Saree,1,3000,3000,Online
2025-07-30,North,Food,Oil,5,200,1000,Online
2026-05-30,North,Electronics,Mobile Phone,6,15000,90000,Wholesale
2024-07-23,South,Food,Rice,6,100,600,Online
2024-06-27,North,Electronics,Tablet,2,20000,40000,Online
2024-08-26,West,Furniture,Bookshelf,9,4000,36000,Retail
2024-11-10,West,Food,Rice,3,100,300,Retail
2025-10-29,West,Clothing,Kurta,8,800,6400,Retail
2025-09-24,East,Food,Oil,2,200,400,Wholesale
2024-06-13,East,Furniture,Chair,7,3000,21000,Wholesale
2025-10-20,East,Clothing,Kurta,7,800,5600,Online
2025-04-18,West,Food,Coffee,2,300,600,Retail
2024-09-16,West,Furniture,Bookshelf,3,4000,12000,Wholesale
2026-03-16,West,Electronics,Mobile Phone,1,15000,15000,Retail
2025-10-21,North,Furniture,Chair,5,3000,15000,Wholesale
2024-09-27,West,Electronics,Mobile Phone,1,15000,15000,Retail
2025-02-06,South,Food,Coffee,2,300,600,Online
2026-04-14,South,Furniture,Chair,5,3000,15000,Online
2025-05-01,East,Clothing,T-Shirt,7,500,3500,Wholesale
2025-03-03,West,Furniture,Chair,1,3000,3000,Retail
2026-04-21,East,Clothing,Kurta,10,800,8000,Online
2024-08-27,East,Clothing,Kurta,8,800,6400,Online
2024-11-10,North,Furniture,Chair,1,3000,3000,Retail
2024-09-05,West,Food,Coffee,4,300,1200,Online
2025-07-21,South,Clothing,Saree,7,3000,21000,Retail
2025-11-28,North,Electronics,Tablet,9,20000,180000,Wholesale
2024-07-24,West,Clothing,T-Shirt,4,500,2000,Retail
2025-04-27,South,Clothing,Jeans,6,1200,7200,Retail
2025-06-21,North,Furniture,Sofa,6,15000,90000,Wholesale
2024-09-10,East,Electronics,Tablet,1,20000,20000,Wholesale
2024-06-04,East,Food,Oil,8,200,1600,Retail
2024-11-21,North,Furniture,Bookshelf,6,4000,24000,Wholesale
2025-10-30,West,Clothing,Kurta,1,800,800,Wholesale
2025-12-01,West,Electronics,Laptop,9,45000,405000,Retail
2025-12-08,East,Clothing,Kurta,6,800,4800,Wholesale
2025-02-05,South,Electronics,Laptop,10,45000,450000,Wholesale
2024-09-12,South,Food,Sugar,2,50,100,Online
2024-10-03,East,Clothing,T-Shirt,7,500,3500,Wholesale
2025-07-13,West,Electronics,Laptop,9,45000,405000,Online
2024-11-19,North,Food,Oil,6,200,1200,Wholesale
2024-08-05,South,Clothing,Saree,10,3000,30000,Online
2026-02-04,West,Clothing,T-Shirt,1,500,500,Wholesale
2024-08-07,West,Furniture,Sofa,3,15000,45000,Online
2024-12-02,South,Electronics,Tablet,9,20000,180000,Online
2025-11-11,North,Food,Coffee,2,300,600,Wholesale
2025-07-17,South,Food,Sugar,6,50,300,Wholesale
2025-02-19,West,Clothing,Saree,9,3000,27000,Wholesale
2024-10-03,North,Clothing,Saree,8,3000,24000,Online
2026-05-01,East,Electronics,Mobile Phone,1,15000,15000,Wholesale
2024-09-21,West,Furniture,Bookshelf,5,4000,20000,Wholesale
2025-01-21,East,Food,Oil,9,200,1800,Retail
2024-10-26,East,Food,Rice,6,100,600,Wholesale
2025-06-02,South,Food,Sugar,9,50,450,Retail
2024-07-22,North,Food,Coffee,3,300,900,Retail
2025-05-19,East,Food,Rice,10,100,1000,Retail
2025-12-29,South,Clothing,Saree,2,3000,6000,Retail
2024-10-14,North,Food,Oil,2,200,400,Retail
2024-11-21,North,Clothing,Kurta,5,800,4000,Retail
2025-09-20,East,Furniture,Bookshelf,5,4000,20000,Online
2024-12-19,North,Electronics,Laptop,5,45000,225000,Wholesale
2024-08-20,South,Clothing,Jeans,2,1200,2400,Retail
2025-02-22,South,Electronics,Tablet,4,20000,80000,Retail
2025-03-15,East,Clothing,Jeans,7,1200,8400,Online
2025-03-06,South,Electronics,Laptop,1,45000,45000,Online
2026-02-04,North,Electronics,Laptop,9,45000,405000,Wholesale
2026-03-09,East,Food,Coffee,1,300,300,Retail
2025-11-28,West,Electronics,Mobile Phone,9,15000,135000,Online
2025-01-19,East,Electronics,Headphones,4,2000,8000,Retail
2025-02-06,East,Food,Sugar,1,50,50,Wholesale
2026-02-20,East,Furniture,Chair,8,3000,24000,Retail
2025-06-26,East,Electronics,Mobile Phone,6,15000,90000,Retail
2025-04-30,South,Food,Rice,3,100,300,Wholesale
2025-10-24,East,Furniture,Table,8,5000,40000,Retail
2025-06-07,East,Food,Sugar,6,50,300,Retail
2025-04-22,West,Electronics,Tablet,4,20000,80000,Online
2025-06-28,North,Electronics,Mobile Phone,2,15000,30000,Online
2024-07-01,South,Clothing,T-Shirt,4,500,2000,Wholesale
2026-04-04,South,Furniture,Sofa,4,15000,60000,Wholesale
2025-07-05,North,Furniture,Table,10,5000,50000,Retail
2025-05-02,North,Furniture,Chair,2,3000,6000,Wholesale
2025-01-05,North,Clothing,T-Shirt,1,500,500,Wholesale
2025-02-14,South,Furniture,Table,2,5000,10000,Online
2025-11-21,South,Clothing,Saree,10,3000,30000,Wholesale
2025-05-15,West,Clothing,T-Shirt,4,500,2000,Wholesale
2025-04-20,North,Electronics,Headphones,2,2000,4000,Retail
2025-11-15,East,Food,Coffee,1,300,300,Retail
2024-12-28,East,Furniture,Sofa,5,15000,75000,Retail
2025-03-22,West,Furniture,Chair,8,3000,24000,Online
2026-01-22,East,Furniture,Chair,1,3000,3000,Online
2025-07-16,East,Clothing,Kurta,7,800,5600,Wholesale
2025-09-27,South,Electronics,Tablet,10,20000,200000,Online
2025-03-10,South,Clothing,T-Shirt,7,500,3500,Online
2024-12-21,East,Food,Rice,3,100,300,Online
2025-08-05,West,Furniture,Bookshelf,5,4000,20000,Online
2026-02-03,East,Furniture,Bookshelf,4,4000,16000,Wholesale
2025-03-07,West,Clothing,T-Shirt,4,500,2000,Retail
2025-06-16,North,Food,Oil,5,200,1000,Retail
2026-02-23,West,Furniture,Sofa,10,15000,150000,Retail
2024-06-25,East,Clothing,Jeans,6,1200,7200,Online
2024-10-02,North,Food,Coffee,10,300,3000,Wholesale
2025-08-28,North,Food,Rice,4,100,400,Wholesale
2024-12-21,South,Food,Sugar,3,50,150,Wholesale
2025-07-12,North,Furniture,Chair,3,3000,9000,Wholesale
2026-02-28,North,Clothing,Jeans,6,1200,7200,Retail
2025-03-18,South,Furniture,Table,3,5000,15000,Wholesale
2026-05-19,South,Clothing,T-Shirt,10,500,5000,Online
2025-09-03,North,Food,Oil,8,200,1600,Retail
2024-08-07,North,Food,Sugar,8,50,400,Retail
2025-02-08,South,Electronics,Headphones,1,2000,2000,Retail
2025-08-03,West,Clothing,Kurta,7,800,5600,Online
2025-07-31,East,Electronics,Tablet,8,20000,160000,Retail
2026-02-23,West,Clothing,T-Shirt,10,500,5000,Retail
2025-07-22,South,Food,Coffee,3,300,900,Wholesale
2024-11-15,East,Furniture,Table,1,5000,5000,Wholesale
2025-01-25,West,Electronics,Headphones,1,2000,2000,Retail
2025-10-03,North,Electronics,Mobile Phone,9,15000,135000,Online
2024-07-08,South,Food,Oil,8,200,1600,Wholesale
2025-07-14,North,Electronics,Laptop,2,45000,90000,Retail
2025-12-19,South,Furniture,Sofa,9,15000,135000,Online
2024-06-07,South,Furniture,Chair,9,3000,27000,Wholesale
2024-08-14,South,Clothing,Saree,10,3000,30000,Wholesale
2024-11-14,North,Electronics,Tablet,2,20000,40000,Retail
2025-03-25,North,Clothing,Kurta,2,800,1600,Wholesale
2025-06-23,West,Electronics,Headphones,4,2000,8000,Retail
2026-03-21,East,Electronics,Tablet,9,20000,180000,Online
2026-03-04,East,Clothing,Jeans,7,1200,8400,Retail
2025-05-05,South,Furniture,Bookshelf,5,4000,20000,Online
2025-05-01,East,Furniture,Chair,7,3000,21000,Retail
2025-02-14,East,Electronics,Mobile Phone,10,15000,150000,Online
2024-12-05,South,Food,Rice,8,100,800,Wholesale
2024-06-03,North,Furniture,Chair,10,3000,30000,Online
2025-10-11,North,Furniture,Table,8,5000,40000,Retail
2025-12-31,South,Food,Oil,9,200,1800,Retail
2025-07-17,South,Furniture,Sofa,4,15000,60000,Online
2026-01-23,West,Electronics,Tablet,4,20000,80000,Online
2024-06-21,North,Clothing,Saree,8,3000,24000,Retail
2025-08-29,North,Furniture,Sofa,1,15000,15000,Wholesale
2025-03-17,North,Clothing,Kurta,9,800,7200,Retail
2025-11-02,North,Electronics,Headphones,3,2000,6000,Retail
2024-08-21,North,Food,Oil,1,200,200,Wholesale
2024-10-17,South,Furniture,Bookshelf,10,4000,40000,Online
2026-01-18,West,Electronics,Tablet,9,20000,180000,Wholesale
2025-05-15,South,Food,Oil,8,200,1600,Online
2026-03-28,North,Electronics,Tablet,7,20000,140000,Retail
2025-10-16,West,Furniture,Bookshelf,10,4000,40000,Retail
2025-04-11,East,Electronics,Tablet,3,20000,60000,Online
2025-11-08,West,Food,Coffee,8,300,2400,Online
2026-04-15,South,Food,Coffee,4,300,1200,Wholesale
2025-01-14,West,Food,Oil,5,200,1000,Retail
2026-03-28,West,Electronics,Mobile Phone,7,15000,105000,Wholesale
2024-07-25,West,Electronics,Laptop,10,45000,450000,Wholesale
2024-07-28,North,Food,Sugar,3,50,150,Wholesale
2026-02-27,South,Furniture,Table,8,5000,40000,Online
2024-08-08,South,Clothing,Saree,10,3000,30000,Wholesale
2025-05-09,East,Food,Oil,4,200,800,Retail
2025-06-26,West,Clothing,T-Shirt,5,500,2500,Retail
2024-07-16,North,Clothing,Saree,9,3000,27000,Retail
2025-04-17,East,Furniture,Table,10,5000,50000,Online
2024-11-05,North,Food,Sugar,3,50,150,Online
2024-12-10,North,Electronics,Mobile Phone,2,15000,30000,Retail
2024-06-23,West,Food,Sugar,9,50,450,Retail
2025-12-08,North,Clothing,T-Shirt,9,500,4500,Wholesale
2026-05-20,South,Furniture,Bookshelf,3,4000,12000,Wholesale
2026-05-27,West,Clothing,Jeans,2,1200,2400,Retail
2025-01-20,North,Electronics,Laptop,6,45000,270000,Retail
2025-06-23,West,Clothing,Jeans,2,1200,2400,Wholesale
2026-03-05,South,Clothing,Kurta,9,800,7200,Retail
2025-09-12,East,Furniture,Table,8,5000,40000,Retail
2025-05-18,North,Clothing,T-Shirt,3,500,1500,Wholesale
2024-07-01,East,Furniture,Table,2,5000,10000,Online
2025-02-25,West,Furniture,Table,6,5000,30000,Online
2024-11-29,West,Clothing,Jeans,1,1200,1200,Retail
2026-02-24,South,Clothing,Jeans,7,1200,8400,Online
2025-12-17,West,Furniture,Chair,5,3000,15000,Online
2025-10-16,South,Food,Oil,3,200,600,Wholesale
2024-10-01,West,Clothing,T-Shirt,5,500,2500,Retail
2024-08-15,West,Food,Sugar,7,50,350,Retail
2025-12-13,West,Food,Rice,4,100,400,Retail
2025-05-20,East,Furniture,Chair,10,3000,30000,Retail
2025-05-26,West,Clothing,Saree,8,3000,24000,Wholesale
2026-01-25,West,Electronics,Mobile Phone,3,15000,45000,Retail
2025-02-03,North,Food,Rice,10,100,1000,Wholesale
2024-11-16,West,Clothing,Saree,10,3000,30000,Wholesale
2025-06-15,East,Food,Rice,6,100,600,Online
2025-12-21,North,Electronics,Headphones,6,2000,12000,Retail
2024-10-08,East,Furniture,Bookshelf,1,4000,4000,Retail
2025-07-26,South,Electronics,Mobile Phone,7,15000,105000,Online
2026-02-17,North,Furniture,Table,7,5000,35000,Wholesale
2025-05-12,South,Furniture,Table,9,5000,45000,Wholesale
2026-01-17,North,Furniture,Table,8,5000,40000,Online
2024-11-25,East,Electronics,Tablet,9,20000,180000,Online
2024-06-28,North,Furniture,Table,4,5000,20000,Online
2025-04-01,East,Clothing,T-Shirt,4,500,2000,Online
2026-03-15,West,Food,Rice,9,100,900,Online
2025-04-30,West,Clothing,Jeans,9,1200,10800,Online
2026-02-18,East,Electronics,Laptop,4,45000,180000,Online
2025-06-22,North,Clothing,Jeans,4,1200,4800,Wholesale
2025-03-14,West,Electronics,Tablet,5,20000,100000,Wholesale
2025-06-09,South,Furniture,Table,1,5000,5000,Wholesale
2025-04-14,North,Food,Oil,10,200,2000,Online
2025-02-07,South,Furniture,Table,4,5000,20000,Online
2025-04-19,West,Electronics,Mobile Phone,4,15000,60000,Online
2024-10-25,South,Furniture,Bookshelf,7,4000,28000,Online
2025-12-29,West,Clothing,Kurta,6,800,4800,Online
2025-11-13,West,Furniture,Table,9,5000,45000,Online
2025-10-24,North,Clothing,Kurta,5,800,4000,Retail
2024-12-09,North,Clothing,T-Shirt,1,500,500,Wholesale
2026-04-04,West,Furniture,Sofa,6,15000,90000,Wholesale
2026-04-11,South,Electronics,Headphones,7,2000,14000,Retail
2025-04-22,East,Clothing,T-Shirt,5,500,2500,Wholesale
2025-06-29,East,Clothing,Jeans,7,1200,8400,Wholesale
2025-11-14,West,Clothing,T-Shirt,5,500,2500,Wholesale
2024-06-19,West,Electronics,Tablet,9,20000,180000,Retail
2025-03-23,West,Electronics,Laptop,6,45000,270000,Wholesale
2025-12-11,East,Furniture,Table,3,5000,15000,Online
2026-02-06,South,Clothing,Kurta,5,800,4000,Online
2025-11-12,East,Furniture,Chair,10,3000,30000,Online
2025-05-24,North,Electronics,Tablet,2,20000,40000,Retail
2025-07-29,West,Food,Sugar,5,50,250,Online
2025-07-10,North,Food,Oil,6,200,1200,Retail
2024-08-24,South,Food,Rice,10,100,1000,Retail
2026-01-28,North,Electronics,Mobile Phone,9,15000,135000,Online
2024-10-07,West,Clothing,T-Shirt,9,500,4500,Retail
2025-02-12,South,Furniture,Sofa,6,15000,90000,Online
2025-10-01,West,Furniture,Table,10,5000,50000,Online
2025-08-17,North,Clothing,Jeans,9,1200,10800,Online
2024-08-22,North,Furniture,Chair,3,3000,9000,Online
2026-02-26,West,Clothing,Kurta,4,800,3200,Retail
2024-10-12,West,Electronics,Laptop,10,45000,450000,Retail
2026-03-05,North,Electronics,Laptop,1,45000,45000,Wholesale
2024-10-27,West,Furniture,Bookshelf,7,4000,28000,Wholesale
2025-07-13,East,Electronics,Headphones,4,2000,8000,Retail
2026-03-20,West,Electronics,Mobile Phone,8,15000,120000,Online
2025-08-14,East,Food,Sugar,3,50,150,Wholesale
2026-03-16,East,Electronics,Tablet,3,20000,60000,Wholesale
2025-01-17,South,Electronics,Laptop,2,45000,90000,Wholesale
2024-09-07,South,Food,Coffee,4,300,1200,Wholesale
2025-10-21,North,Food,Oil,9,200,1800,Retail
2026-05-17,North,Food,Rice,4,100,400,Online
2025-03-19,North,Electronics,Tablet,8,20000,160000,Retail
2024-07-27,North,Food,Rice,2,100,200,Wholesale
2024-10-13,North,Electronics,Tablet,1,20000,20000,Online
2025-11-02,South,Electronics,Tablet,9,20000,180000,Retail
2026-05-03,East,Clothing,Jeans,8,1200,9600,Online
2024-11-29,South,Clothing,Kurta,5,800,4000,Online
2025-10-22,East,Food,Sugar,10,50,500,Wholesale
2025-06-02,East,Electronics,Headphones,10,2000,20000,Retail
2026-02-28,East,Furniture,Sofa,10,15000,150000,Retail
2026-03-07,East,Clothing,Jeans,5,1200,6000,Online
2025-01-08,South,Clothing,Jeans,6,1200,7200,Retail
2026-04-17,East,Clothing,Saree,3,3000,9000,Online
2024-12-21,East,Food,Rice,1,100,100,Retail
2024-09-01,East,Furniture,Table,5,5000,25000,Online
2025-07-18,East,Food,Rice,7,100,700,Retail
2024-06-19,East,Food,Rice,4,100,400,Wholesale
2025-04-18,East,Clothing,Jeans,2,1200,2400,Retail
2026-01-14,East,Electronics,Laptop,9,45000,405000,Retail
2026-03-03,East,Clothing,Saree,6,3000,18000,Wholesale
2025-11-11,West,Food,Rice,10,100,1000,Wholesale
2024-07-20,South,Food,Rice,8,100,800,Retail
2024-07-03,East,Clothing,Kurta,9,800,7200,Wholesale
2025-12-03,North,Electronics,Tablet,4,20000,80000,Online
2024-09-09,East,Electronics,Laptop,8,45000,360000,Wholesale
2025-11-10,West,Clothing,Saree,10,3000,30000,Wholesale
2025-05-30,West,Furniture,Chair,8,3000,24000,Online
2024-12-06,West,Electronics,Tablet,4,20000,80000,Online
2024-09-09,East,Furniture,Bookshelf,6,4000,24000,Wholesale
2024-08-15,South,Furniture,Bookshelf,6,4000,24000,Wholesale
2024-08-18,West,Food,Oil,2,200,400,Online
2025-03-31,East,Food,Sugar,9,50,450,Retail
2026-05-26,West,Electronics,Tablet,7,20000,140000,Retail
2024-06-08,North,Electronics,Headphones,6,2000,12000,Online
2025-12-16,West,Clothing,T-Shirt,3,500,1500,Online
2024-07-03,East,Furniture,Table,5,5000,25000,Wholesale
2024-06-28,East,Electronics,Tablet,4,20000,80000,Wholesale
2024-10-27,North,Furniture,Table,9,5000,45000,Wholesale
2024-08-18,North,Furniture,Chair,10,3000,30000,Online
2025-10-04,West,Clothing,T-Shirt,9,500,4500,Wholesale
2025-03-02,South,Clothing,Kurta,8,800,6400,Wholesale
2024-10-06,East,Clothing,T-Shirt,6,500,3000,Online
2025-03-15,North,Furniture,Table,10,5000,50000,Wholesale
2024-08-29,West,Electronics,Tablet,3,20000,60000,Online
2024-07-03,West,Food,Sugar,8,50,400,Retail
2025-05-02,West,Electronics,Headphones,6,2000,12000,Wholesale
2026-03-31,West,Food,Sugar,1,50,50,Wholesale
2026-05-05,West,Food,Coffee,10,300,3000,Retail
2024-08-02,South,Food,Rice,6,100,600,Retail
2025-02-10,West,Food,Sugar,6,50,300,Online
2026-04-20,South,Furniture,Table,3,5000,15000,Wholesale
2026-03-08,East,Clothing,Jeans,5,1200,6000,Wholesale
2025-02-22,West,Furniture,Chair,3,3000,9000,Retail
2025-01-11,West,Clothing,Jeans,6,1200,7200,Retail
2024-06-16,North,Electronics,Laptop,7,45000,315000,Wholesale
2026-01-17,South,Furniture,Table,3,5000,15000,Retail
2024-06-09,East,Electronics,Mobile Phone,9,15000,135000,Wholesale
2026-04-07,West,Furniture,Sofa,6,15000,90000,Online
2024-10-11,South,Furniture,Table,10,5000,50000,Wholesale
2025-03-25,North,Food,Coffee,3,300,900,Wholesale
2025-05-11,North,Electronics,Tablet,10,20000,200000,Retail
2026-04-22,South,Clothing,Saree,9,3000,27000,Wholesale
2024-08-04,South,Food,Coffee,4,300,1200,Wholesale
2025-01-14,East,Furniture,Bookshelf,2,4000,8000,Online
2024-12-23,East,Furniture,Chair,6,3000,18000,Online
2026-04-29,South,Food,Coffee,4,300,1200,Online
2026-05-22,South,Furniture,Bookshelf,1,4000,4000,Online
2024-12-17,East,Clothing,Saree,8,3000,24000,Online
2025-07-01,North,Electronics,Mobile Phone,10,15000,150000,Wholesale
2026-04-07,East,Furniture,Bookshelf,5,4000,20000,Online
2025-02-13,West,Electronics,Headphones,4,2000,8000,Wholesale
2026-02-18,South,Clothing,T-Shirt,2,500,1000,Online
2026-03-14,West,Food,Rice,8,100,800,Retail
2024-09-13,East,Clothing,T-Shirt,3,500,1500,Online
2026-02-13,North,Clothing,Jeans,5,1200,6000,Retail
2025-08-10,East,Food,Coffee,9,300,2700,Online
2026-05-30,North,Food,Oil,7,200,1400,Online
2024-06-10,South,Furniture,Chair,10,3000,30000,Wholesale
2025-11-16,East,Food,Coffee,5,300,1500,Online
2024-07-20,South,Furniture,Table,9,5000,45000,Wholesale
2024-07-01,West,Furniture,Sofa,3,15000,45000,Online
2026-04-10,North,Clothing,Kurta,5,800,4000,Wholesale
2025-07-18,North,Clothing,T-Shirt,4,500,2000,Wholesale
2024-08-06,South,Electronics,Laptop,2,45000,90000,Online
2024-11-17,South,Clothing,Jeans,10,1200,12000,Wholesale
2026-04-17,West,Food,Rice,8,100,800,Online
2025-08-03,West,Food,Coffee,9,300,2700,Retail
2025-07-16,South,Electronics,Headphones,6,2000,12000,Retail
2025-11-28,West,Food,Sugar,7,50,350,Wholesale
2025-04-03,North,Clothing,Saree,2,3000,6000,Wholesale
2026-01-11,East,Clothing,Saree,8,3000,24000,Retail
2025-01-22,North,Clothing,Kurta,10,800,8000,Retail
2025-07-27,North,Furniture,Table,8,5000,40000,Wholesale
2024-07-16,South,Furniture,Bookshelf,6,4000,24000,Online
2025-11-26,East,Clothing,Kurta,1,800,800,Retail
2026-01-08,West,Food,Coffee,2,300,600,Online
2026-05-27,South,Furniture,Chair,6,3000,18000,Online
2025-02-03,East,Clothing,Kurta,4,800,3200,Wholesale
2026-03-01,West,Food,Coffee,10,300,3000,Retail
2024-07-26,West,Furniture,Bookshelf,4,4000,16000,Wholesale
2026-03-08,South,Clothing,Saree,3,3000,9000,Wholesale
2025-09-19,South,Furniture,Sofa,6,15000,90000,Online
2024-09-20,North,Food,Rice,3,100,300,Wholesale
2026-04-17,East,Clothing,Jeans,2,1200,2400,Online
2025-04-12,West,Food,Oil,4,200,800,Retail
2026-05-15,South,Furniture,Chair,7,3000,21000,Retail
2025-07-21,South,Furniture,Table,9,5000,45000,Retail
2025-09-19,South,Food,Sugar,2,50,100,Online
2025-03-10,North,Clothing,Kurta,10,800,8000,Retail
2026-04-06,South,Furniture,Bookshelf,4,4000,16000,Online
2025-01-18,North,Clothing,Saree,1,3000,3000,Online
2026-03-19,North,Clothing,Jeans,4,1200,4800,Retail
2025-10-18,North,Furniture,Table,6,5000,30000,Wholesale
2025-11-19,South,Clothing,T-Shirt,6,500,3000,Wholesale
2024-06-24,South,Furniture,Bookshelf,9,4000,36000,Retail
2024-11-27,North,Food,Coffee,4,300,1200,Online
2024-07-23,North,Clothing,T-Shirt,7,500,3500,Wholesale
2024-06-05,North,Clothing,Jeans,3,1200,3600,Wholesale
2025-07-11,East,Electronics,Headphones,3,2000,6000,Online
2025-07-17,South,Food,Sugar,4,50,200,Wholesale
2025-10-20,West,Furniture,Chair,1,3000,3000,Retail
2024-11-03,South,Food,Rice,2,100,200,Retail
2025-06-08,South,Clothing,T-Shirt,2,500,1000,Retail
2025-09-12,North,Food,Rice,10,100,1000,Retail
2026-01-07,West,Electronics,Mobile Phone,10,15000,150000,Online
2025-05-18,West,Furniture,Table,9,5000,45000,Wholesale
2025-08-16,South,Furniture,Table,7,5000,35000,Online
2024-08-23,West,Furniture,Table,5,5000,25000,Online
2026-01-02,West,Clothing,Kurta,10,800,8000,Wholesale
2024-08-26,West,Clothing,Saree,3,3000,9000,Online
2025-06-18,North,Furniture,Chair,7,3000,21000,Wholesale
2025-09-01,West,Electronics,Mobile Phone,5,15000,75000,Online
2025-08-31,East,Electronics,Tablet,9,20000,180000,Wholesale
2025-12-15,North,Electronics,Tablet,7,20000,140000,Online
2024-11-14,East,Clothing,Jeans,2,1200,2400,Online
2025-04-28,South,Clothing,T-Shirt,3,500,1500,Retail
2024-08-27,East,Furniture,Sofa,2,15000,30000,Wholesale
2025-08-13,East,Food,Rice,5,100,500,Retail
2025-10-16,South,Clothing,Saree,3,3000,9000,Retail
2025-06-10,South,Clothing,Saree,6,3000,18000,Retail
2024-12-28,South,Furniture,Sofa,10,15000,150000,Online
2026-01-12,South,Clothing,T-Shirt,9,500,4500,Wholesale
2026-04-13,East,Food,Oil,6,200,1200,Wholesale
2025-02-16,West,Food,Rice,2,100,200,Online
2025-01-19,East,Food,Oil,7,200,1400,Retail
2025-10-19,West,Electronics,Mobile Phone,5,15000,75000,Retail
2024-06-15,South,Electronics,Tablet,3,20000,60000,Retail
2025-07-13,East,Food,Rice,10,100,1000,Retail
2026-02-27,East,Clothing,T-Shirt,4,500,2000,Wholesale
2026-03-31,East,Food,Coffee,1,300,300,Online
2025-01-20,North,Food,Oil,1,200,200,Retail
2025-06-21,West,Electronics,Mobile Phone,9,15000,135000,Wholesale
2025-04-17,West,Clothing,Saree,1,3000,3000,Wholesale
2025-05-26,West,Food,Coffee,1,300,300,Online
2025-04-08,West,Food,Coffee,2,300,600,Online
2025-10-23,East,Food,Oil,9,200,1800,Retail
2026-03-15,South,Electronics,Mobile Phone,8,15000,120000,Online
2025-03-23,East,Electronics,Headphones,8,2000,16000,Wholesale
2026-01-20,South,Clothing,Kurta,6,800,4800,Retail
2024-06-28,East,Furniture,Table,1,5000,5000,Retail
2025-01-09,West,Clothing,T-Shirt,6,500,3000,Retail
2025-06-25,West,Clothing,Kurta,5,800,4000,Online
2024-07-16,South,Food,Rice,10,100,1000,Retail
2026-02-16,South,Electronics,Laptop,4,45000,180000,Online
2025-04-05,West,Clothing,Jeans,7,1200,8400,Online
2025-10-25,South,Clothing,Kurta,7,800,5600,Online
2025-05-09,South,Electronics,Headphones,5,2000,10000,Online
2026-05-11,North,Clothing,Jeans,9,1200,10800,Retail
2025-01-01,North,Food,Oil,1,200,200,Online
2024-09-24,East,Clothing,T-Shirt,10,500,5000,Wholesale
2025-04-10,North,Clothing,T-Shirt,2,500,1000,Online
2025-08-04,North,Clothing,T-Shirt,4,500,2000,Retail
2026-03-24,East,Electronics,Mobile Phone,7,15000,105000,Retail
2024-12-04,South,Furniture,Bookshelf,3,4000,12000,Wholesale
2025-09-12,West,Electronics,Laptop,4,45000,180000,Retail
2025-10-25,East,Furniture,Chair,9,3000,27000,Retail
2025-01-08,South,Food,Rice,7,100,700,Wholesale
2025-10-21,West,Furniture,Table,9,5000,45000,Retail
2024-06-30,West,Furniture,Table,7,5000,35000,Online
2025-12-01,North,Furniture,Sofa,4,15000,60000,Online
2024-10-25,West,Electronics,Headphones,1,2000,2000,Online
2025-04-04,West,Clothing,Kurta,6,800,4800,Wholesale
2025-11-12,North,Furniture,Table,9,5000,45000,Online
2024-12-07,West,Furniture,Sofa,10,15000,150000,Wholesale
2026-03-09,West,Food,Sugar,9,50,450,Online
2024-07-09,East,Food,Sugar,4,50,200,Wholesale
2026-03-03,West,Food,Coffee,6,300,1800,Online
2026-05-25,South,Furniture,Chair,2,3000,6000,Online
2025-06-05,North,Furniture,Bookshelf,5,4000,20000,Online
2026-03-31,West,Electronics,Mobile Phone,2,15000,30000,Online
2026-02-07,East,Electronics,Headphones,3,2000,6000,Wholesale
2024-11-01,South,Furniture,Bookshelf,2,4000,8000,Retail
2026-05-19,South,Clothing,Jeans,5,1200,6000,Retail
2024-12-24,West,Furniture,Bookshelf,8,4000,32000,Wholesale
2026-02-17,East,Food,Sugar,3,50,150,Retail
2025-02-15,North,Food,Oil,7,200,1400,Retail
2026-02-18,West,Electronics,Laptop,3,45000,135000,Retail
2026-05-18,South,Furniture,Sofa,8,15000,120000,Online
2024-08-23,West,Furniture,Table,8,5000,40000,Online
2025-01-10,North,Clothing,T-Shirt,3,500,1500,Online
2025-12-25,North,Furniture,Table,10,5000,50000,Wholesale
2026-03-21,North,Food,Sugar,4,50,200,Online
2025-01-29,South,Electronics,Tablet,8,20000,160000,Wholesale
2025-06-09,South,Furniture,Table,8,5000,40000,Wholesale
2026-05-20,North,Electronics,Mobile Phone,1,15000,15000,Online
2025-04-11,West,Clothing,Jeans,3,1200,3600,Retail
2025-06-20,South,Furniture,Table,6,5000,30000,Retail
2025-12-09,East,Clothing,Kurta,10,800,8000,Wholesale
2026-05-02,North,Food,Rice,2,100,200,Wholesale
2025-06-23,East,Furniture,Table,8,5000,40000,Wholesale
2024-10-12,North,Electronics,Laptop,7,45000,315000,Online
2024-10-19,South,Electronics,Tablet,9,20000,180000,Online
2025-04-25,West,Food,Rice,5,100,500,Retail
2025-05-31,East,Clothing,Jeans,5,1200,6000,Retail
2025-11-23,North,Electronics,Laptop,3,45000,135000,Wholesale
2025-09-24,East,Clothing,Saree,10,3000,30000,Online
2026-05-16,East,Furniture,Sofa,10,15000,150000,Wholesale
2024-12-28,South,Clothing,T-Shirt,4,500,2000,Retail
2025-10-03,East,Electronics,Headphones,1,2000,2000,Retail
2025-09-24,South,Clothing,Jeans,10,1200,12000,Wholesale
2025-09-16,West,Clothing,Saree,9,3000,27000,Online
2025-02-25,West,Clothing,Jeans,9,1200,10800,Retail
2026-02-10,North,Food,Oil,7,200,1400,Retail
2024-07-01,West,Electronics,Tablet,3,20000,60000,Retail
2025-07-15,South,Food,Coffee,1,300,300,Retail
2024-12-19,South,Clothing,Kurta,4,800,3200,Online
2025-02-19,East,Electronics,Headphones,4,2000,8000,Online
2025-04-22,West,Electronics,Headphones,4,2000,8000,Retail
2024-11-06,South,Clothing,Kurta,6,800,4800,Online
2024-12-15,South,Clothing,Saree,5,3000,15000,Online
2025-10-16,South,Furniture,Sofa,10,15000,150000,Online
2025-10-06,North,Electronics,Headphones,9,2000,18000,Retail
2025-09-25,North,Electronics,Headphones,2,2000,4000,Wholesale
2025-02-03,East,Electronics,Laptop,7,45000,315000,Online
2024-12-12,East,Clothing,Jeans,8,1200,9600,Wholesale
2025-11-01,South,Clothing,Kurta,7,800,5600,Wholesale
2025-01-22,South,Furniture,Bookshelf,5,4000,20000,Online
2024-12-10,East,Electronics,Laptop,8,45000,360000,Wholesale
2025-01-26,West,Furniture,Bookshelf,4,4000,16000,Retail
2024-08-01,South,Clothing,Saree,9,3000,27000,Retail
2024-11-25,West,Electronics,Mobile Phone,4,15000,60000,Online
2024-10-24,West,Food,Sugar,9,50,450,Wholesale
2024-06-18,West,Clothing,Saree,10,3000,30000,Online
2025-02-26,South,Furniture,Table,1,5000,5000,Online
2025-10-11,North,Clothing,Saree,4,3000,12000,Retail
2025-12-31,East,Clothing,Kurta,10,800,8000,Online
2025-06-24,North,Food,Oil,6,200,1200,Wholesale
2026-04-26,North,Furniture,Table,3,5000,15000,Online
2024-11-03,West,Electronics,Headphones,6,2000,12000,Online
2026-05-11,East,Furniture,Chair,6,3000,18000,Wholesale
2024-08-08,West,Clothing,T-Shirt,5,500,2500,Wholesale
2025-01-28,North,Electronics,Laptop,10,45000,450000,Online
2025-11-17,North,Electronics,Tablet,9,20000,180000,Retail
2024-07-04,North,Clothing,Jeans,10,1200,12000,Retail
2026-02-18,East,Clothing,Saree,7,3000,21000,Retail
2025-02-04,North,Furniture,Table,10,5000,50000,Wholesale
2025-11-20,North,Clothing,Saree,7,3000,21000,Online
2026-06-01,West,Food,Coffee,6,300,1800,Wholesale
2026-05-17,North,Clothing,Kurta,3,800,2400,Wholesale
2024-12-23,South,Furniture,Chair,7,3000,21000,Wholesale
2025-01-08,East,Food,Coffee,6,300,1800,Retail
2025-08-15,West,Furniture,Table,7,5000,35000,Retail
2026-05-01,South,Clothing,T-Shirt,7,500,3500,Retail
2025-04-29,South,Furniture,Bookshelf,3,4000,12000,Online
2024-08-22,North,Furniture,Table,9,5000,45000,Retail
2025-08-25,West,Furniture,Chair,4,3000,12000,Retail
2025-01-14,North,Electronics,Laptop,3,45000,135000,Retail
2025-04-02,North,Furniture,Sofa,9,15000,135000,Retail
2025-09-28,East,Food,Sugar,7,50,350,Wholesale
2024-12-26,West,Clothing,Saree,10,3000,30000,Online
2026-04-27,East,Food,Coffee,10,300,3000,Retail
2024-10-13,East,Food,Rice,10,100,1000,Retail
2025-08-08,West,Food,Oil,4,200,800,Wholesale
2025-07-04,South,Clothing,Saree,4,3000,12000,Online
2024-06-03,West,Food,Rice,9,100,900,Wholesale
2026-05-20,East,Electronics,Headphones,7,2000,14000,Wholesale
2024-10-17,West,Food,Oil,4,200,800,Wholesale
2024-08-21,South,Furniture,Sofa,10,15000,150000,Wholesale
2024-10-10,West,Food,Sugar,8,50,400,Wholesale
2024-10-28,South,Electronics,Mobile Phone,5,15000,75000,Wholesale
2025-11-29,North,Electronics,Laptop,10,45000,450000,Online
2024-08-11,East,Furniture,Bookshelf,10,4000,40000,Online
2026-04-11,East,Furniture,Table,5,5000,25000,Retail
2026-02-09,East,Electronics,Laptop,7,45000,315000,Wholesale
2026-04-27,West,Clothing,Saree,10,3000,30000,Wholesale
2026-04-24,North,Electronics,Mobile Phone,3,15000,45000,Wholesale
2025-10-19,North,Clothing,T-Shirt,1,500,500,Retail
2024-12-25,North,Clothing,Saree,8,3000,24000,Wholesale
2025-02-07,North,Furniture,Bookshelf,2,4000,8000,Online
2025-10-31,South,Furniture,Bookshelf,7,4000,28000,Retail
2025-09-17,West,Electronics,Laptop,7,45000,315000,Wholesale
2026-02-19,West,Electronics,Tablet,4,20000,80000,Retail
2025-04-05,South,Furniture,Table,7,5000,35000,Online
2025-12-16,South,Electronics,Laptop,7,45000,315000,Online
2025-11-20,West,Electronics,Mobile Phone,5,15000,75000,Wholesale
2026-03-13,North,Furniture,Chair,5,3000,15000,Online
2026-04-25,North,Electronics,Mobile Phone,2,15000,30000,Retail
2026-04-24,East,Clothing,Saree,1,3000,3000,Retail
2025-10-29,North,Food,Sugar,3,50,150,Wholesale
2024-12-12,North,Food,Oil,4,200,800,Retail
2026-05-29,North,Furniture,Sofa,3,15000,45000,Retail
2025-05-29,West,Furniture,Sofa,6,15000,90000,Retail
2025-10-18,West,Food,Oil,1,200,200,Wholesale
2025-03-26,West,Clothing,T-Shirt,2,500,1000,Online
2025-07-25,East,Clothing,Kurta,5,800,4000,Retail
2026-04-24,North,Food,Sugar,3,50,150,Online
2025-01-03,West,Electronics,Laptop,9,45000,405000,Online
2024-10-24,West,Food,Rice,4,100,400,Online
2025-08-03,East,Electronics,Mobile Phone,9,15000,135000,Online
2025-09-22,South,Clothing,Jeans,4,1200,4800,Wholesale
2025-12-27,South,Furniture,Chair,5,3000,15000,Retail
2026-01-29,East,Electronics,Laptop,1,45000,45000,Wholesale
2025-02-06,South,Food,Sugar,8,50,400,Wholesale
2024-09-10,North,Electronics,Laptop,8,45000,360000,Wholesale
2026-04-11,South,Clothing,Jeans,6,1200,7200,Online
2026-03-15,West,Clothing,T-Shirt,4,500,2000,Wholesale
2026-01-24,West,Electronics,Tablet,6,20000,120000,Wholesale
2024-09-25,East,Clothing,Saree,8,3000,24000,Retail
2024-11-07,North,Furniture,Table,8,5000,40000,Retail
2025-02-26,East,Clothing,Kurta,7,800,5600,Online
2024-08-14,South,Food,Rice,8,100,800,Retail
2026-04-10,East,Furniture,Bookshelf,9,4000,36000,Wholesale
2026-01-21,West,Clothing,Jeans,3,1200,3600,Retail
2026-02-18,East,Electronics,Mobile Phone,8,15000,120000,Retail
2025-02-23,East,Food,Sugar,4,50,200,Retail
2024-12-30,South,Clothing,Jeans,3,1200,3600,Retail
2026-03-01,West,Electronics,Headphones,6,2000,12000,Online
2025-07-20,West,Clothing,Jeans,7,1200,8400,Online
2024-06-15,South,Electronics,Laptop,7,45000,315000,Retail
2024-09-24,East,Furniture,Sofa,9,15000,135000,Retail
2024-12-07,North,Furniture,Table,4,5000,20000,Online
2025-08-15,West,Food,Sugar,8,50,400,Retail
2025-11-18,North,Food,Oil,2,200,400,Online
2024-06-25,West,Food,Coffee,10,300,3000,Online
2024-07-07,West,Electronics,Mobile Phone,1,15000,15000,Online
2025-09-02,East,Electronics,Laptop,7,45000,315000,Wholesale
2025-02-12,North,Furniture,Chair,7,3000,21000,Wholesale
2026-04-20,East,Clothing,Saree,2,3000,6000,Wholesale
2025-11-21,North,Furniture,Chair,7,3000,21000,Retail
2025-07-01,South,Food,Rice,10,100,1000,Retail
2024-09-23,East,Furniture,Table,5,5000,25000,Retail
2026-05-27,South,Furniture,Bookshelf,9,4000,36000,Retail
2025-12-21,East,Electronics,Tablet,6,20000,120000,Retail
2025-08-14,West,Clothing,Jeans,5,1200,6000,Retail
2025-03-14,East,Clothing,T-Shirt,8,500,4000,Online
2024-08-11,North,Clothing,T-Shirt,4,500,2000,Online
2026-04-28,East,Furniture,Chair,8,3000,24000,Retail
2025-10-18,South,Food,Sugar,1,50,50,Online
2025-02-07,West,Food,Rice,2,100,200,Retail
2026-01-11,West,Food,Sugar,6,50,300,Retail
2025-10-29,West,Furniture,Table,2,5000,10000,Retail
2025-05-13,South,Furniture,Bookshelf,4,4000,16000,Wholesale
2025-01-22,West,Electronics,Headphones,6,2000,12000,Wholesale
2025-12-06,South,Food,Rice,2,100,200,Wholesale
2025-09-21,North,Electronics,Tablet,8,20000,160000,Online
2025-01-19,South,Clothing,Saree,2,3000,6000,Wholesale
2024-11-01,East,Furniture,Sofa,2,15000,30000,Retail
2025-07-26,South,Electronics,Headphones,7,2000,14000,Online
2024-11-13,South,Electronics,Laptop,1,45000,45000,Online
2025-06-23,East,Clothing,Saree,6,3000,18000,Retail
2024-07-12,North,Furniture,Sofa,5,15000,75000,Wholesale
2025-11-25,East,Furniture,Sofa,9,15000,135000,Online
2025-03-29,East,Food,Coffee,10,300,3000,Wholesale
2026-01-17,East,Electronics,Mobile Phone,6,15000,90000,Retail
2024-06-06,West,Electronics,Tablet,5,20000,100000,Wholesale
2025-07-04,West,Electronics,Mobile Phone,6,15000,90000,Online
2025-09-01,South,Food,Sugar,4,50,200,Online
2025-07-03,North,Furniture,Bookshelf,3,4000,12000,Wholesale
2025-02-07,East,Electronics,Laptop,7,45000,315000,Retail
2026-05-22,North,Electronics,Headphones,10,2000,20000,Online
2025-12-05,South,Furniture,Sofa,4,15000,60000,Wholesale
2026-04-18,North,Clothing,Saree,9,3000,27000,Retail
2025-05-15,West,Food,Oil,8,200,1600,Online
2024-10-15,East,Food,Sugar,5,50,250,Retail
2026-05-10,West,Clothing,Kurta,2,800,1600,Wholesale
2024-09-27,East,Clothing,T-Shirt,2,500,1000,Retail
2024-10-15,East,Clothing,Saree,8,3000,24000,Wholesale
2024-10-04,North,Electronics,Mobile Phone,10,15000,150000,Wholesale
2025-05-11,West,Furniture,Table,4,5000,20000,Online
2024-06-14,East,Furniture,Table,5,5000,25000,Wholesale
2025-09-22,North,Furniture,Sofa,5,15000,75000,Retail
2025-11-07,North,Furniture,Chair,3,3000,9000,Online
2025-11-09,North,Electronics,Laptop,2,45000,90000,Wholesale
2026-03-22,East,Electronics,Mobile Phone,3,15000,45000,Retail
2026-04-07,South,Clothing,T-Shirt,10,500,5000,Retail
2025-02-16,South,Food,Rice,3,100,300,Wholesale
2025-08-14,West,Electronics,Headphones,4,2000,8000,Retail
2026-03-22,West,Clothing,Jeans,6,1200,7200,Online
2025-10-18,East,Food,Oil,1,200,200,Wholesale
2024-09-11,West,Food,Sugar,3,50,150,Wholesale
2024-06-15,North,Clothing,Kurta,10,800,8000,Retail
2024-10-07,South,Furniture,Sofa,3,15000,45000,Retail
2025-12-18,East,Furniture,Chair,2,3000,6000,Retail
2024-12-15,East,Clothing,Kurta,9,800,7200,Wholesale
2024-07-31,East,Food,Coffee,2,300,600,Retail
2025-07-24,West,Furniture,Bookshelf,7,4000,28000,Retail
2025-05-25,East,Electronics,Tablet,7,20000,140000,Retail
2024-10-30,East,Furniture,Chair,8,3000,24000,Online
2025-07-08,North,Clothing,T-Shirt,10,500,5000,Retail
2026-04-11,South,Furniture,Bookshelf,9,4000,36000,Online
2026-05-06,South,Electronics,Tablet,4,20000,80000,Online
2025-03-01,North,Clothing,T-Shirt,4,500,2000,Retail
2025-01-12,West,Electronics,Tablet,1,20000,20000,Online
2025-09-23,North,Furniture,Sofa,8,15000,120000,Retail
2024-09-10,North,Clothing,Saree,7,3000,21000,Online
2024-10-13,East,Electronics,Laptop,3,45000,135000,Online
2025-01-04,South,Electronics,Tablet,5,20000,100000,Wholesale
2025-08-10,South,Furniture,Bookshelf,7,4000,28000,Wholesale
2025-10-30,South,Clothing,Jeans,2,1200,2400,Online
2025-08-19,South,Food,Sugar,5,50,250,Wholesale
2024-08-14,East,Clothing,Jeans,6,1200,7200,Online
2026-02-01,North,Clothing,Saree,7,3000,21000,Retail
2026-05-06,South,Electronics,Tablet,2,20000,40000,Online
2024-11-17,South,Furniture,Bookshelf,2,4000,8000,Wholesale
2026-03-01,West,Furniture,Chair,4,3000,12000,Retail
2025-01-06,West,Food,Oil,8,200,1600,Retail
2025-01-12,East,Clothing,Kurta,9,800,7200,Online
2026-03-29,South,Clothing,T-Shirt,6,500,3000,Retail
2025-07-20,East,Clothing,Jeans,9,1200,10800,Online
2025-06-30,East,Food,Rice,3,100,300,Retail
2025-12-23,West,Furniture,Chair,2,3000,6000,Wholesale
2025-05-09,North,Food,Coffee,5,300,1500,Online
2025-03-05,South,Furniture,Bookshelf,3,4000,12000,Wholesale
2025-04-06,North,Furniture,Chair,2,3000,6000,Wholesale
2024-08-20,North,Furniture,Table,5,5000,25000,Retail
2025-11-17,North,Electronics,Laptop,7,45000,315000,Wholesale
2025-07-27,West,Clothing,Kurta,4,800,3200,Retail
2025-04-02,West,Food,Rice,4,100,400,Retail
2025-02-25,North,Clothing,Saree,9,3000,27000,Wholesale
2025-06-27,East,Clothing,Kurta,6,800,4800,Online
2024-09-07,West,Clothing,Saree,7,3000,21000,Wholesale
2024-11-09,East,Electronics,Headphones,9,2000,18000,Online
2025-11-03,South,Furniture,Table,8,5000,40000,Retail
2025-04-01,South,Electronics,Headphones,4,2000,8000,Wholesale
2024-12-04,North,Electronics,Laptop,9,45000,405000,Retail
2025-10-24,South,Food,Coffee,9,300,2700,Online
2024-06-23,North,Food,Oil,2,200,400,Online
2026-04-16,South,Food,Rice,2,100,200,Online
2025-03-08,West,Clothing,Jeans,3,1200,3600,Wholesale
2026-02-20,East,Furniture,Table,6,5000,30000,Retail
2024-09-15,West,Food,Rice,3,100,300,Online
2025-11-11,West,Electronics,Laptop,3,45000,135000,Retail
2025-01-20,West,Electronics,Tablet,2,20000,40000,Online
2025-12-02,West,Food,Oil,7,200,1400,Wholesale
2025-12-20,South,Clothing,Kurta,3,800,2400,Wholesale
2025-06-24,West,Clothing,T-Shirt,1,500,500,Retail
2025-04-12,North,Furniture,Chair,4,3000,12000,Retail
2024-10-31,West,Food,Rice,9,100,900,Online
2024-09-29,East,Food,Rice,7,100,700,Retail
2026-05-25,East,Clothing,Jeans,5,1200,6000,Retail
2025-05-08,South,Electronics,Mobile Phone,6,15000,90000,Retail
2025-07-27,West,Electronics,Headphones,9,2000,18000,Wholesale
2024-10-22,North,Food,Oil,1,200,200,Wholesale
2025-02-25,South,Furniture,Table,7,5000,35000,Retail
2025-07-03,North,Clothing,T-Shirt,8,500,4000,Retail
2025-12-23,South,Clothing,Kurta,1,800,800,Online
2025-01-07,South,Furniture,Bookshelf,2,4000,8000,Wholesale
2025-08-18,West,Furniture,Table,10,5000,50000,Wholesale
2026-04-28,South,Electronics,Laptop,5,45000,225000,Online
2024-11-14,South,Furniture,Chair,8,3000,24000,Wholesale
2025-09-04,East,Food,Rice,8,100,800,Retail
2024-07-29,West,Food,Sugar,2,50,100,Wholesale
2025-02-27,East,Furniture,Sofa,6,15000,90000,Retail
2025-02-09,West,Food,Sugar,8,50,400,Wholesale
2025-10-22,North,Furniture,Sofa,5,15000,75000,Wholesale
2025-11-05,West,Food,Coffee,6,300,1800,Online
2026-04-30,West,Food,Coffee,3,300,900,Retail
2024-10-25,East,Furniture,Chair,2,3000,6000,Wholesale
2024-08-29,North,Furniture,Bookshelf,10,4000,40000,Retail
2026-03-18,South,Clothing,Kurta,10,800,8000,Retail
2026-02-01,West,Furniture,Bookshelf,10,4000,40000,Online
2025-07-26,South,Electronics,Laptop,3,45000,135000,Wholesale
2024-08-04,East,Electronics,Laptop,10,45000,450000,Wholesale
2025-12-12,West,Furniture,Chair,3,3000,9000,Retail
2025-07-07,South,Food,Rice,6,100,600,Wholesale
2024-06-29,South,Furniture,Table,9,5000,45000,Online
2025-10-13,West,Clothing,Jeans,6,1200,7200,Wholesale
2025-12-09,West,Clothing,Jeans,8,1200,9600,Wholesale
2024-06-14,South,Furniture,Chair,7,3000,21000,Wholesale
2024-08-02,South,Food,Sugar,7,50,350,Wholesale
2025-10-20,North,Food,Sugar,3,50,150,Online
2026-04-04,North,Electronics,Tablet,7,20000,140000,Wholesale
2025-02-15,South,Electronics,Headphones,3,2000,6000,Retail
2024-11-17,East,Furniture,Chair,5,3000,15000,Online
2026-01-26,West,Electronics,Mobile Phone,2,15000,30000,Online
2026-01-05,East,Clothing,Jeans,1,1200,1200,Online
2026-04-28,South,Furniture,Table,4,5000,20000,Wholesale
2025-11-28,West,Furniture,Sofa,5,15000,75000,Retail
2026-03-12,West,Clothing,T-Shirt,1,500,500,Retail
2024-09-13,West,Furniture,Bookshelf,9,4000,36000,Online
2025-11-25,South,Furniture,Chair,3,3000,9000,Retail
2026-01-04,East,Clothing,Kurta,1,800,800,Retail
2025-11-28,West,Clothing,Jeans,4,1200,4800,Online
2025-02-03,South,Clothing,Kurta,2,800,1600,Online
2025-01-31,North,Electronics,Headphones,3,2000,6000,Wholesale
2024-08-17,West,Clothing,Jeans,2,1200,2400,Online
2024-12-11,North,Food,Oil,8,200,1600,Wholesale
2025-03-11,North,Furniture,Bookshelf,10,4000,40000,Wholesale
2026-04-08,East,Food,Rice,10,100,1000,Wholesale
2025-08-09,East,Furniture,Chair,10,3000,30000,Online
2025-04-09,West,Clothing,Jeans,5,1200,6000,Online
2024-12-01,North,Food,Coffee,7,300,2100,Wholesale
2026-02-16,North,Electronics,Laptop,8,45000,360000,Retail
2026-05-22,North,Food,Oil,6,200,1200,Retail
2026-01-17,North,Furniture,Chair,1,3000,3000,Retail
2024-08-21,North,Electronics,Tablet,6,20000,120000,Wholesale
2024-11-18,West,Furniture,Chair,1,3000,3000,Retail
2025-08-31,North,Food,Oil,9,200,1800,Retail
2025-03-03,North,Food,Rice,10,100,1000,Wholesale
2026-01-21,East,Clothing,T-Shirt,1,500,500,Wholesale
2024-09-26,East,Clothing,Saree,9,3000,27000,Online
2025-07-28,North,Electronics,Mobile Phone,3,15000,45000,Wholesale
2025-03-30,West,Food,Oil,6,200,1200,Retail
2026-03-29,South,Clothing,Jeans,1,1200,1200,Wholesale
2025-06-19,North,Electronics,Laptop,2,45000,90000,Retail
2024-06-30,North,Furniture,Bookshelf,6,4000,24000,Wholesale
2025-04-01,West,Electronics,Laptop,9,45000,405000,Wholesale
2024-11-21,North,Food,Sugar,10,50,500,Retail
2025-06-07,North,Furniture,Bookshelf,1,4000,4000,Wholesale
2025-06-25,East,Furniture,Table,6,5000,30000,Retail
2026-03-10,East,Electronics,Headphones,2,2000,4000,Wholesale
2024-11-30,South,Electronics,Tablet,9,20000,180000,Online
2024-12-09,East,Furniture,Table,6,5000,30000,Wholesale
2026-01-17,West,Electronics,Laptop,7,45000,315000,Online
2024-09-17,West,Furniture,Chair,6,3000,18000,Retail
2025-11-16,South,Clothing,Jeans,3,1200,3600,Retail
2025-11-02,North,Electronics,Laptop,9,45000,405000,Wholesale
2025-05-06,South,Clothing,T-Shirt,2,500,1000,Retail
2024-06-10,West,Electronics,Tablet,4,20000,80000,Wholesale
2025-07-23,West,Furniture,Chair,4,3000,12000,Wholesale
2025-05-11,North,Food,Oil,9,200,1800,Retail
2025-07-24,West,Electronics,Mobile Phone,1,15000,15000,Retail
2025-12-15,South,Furniture,Chair,5,3000,15000,Wholesale
2025-07-04,South,Electronics,Mobile Phone,8,15000,120000,Retail
2025-02-01,North,Clothing,Jeans,4,1200,4800,Wholesale
2025-09-21,East,Electronics,Headphones,7,2000,14000,Wholesale
2024-07-19,South,Food,Rice,1,100,100,Retail
2024-12-22,West,Furniture,Sofa,1,15000,15000,Wholesale
2024-08-09,North,Food,Sugar,1,50,50,Retail
2025-02-10,North,Furniture,Sofa,10,15000,150000,Retail
2024-08-29,West,Food,Oil,5,200,1000,Wholesale
2025-01-10,South,Electronics,Tablet,4,20000,80000,Online
2024-07-23,South,Electronics,Tablet,10,20000,200000,Online
2025-10-24,North,Furniture,Bookshelf,6,4000,24000,Wholesale
2024-06-03,South,Clothing,T-Shirt,4,500,2000,Retail
2024-12-06,West,Electronics,Mobile Phone,8,15000,120000,Online
2025-11-07,East,Furniture,Sofa,2,15000,30000,Retail
2026-05-08,South,Electronics,Tablet,1,20000,20000,Retail
2024-11-02,South,Electronics,Tablet,8,20000,160000,Online
2026-05-15,West,Electronics,Tablet,4,20000,80000,Retail
2025-04-06,South,Clothing,Kurta,7,800,5600,Wholesale
2024-08-23,North,Furniture,Chair,3,3000,9000,Wholesale
2024-11-24,East,Clothing,Kurta,6,800,4800,Online
2024-12-24,South,Furniture,Table,6,5000,30000,Retail
2026-01-11,East,Furniture,Bookshelf,7,4000,28000,Retail
2026-01-20,East,Clothing,T-Shirt,5,500,2500,Online
2024-08-04,East,Clothing,T-Shirt,4,500,2000,Retail
2024-12-21,East,Food,Coffee,10,300,3000,Retail
2026-04-16,North,Food,Oil,5,200,1000,Online
2025-09-18,East,Electronics,Tablet,6,20000,120000,Wholesale
2026-03-26,East,Food,Sugar,8,50,400,Retail
2024-07-14,South,Food,Rice,9,100,900,Online
2025-05-02,North,Electronics,Mobile Phone,10,15000,150000,Online
2025-01-24,North,Clothing,Saree,9,3000,27000,Retail
2025-08-14,West,Food,Sugar,4,50,200,Wholesale
2026-05-25,West,Electronics,Headphones,6,2000,12000,Online
2025-09-09,North,Furniture,Chair,4,3000,12000,Retail
2024-06-07,North,Clothing,Kurta,5,800,4000,Online
2024-08-10,West,Electronics,Headphones,1,2000,2000,Online
2025-03-16,East,Electronics,Mobile Phone,8,15000,120000,Online
2024-10-08,North,Furniture,Chair,10,3000,30000,Retail
2026-03-22,South,Clothing,T-Shirt,9,500,4500,Retail
2024-11-03,North,Furniture,Bookshelf,2,4000,8000,Retail
2026-05-08,West,Furniture,Bookshelf,10,4000,40000,Wholesale
2024-06-16,North,Clothing,Kurta,2,800,1600,Online
2025-08-16,West,Food,Coffee,6,300,1800,Retail
2024-11-05,North,Furniture,Bookshelf,10,4000,40000,Online
2026-04-18,West,Clothing,Saree,7,3000,21000,Retail
2026-05-13,West,Food,Rice,8,100,800,Retail
2025-11-28,North,Clothing,Kurta,2,800,1600,Retail
2025-12-05,South,Furniture,Table,10,5000,50000,Online
2024-09-04,South,Electronics,Laptop,2,45000,90000,Retail
2025-09-08,West,Furniture,Sofa,6,15000,90000,Retail
2025-09-08,East,Clothing,Kurta,1,800,800,Online
2025-09-13,North,Food,Coffee,8,300,2400,Wholesale
2025-03-22,East,Clothing,Kurta,1,800,800,Online
2024-08-29,North,Food,Sugar,4,50,200,Online
2025-05-10,West,Clothing,Saree,6,3000,18000,Retail
2026-01-09,East,Electronics,Headphones,8,2000,16000,Wholesale
2024-09-16,West,Furniture,Sofa,4,15000,60000,Retail
2025-11-23,North,Furniture,Table,2,5000,10000,Wholesale
2024-10-18,East,Clothing,Saree,7,3000,21000,Wholesale
2024-12-05,West,Food,Sugar,8,50,400,Retail
2024-06-22,South,Furniture,Chair,6,3000,18000,Retail
2025-02-16,South,Clothing,Saree,3,3000,9000,Wholesale
2024-07-07,East,Food,Oil,10,200,2000,Wholesale
2026-05-05,South,Furniture,Chair,3,3000,9000,Retail
2025-10-08,North,Electronics,Mobile Phone,10,15000,150000,Online
2025-02-15,East,Furniture,Bookshelf,1,4000,4000,Online
2024-11-30,South,Food,Sugar,7,50,350,Retail
2025-06-18,North,Clothing,Jeans,2,1200,2400,Retail
2025-02-14,East,Electronics,Headphones,1,2000,2000,Wholesale
2025-05-26,North,Food,Rice,4,100,400,Retail
2024-09-23,East,Food,Coffee,4,300,1200,Retail
2025-02-27,North,Food,Oil,1,200,200,Retail
2025-08-27,East,Clothing,Saree,2,3000,6000,Online
2024-06-04,South,Clothing,Kurta,3,800,2400,Wholesale
2025-06-26,North,Furniture,Chair,7,3000,21000,Wholesale
2025-11-28,South,Food,Oil,10,200,2000,Retail
2025-05-28,South,Furniture,Chair,8,3000,24000,Online
2026-01-21,East,Electronics,Mobile Phone,7,15000,105000,Wholesale
2025-07-28,West,Food,Sugar,2,50,100,Wholesale
2026-03-12,East,Electronics,Headphones,8,2000,16000,Wholesale
2025-01-13,West,Furniture,Sofa,9,15000,135000,Online
2024-09-27,East,Furniture,Table,6,5000,30000,Wholesale
2024-06-09,North,Food,Oil,9,200,1800,Online
2025-06-11,East,Clothing,T-Shirt,7,500,3500,Retail
2025-04-04,East,Electronics,Laptop,6,45000,270000,Retail
2025-08-24,North,Electronics,Tablet,4,20000,80000,Online
2026-05-12,South,Food,Sugar,7,50,350,Online
2025-11-27,East,Electronics,Headphones,9,2000,18000,Online
2025-03-07,North,Electronics,Tablet,1,20000,20000,Retail
2025-04-30,North,Furniture,Chair,5,3000,15000,Wholesale
2026-03-07,North,Electronics,Tablet,6,20000,120000,Retail
2024-09-20,South,Food,Coffee,9,300,2700,Retail
2026-04-30,South,Food,Rice,5,100,500,Wholesale
2024-06-18,North,Clothing,Saree,8,3000,24000,Retail
2024-10-20,East,Clothing,Jeans,4,1200,4800,Online
2025-01-22,South,Furniture,Sofa,9,15000,135000,Wholesale
2025-03-18,South,Clothing,Saree,3,3000,9000,Wholesale
2025-09-12,North,Food,Oil,6,200,1200,Online
2026-03-22,North,Clothing,Jeans,10,1200,12000,Retail
2024-09-26,East,Clothing,Kurta,3,800,2400,Online
2025-09-28,South,Clothing,Saree,2,3000,6000,Retail
2024-12-16,North,Clothing,T-Shirt,1,500,500,Retail
2026-01-10,West,Electronics,Tablet,7,20000,140000,Wholesale
2024-12-14,East,Clothing,T-Shirt,5,500,2500,Online
2024-07-29,East,Clothing,Kurta,2,800,1600,Online
2026-03-23,West,Clothing,Kurta,4,800,3200,Retail
2026-03-22,South,Food,Sugar,5,50,250,Retail
2025-03-22,East,Food,Coffee,5,300,1500,Wholesale
2025-06-23,South,Furniture,Chair,4,3000,12000,Retail
2025-04-20,West,Clothing,Saree,2,3000,6000,Wholesale
2026-04-03,North,Clothing,T-Shirt,6,500,3000,Online
2025-09-23,North,Electronics,Laptop,8,45000,360000,Wholesale
2024-10-20,South,Furniture,Sofa,5,15000,75000,Wholesale
2024-06-15,East,Electronics,Mobile Phone,3,15000,45000,Wholesale
2025-12-03,South,Electronics,Laptop,5,45000,225000,Retail
2024-09-07,East,Electronics,Laptop,1,45000,45000,Online
2026-01-04,South,Food,Coffee,10,300,3000,Wholesale
2025-07-14,East,Furniture,Bookshelf,4,4000,16000,Wholesale
2024-10-20,South,Clothing,T-Shirt,1,500,500,Retail
2025-11-04,West,Clothing,T-Shirt,4,500,2000,Online
2026-03-26,West,Furniture,Bookshelf,3,4000,12000,Wholesale
2024-12-22,South,Clothing,Jeans,3,1200,3600,Retail
2025-09-27,North,Clothing,Saree,4,3000,12000,Online
2025-09-06,East,Clothing,Jeans,1,1200,1200,Retail
2025-05-12,South,Electronics,Laptop,5,45000,225000,Retail
2024-10-16,West,Electronics,Headphones,7,2000,14000,Online
2025-04-20,West,Clothing,Jeans,2,1200,2400,Wholesale
2026-03-30,West,Clothing,Kurta,7,800,5600,Online
2025-10-01,West,Clothing,Saree,1,3000,3000,Wholesale
2025-11-27,South,Food,Rice,5,100,500,Online
2024-08-26,East,Furniture,Sofa,7,15000,105000,Online
2025-07-21,East,Food,Rice,4,100,400,Online
2025-10-31,East,Clothing,Jeans,2,1200,2400,Retail
2025-08-13,South,Furniture,Chair,6,3000,18000,Retail
2024-06-17,East,Clothing,Jeans,8,1200,9600,Wholesale
2025-04-29,East,Furniture,Bookshelf,6,4000,24000,Online
2026-03-02,North,Food,Rice,7,100,700,Retail
2026-03-18,South,Furniture,Chair,9,3000,27000,Wholesale
2026-01-15,North,Electronics,Laptop,7,45000,315000,Retail
2024-12-10,South,Furniture,Table,9,5000,45000,Wholesale
2025-10-11,South,Clothing,Saree,10,3000,30000,Retail
2025-12-29,East,Clothing,Saree,6,3000,18000,Wholesale
2025-11-19,East,Clothing,Kurta,5,800,4000,Retail
2024-09-24,West,Electronics,Tablet,9,20000,180000,Retail
2024-10-24,North,Furniture,Bookshelf,8,4000,32000,Wholesale
2024-10-24,South,Food,Coffee,10,300,3000,Online
2026-02-02,East,Electronics,Laptop,5,45000,225000,Wholesale
2025-05-21,West,Clothing,Jeans,6,1200,7200,Online
2026-05-06,South,Electronics,Laptop,2,45000,90000,Retail
2024-11-13,West,Electronics,Laptop,6,45000,270000,Retail
2025-08-28,East,Clothing,T-Shirt,3,500,1500,Retail
2025-03-20,South,Clothing,T-Shirt,5,500,2500,Online
2025-10-17,South,Clothing,T-Shirt,7,500,3500,Retail
2025-12-17,East,Food,Sugar,9,50,450,Retail
2024-06-20,West,Electronics,Mobile Phone,9,15000,135000,Retail
2025-01-03,South,Electronics,Laptop,4,45000,180000,Online
2025-05-04,North,Food,Rice,6,100,600,Retail
2025-12-13,West,Clothing,T-Shirt,4,500,2000,Retail
2024-08-17,South,Clothing,T-Shirt,2,500,1000,Online
2025-10-31,North,Electronics,Laptop,3,45000,135000,Online
2024-09-17,North,Clothing,T-Shirt,9,500,4500,Online
2026-01-11,East,Clothing,Kurta,5,800,4000,Retail
2024-07-18,East,Food,Oil,5,200,1000,Retail
2026-02-17,West,Food,Oil,7,200,1400,Retail
2024-12-26,East,Electronics,Laptop,4,45000,180000,Retail
2025-09-13,East,Food,Sugar,4,50,200,Online
2025-10-05,East,Furniture,Bookshelf,5,4000,20000,Retail
2025-04-13,East,Clothing,Jeans,10,1200,12000,Wholesale
2026-05-14,South,Clothing,Saree,4,3000,12000,Retail
2026-03-16,East,Furniture,Chair,2,3000,6000,Retail
2024-07-16,West,Food,Oil,1,200,200,Retail
2025-10-12,West,Food,Oil,9,200,1800,Retail
2026-01-17,East,Clothing,Saree,7,3000,21000,Wholesale
2025-12-18,East,Clothing,Saree,4,3000,12000,Wholesale
2025-07-18,South,Clothing,Kurta,8,800,6400,Wholesale
2024-08-02,South,Furniture,Table,9,5000,45000,Wholesale
2026-01-06,South,Food,Rice,2,100,200,Online
2026-02-06,South,Food,Rice,10,100,1000,Online
2024-11-16,East,Clothing,Jeans,3,1200,3600,Retail
2024-08-20,East,Food,Rice,7,100,700,Wholesale
2024-07-26,East,Food,Coffee,10,300,3000,Wholesale
2026-04-06,South,Food,Coffee,6,300,1800,Retail
2025-09-04,East,Electronics,Tablet,9,20000,180000,Retail
2025-09-07,North,Electronics,Tablet,4,20000,80000,Wholesale
2025-03-12,West,Electronics,Laptop,6,45000,270000,Wholesale
2026-01-12,North,Electronics,Mobile Phone,2,15000,30000,Online
2025-07-03,North,Clothing,Saree,9,3000,27000,Wholesale
2025-08-21,South,Furniture,Table,3,5000,15000,Wholesale
2026-04-05,West,Clothing,Saree,4,3000,12000,Retail
2024-07-18,East,Food,Coffee,6,300,1800,Wholesale
2026-01-07,West,Electronics,Mobile Phone,1,15000,15000,Wholesale
2025-12-16,West,Clothing,T-Shirt,9,500,4500,Retail
2025-07-20,South,Clothing,Jeans,4,1200,4800,Wholesale
2026-01-30,East,Clothing,Saree,6,3000,18000,Online
2026-03-21,South,Furniture,Bookshelf,8,4000,32000,Retail
2025-11-28,East,Food,Oil,7,200,1400,Wholesale
2025-03-14,North,Furniture,Bookshelf,1,4000,4000,Online
2026-04-11,North,Furniture,Sofa,7,15000,105000,Online
2024-08-16,East,Furniture,Bookshelf,8,4000,32000,Online
2024-06-18,West,Clothing,T-Shirt,4,500,2000,Wholesale
2025-01-26,North,Furniture,Bookshelf,3,4000,12000,Online
2024-12-09,West,Furniture,Table,5,5000,25000,Wholesale
2025-02-27,North,Food,Coffee,9,300,2700,Wholesale
2025-01-17,West,Clothing,Jeans,4,1200,4800,Online
2025-11-12,North,Furniture,Table,9,5000,45000,Online
2025-07-29,North,Clothing,T-Shirt,3,500,1500,Retail
2026-02-26,South,Furniture,Bookshelf,6,4000,24000,Retail
2024-09-22,East,Furniture,Bookshelf,2,4000,8000,Online
2025-02-11,South,Furniture,Bookshelf,6,4000,24000,Retail
2025-03-05,South,Food,Sugar,2,50,100,Online
2024-11-06,West,Clothing,T-Shirt,6,500,3000,Online
2025-06-25,North,Clothing,Jeans,1,1200,1200,Online
2025-12-31,North,Food,Rice,8,100,800,Online
2026-05-08,East,Electronics,Mobile Phone,2,15000,30000,Online
2025-09-22,West,Food,Oil,2,200,400,Retail
2025-11-02,South,Electronics,Headphones,9,2000,18000,Online
2026-05-01,South,Food,Oil,1,200,200,Wholesale
2024-08-26,South,Food,Coffee,9,300,2700,Retail
2025-03-27,South,Food,Coffee,5,300,1500,Wholesale
2025-06-15,South,Food,Oil,7,200,1400,Online
2026-05-22,West,Furniture,Chair,1,3000,3000,Retail
2026-04-15,West,Furniture,Sofa,5,15000,75000,Retail
2026-04-25,South,Furniture,Chair,6,3000,18000,Wholesale
2024-12-19,South,Food,Coffee,10,300,3000,Retail
2025-02-26,West,Clothing,Saree,5,3000,15000,Wholesale
2026-03-18,South,Food,Oil,1,200,200,Wholesale
2025-05-29,West,Electronics,Mobile Phone,7,15000,105000,Wholesale
2026-03-10,South,Furniture,Bookshelf,5,4000,20000,Online
2025-01-02,West,Electronics,Laptop,6,45000,270000,Retail
2024-10-13,East,Clothing,Kurta,3,800,2400,Retail
2024-08-27,West,Electronics,Laptop,1,45000,45000,Retail
2026-02-13,East,Electronics,Headphones,4,2000,8000,Retail
2024-07-22,North,Food,Rice,10,100,1000,Online
2026-03-20,West,Electronics,Tablet,4,20000,80000,Online
2025-01-23,West,Food,Sugar,9,50,450,Online
2025-11-20,South,Clothing,Saree,4,3000,12000,Online
2024-09-09,East,Electronics,Headphones,10,2000,20000,Online
2024-12-23,East,Electronics,Tablet,5,20000,100000,Wholesale
2026-04-10,South,Furniture,Table,4,5000,20000,Online
2025-08-10,North,Furniture,Sofa,10,15000,150000,Online
2025-05-03,West,Food,Coffee,1,300,300,Online
2025-06-20,South,Electronics,Laptop,4,45000,180000,Online
2025-10-07,East,Food,Rice,4,100,400,Wholesale
2025-02-16,North,Food,Sugar,10,50,500,Wholesale
2024-12-25,West,Clothing,T-Shirt,1,500,500,Online
2024-07-29,South,Food,Coffee,3,300,900,Wholesale
2026-04-08,South,Food,Sugar,3,50,150,Online
2026-02-07,North,Electronics,Mobile Phone,7,15000,105000,Wholesale
2025-08-23,South,Electronics,Headphones,1,2000,2000,Wholesale
2025-05-03,South,Electronics,Headphones,5,2000,10000,Online
2025-03-16,South,Furniture,Chair,3,3000,9000,Retail
2026-05-17,East,Furniture,Sofa,4,15000,60000,Wholesale
2024-12-27,South,Furniture,Bookshelf,2,4000,8000,Retail
2024-10-25,East,Food,Rice,8,100,800,Wholesale
2026-02-13,South,Electronics,Headphones,4,2000,8000,Online
2024-09-22,North,Furniture,Chair,9,3000,27000,Retail
2025-07-16,East,Electronics,Tablet,1,20000,20000,Retail
2024-06-14,East,Furniture,Bookshelf,3,4000,12000,Online
2025-08-13,North,Clothing,Jeans,1,1200,1200,Online
2024-11-08,South,Clothing,T-Shirt,7,500,3500,Wholesale
2025-08-12,North,Clothing,Kurta,2,800,1600,Online
2026-03-28,East,Electronics,Laptop,4,45000,180000,Online
2026-05-19,East,Electronics,Headphones,9,2000,18000,Online
2025-06-07,West,Electronics,Mobile Phone,10,15000,150000,Online
2024-11-06,North,Electronics,Headphones,1,2000,2000,Wholesale
2025-06-05,North,Electronics,Headphones,1,2000,2000,Wholesale
2025-11-30,North,Food,Rice,8,100,800,Online
2026-03-29,East,Electronics,Headphones,8,2000,16000,Online
2024-09-24,East,Furniture,Bookshelf,10,4000,40000,Online
2024-09-04,South,Furniture,Bookshelf,5,4000,20000,Retail
2026-01-17,North,Clothing,Kurta,3,800,2400,Retail
2026-01-25,North,Furniture,Sofa,2,15000,30000,Online
2024-11-03,East,Furniture,Bookshelf,4,4000,16000,Online
2025-01-29,North,Food,Rice,10,100,1000,Retail
2024-09-26,North,Electronics,Headphones,5,2000,10000,Retail
2025-05-31,North,Electronics,Headphones,10,2000,20000,Wholesale
2025-03-03,South,Clothing,T-Shirt,10,500,5000,Retail
2024-08-30,South,Clothing,Saree,6,3000,18000,Wholesale
2024-12-31,North,Clothing,T-Shirt,7,500,3500,Online
2024-07-20,West,Furniture,Chair,10,3000,30000,Wholesale
2025-01-01,North,Clothing,Kurta,8,800,6400,Online
2024-09-30,West,Furniture,Table,5,5000,25000,Online
2025-10-24,West,Food,Oil,1,200,200,Online
2025-09-29,North,Clothing,T-Shirt,1,500,500,Retail
2025-07-07,South,Furniture,Bookshelf,3,4000,12000,Online
2025-02-06,East,Furniture,Chair,9,3000,27000,Retail
2026-03-30,West,Electronics,Laptop,7,45000,315000,Wholesale
2026-03-04,South,Furniture,Table,3,5000,15000,Wholesale
2026-03-14,East,Furniture,Table,1,5000,5000,Online
2025-10-14,South,Food,Rice,5,100,500,Wholesale
2025-09-16,South,Furniture,Table,5,5000,25000,Retail
2024-08-13,South,Food,Rice,6,100,600,Online
2025-08-21,East,Clothing,T-Shirt,10,500,5000,Wholesale
2025-08-11,North,Clothing,T-Shirt,7,500,3500,Wholesale
2025-06-28,East,Furniture,Chair,10,3000,30000,Retail
2025-08-17,East,Electronics,Laptop,8,45000,360000,Wholesale
2024-06-27,South,Electronics,Tablet,5,20000,100000,Online
2025-05-23,North,Clothing,T-Shirt,8,500,4000,Online
2025-04-22,South,Electronics,Tablet,2,20000,40000,Online
2025-07-18,South,Electronics,Laptop,4,45000,180000,Retail
2025-07-12,North,Furniture,Bookshelf,7,4000,28000,Retail
2025-05-30,East,Electronics,Headphones,3,2000,6000,Retail
2024-07-06,North,Clothing,T-Shirt,2,500,1000,Retail
2026-02-09,West,Electronics,Mobile Phone,5,15000,75000,Wholesale
2025-09-09,North,Furniture,Chair,6,3000,18000,Wholesale
2025-12-10,South,Clothing,T-Shirt,3,500,1500,Online
2025-02-02,South,Clothing,Kurta,9,800,7200,Wholesale
2024-10-03,West,Furniture,Chair,1,3000,3000,Wholesale
2026-05-18,South,Furniture,Chair,2,3000,6000,Wholesale
2025-09-18,North,Food,Sugar,5,50,250,Wholesale
2024-07-08,East,Electronics,Headphones,4,2000,8000,Wholesale
2025-12-15,North,Clothing,T-Shirt,3,500,1500,Wholesale
2026-03-27,West,Furniture,Chair,6,3000,18000,Online
2026-04-27,North,Electronics,Laptop,10,45000,450000,Online
2026-03-22,West,Clothing,T-Shirt,6,500,3000,Retail
2024-07-10,South,Food,Coffee,2,300,600,Retail
2025-03-15,South,Clothing,T-Shirt,9,500,4500,Retail
2025-08-08,North,Food,Sugar,8,50,400,Retail
2026-03-20,North,Food,Sugar,6,50,300,Retail
2025-03-31,South,Clothing,Jeans,9,1200,10800,Online
2025-11-27,North,Food,Coffee,7,300,2100,Online
2025-09-06,South,Food,Coffee,6,300,1800,Retail
2026-04-22,North,Furniture,Chair,10,3000,30000,Retail
2025-11-23,North,Furniture,Chair,3,3000,9000,Wholesale
2026-05-24,East,Furniture,Chair,3,3000,9000,Wholesale
2025-11-28,West,Furniture,Sofa,7,15000,105000,Online
2026-02-27,West,Food,Coffee,8,300,2400,Retail
2025-07-12,South,Food,Sugar,1,50,50,Online
2026-01-19,West,Electronics,Laptop,1,45000,45000,Wholesale
2025-01-26,South,Clothing,Jeans,8,1200,9600,Wholesale
2025-04-23,North,Clothing,Kurta,3,800,2400,Online
2024-11-13,North,Electronics,Headphones,10,2000,20000,Wholesale
2024-08-25,East,Electronics,Tablet,7,20000,140000,Wholesale
2025-12-01,South,Furniture,Sofa,6,15000,90000,Retail
2026-05-09,South,Electronics,Headphones,9,2000,18000,Online
2026-01-16,East,Food,Rice,3,100,300,Retail
2026-04-20,South,Food,Rice,7,100,700,Retail
2024-09-14,South,Food,Oil,5,200,1000,Wholesale
2025-05-08,North,Clothing,Jeans,5,1200,6000,Wholesale
2025-06-10,East,Electronics,Laptop,8,45000,360000,Online
2025-12-24,South,Clothing,Jeans,2,1200,2400,Wholesale
2025-06-14,West,Furniture,Sofa,6,15000,90000,Retail
2025-12-12,East,Electronics,Laptop,1,45000,45000,Wholesale
2025-03-23,West,Food,Oil,9,200,1800,Retail
2024-07-30,East,Electronics,Tablet,1,20000,20000,Online
2025-04-12,West,Furniture,Table,8,5000,40000,Online
2025-08-06,North,Clothing,Saree,10,3000,30000,Online
2025-05-27,East,Food,Sugar,2,50,100,Wholesale
2026-03-09,South,Clothing,Kurta,3,800,2400,Wholesale
2026-04-20,North,Furniture,Table,10,5000,50000,Online
2024-08-16,North,Electronics,Mobile Phone,6,15000,90000,Retail
2025-12-20,South,Food,Sugar,1,50,50,Retail
2025-04-12,North,Clothing,Kurta,10,800,8000,Online
2025-11-12,North,Food,Oil,8,200,1600,Retail
2026-03-22,West,Clothing,Jeans,9,1200,10800,Online
2026-05-16,East,Electronics,Headphones,7,2000,14000,Wholesale
2024-07-17,North,Furniture,Chair,8,3000,24000,Retail
2026-04-22,North,Furniture,Bookshelf,5,4000,20000,Online
2026-04-26,East,Furniture,Sofa,3,15000,45000,Online
2026-01-03,West,Electronics,Tablet,7,20000,140000,Wholesale
2024-06-13,West,Clothing,T-Shirt,2,500,1000,Wholesale
2026-03-01,East,Food,Sugar,3,50,150,Online
2025-03-18,West,Food,Rice,8,100,800,Wholesale
2024-07-26,West,Electronics,Headphones,8,2000,16000,Online
2025-09-12,East,Furniture,Bookshelf,2,4000,8000,Retail
2024-08-19,West,Electronics,Tablet,6,20000,120000,Online
2025-07-19,West,Food,Oil,8,200,1600,Retail
2025-04-02,South,Furniture,Sofa,10,15000,150000,Retail
2024-11-20,South,Clothing,T-Shirt,8,500,4000,Retail
2025-06-14,North,Furniture,Bookshelf,10,4000,40000,Wholesale
2025-03-28,South,Electronics,Tablet,3,20000,60000,Retail
2024-06-15,North,Food,Coffee,6,300,1800,Wholesale
2025-06-16,East,Furniture,Chair,9,3000,27000,Online
2025-01-30,South,Clothing,T-Shirt,2,500,1000,Retail
2025-01-29,East,Electronics,Laptop,1,45000,45000,Retail
2024-08-04,East,Food,Coffee,1,300,300,Online
2026-03-08,East,Furniture,Chair,10,3000,30000,Wholesale
2024-08-13,South,Food,Rice,7,100,700,Online
2025-10-22,West,Food,Rice,8,100,800,Online
2025-05-27,West,Food,Sugar,8,50,400,Retail
2026-03-06,North,Clothing,T-Shirt,2,500,1000,Retail
2026-06-03,West,Furniture,Chair,3,3000,9000,Wholesale
2025-08-25,South,Furniture,Sofa,8,15000,120000,Online
2025-02-26,West,Clothing,Jeans,3,1200,3600,Online
2025-05-14,South,Electronics,Mobile Phone,2,15000,30000,Wholesale
2025-07-02,East,Food,Oil,4,200,800,Wholesale
2026-05-31,East,Clothing,Saree,8,3000,24000,Wholesale
2024-08-24,West,Furniture,Bookshelf,2,4000,8000,Wholesale
2024-06-09,East,Clothing,T-Shirt,5,500,2500,Retail
2024-06-25,South,Electronics,Mobile Phone,9,15000,135000,Online
2024-06-10,North,Clothing,T-Shirt,1,500,500,Wholesale
2025-02-24,West,Clothing,T-Shirt,1,500,500,Online
2024-07-11,East,Electronics,Laptop,5,45000,225000,Retail
2025-11-21,East,Food,Sugar,10,50,500,Retail
2025-02-10,North,Food,Sugar,7,50,350,Retail
2025-05-01,North,Food,Sugar,9,50,450,Wholesale
2026-03-07,North,Clothing,Jeans,5,1200,6000,Wholesale
2025-09-17,South,Food,Coffee,8,300,2400,Retail
2026-04-25,South,Food,Coffee,6,300,1800,Online
2026-01-16,East,Food,Coffee,6,300,1800,Wholesale
2024-12-21,West,Electronics,Mobile Phone,3,15000,45000,Retail
2025-06-29,North,Furniture,Table,2,5000,10000,Wholesale
2024-09-22,South,Furniture,Chair,1,3000,3000,Online
2026-01-18,South,Electronics,Mobile Phone,9,15000,135000,Wholesale
2025-07-29,East,Electronics,Tablet,8,20000,160000,Wholesale
2024-10-06,South,Furniture,Table,10,5000,50000,Retail
2026-05-02,East,Electronics,Laptop,7,45000,315000,Retail
2026-03-27,North,Electronics,Mobile Phone,9,15000,135000,Online
2024-12-19,South,Clothing,Saree,4,3000,12000,Retail
2024-08-29,East,Electronics,Laptop,6,45000,270000,Online
2024-10-20,North,Electronics,Tablet,4,20000,80000,Retail
2024-12-25,South,Food,Sugar,2,50,100,Online
2025-03-22,East,Clothing,Saree,3,3000,9000,Online
2024-10-29,North,Food,Rice,10,100,1000,Online
2025-03-23,South,Electronics,Mobile Phone,1,15000,15000,Online
2025-07-24,South,Furniture,Bookshelf,2,4000,8000,Online
2025-10-23,West,Food,Rice,7,100,700,Retail
2025-12-29,West,Electronics,Tablet,7,20000,140000,Wholesale
2024-11-03,West,Food,Oil,6,200,1200,Retail
2024-12-14,West,Furniture,Chair,7,3000,21000,Online
2026-01-31,West,Food,Sugar,2,50,100,Retail
2024-10-21,East,Furniture,Sofa,10,15000,150000,Wholesale
2025-02-16,East,Food,Sugar,4,50,200,Wholesale
2026-03-13,East,Furniture,Chair,7,3000,21000,Wholesale
2024-08-31,North,Clothing,Jeans,7,1200,8400,Wholesale
2025-01-03,West,Clothing,Kurta,1,800,800,Online
2025-12-17,North,Food,Oil,9,200,1800,Wholesale
2025-08-01,West,Furniture,Sofa,9,15000,135000,Retail
2024-12-01,North,Food,Rice,6,100,600,Online
2024-09-05,West,Clothing,Kurta,8,800,6400,Retail
2025-10-03,South,Electronics,Tablet,8,20000,160000,Wholesale
2026-02-20,South,Clothing,T-Shirt,1,500,500,Retail
2024-10-28,West,Clothing,T-Shirt,3,500,1500,Retail
2025-06-19,South,Food,Sugar,2,50,100,Wholesale
2025-08-05,East,Clothing,Kurta,1,800,800,Retail
2026-04-11,North,Food,Oil,5,200,1000,Online
2024-06-19,East,Clothing,T-Shirt,2,500,1000,Retail
2025-11-28,West,Electronics,Tablet,3,20000,60000,Online
2026-05-30,West,Electronics,Laptop,10,45000,450000,Wholesale
2024-09-18,West,Electronics,Headphones,4,2000,8000,Wholesale
2025-03-06,West,Electronics,Laptop,3,45000,135000,Wholesale
2026-02-24,East,Furniture,Chair,10,3000,30000,Retail
2025-09-26,West,Food,Oil,9,200,1800,Retail
2025-10-20,West,Food,Oil,4,200,800,Retail
2025-02-15,South,Furniture,Sofa,8,15000,120000,Wholesale
2025-05-16,North,Electronics,Tablet,7,20000,140000,Wholesale
2026-05-14,South,Electronics,Mobile Phone,1,15000,15000,Online
2026-05-06,East,Furniture,Bookshelf,10,4000,40000,Wholesale
2025-10-03,West,Clothing,Jeans,2,1200,2400,Wholesale
2025-07-30,East,Clothing,Jeans,7,1200,8400,Retail
2025-08-23,North,Furniture,Bookshelf,3,4000,12000,Online
2025-08-25,East,Electronics,Mobile Phone,9,15000,135000,Retail
2025-04-16,North,Electronics,Laptop,8,45000,360000,Online
2024-11-16,West,Food,Sugar,9,50,450,Online
2024-10-28,West,Food,Rice,6,100,600,Online
2025-10-08,West,Clothing,Saree,6,3000,18000,Wholesale
2025-10-20,South,Clothing,Kurta,1,800,800,Retail
2026-04-04,West,Electronics,Laptop,10,45000,450000,Online
2025-08-03,South,Food,Oil,6,200,1200,Retail
2025-12-15,East,Electronics,Tablet,5,20000,100000,Wholesale
2026-03-10,South,Clothing,T-Shirt,8,500,4000,Wholesale
2025-11-16,East,Food,Oil,8,200,1600,Retail
2025-07-17,East,Electronics,Tablet,6,20000,120000,Retail
2026-01-23,South,Furniture,Bookshelf,1,4000,4000,Retail
2024-06-04,East,Clothing,Kurta,3,800,2400,Retail
2024-12-23,North,Electronics,Headphones,9,2000,18000,Online
2025-06-27,South,Electronics,Laptop,4,45000,180000,Wholesale
2025-10-12,North,Clothing,Saree,4,3000,12000,Wholesale
2025-01-30,South,Clothing,Jeans,4,1200,4800,Wholesale
2024-09-15,West,Furniture,Bookshelf,10,4000,40000,Retail
2025-03-18,South,Food,Rice,4,100,400,Wholesale
2024-08-16,West,Electronics,Headphones,6,2000,12000,Online
2026-02-05,East,Furniture,Sofa,9,15000,135000,Wholesale
2025-05-03,West,Food,Sugar,7,50,350,Retail
2026-01-14,North,Food,Rice,2,100,200,Retail
2026-04-28,East,Furniture,Sofa,7,15000,105000,Wholesale
2025-04-17,North,Furniture,Bookshelf,5,4000,20000,Online
2026-02-03,West,Clothing,Saree,7,3000,21000,Retail
2025-12-09,South,Food,Coffee,1,300,300,Wholesale
2025-01-08,South,Furniture,Table,8,5000,40000,Online
2026-02-13,North,Electronics,Laptop,1,45000,45000,Retail
2024-08-09,North,Food,Coffee,9,300,2700,Wholesale
2025-01-06,East,Electronics,Tablet,9,20000,180000,Wholesale
2026-02-13,North,Furniture,Bookshelf,8,4000,32000,Wholesale
2026-01-08,South,Electronics,Headphones,7,2000,14000,Retail
2025-07-10,East,Food,Rice,10,100,1000,Retail
2025-04-19,West,Food,Rice,1,100,100,Online
2024-10-14,South,Food,Coffee,3,300,900,Wholesale
2025-06-12,North,Electronics,Tablet,1,20000,20000,Wholesale
2024-10-02,West,Electronics,Tablet,5,20000,100000,Retail
2024-12-06,East,Clothing,Saree,9,3000,27000,Wholesale
2024-12-21,North,Clothing,T-Shirt,2,500,1000,Online
2026-05-27,South,Furniture,Bookshelf,3,4000,12000,Online
2025-02-26,South,Clothing,T-Shirt,3,500,1500,Wholesale
2024-10-22,West,Furniture,Sofa,10,15000,150000,Online
2025-10-22,South,Furniture,Table,5,5000,25000,Online
2025-03-09,South,Electronics,Tablet,7,20000,140000,Wholesale
2025-07-14,East,Clothing,T-Shirt,7,500,3500,Retail
2025-09-24,East,Furniture,Chair,5,3000,15000,Wholesale
2025-07-10,East,Electronics,Headphones,9,2000,18000,Retail
2024-08-05,South,Food,Oil,5,200,1000,Online
2025-06-09,South,Electronics,Mobile Phone,2,15000,30000,Wholesale
2025-08-31,West,Food,Oil,4,200,800,Wholesale
2025-02-01,West,Electronics,Tablet,10,20000,200000,Retail
2024-06-26,South,Furniture,Table,1,5000,5000,Retail
2024-10-16,East,Clothing,Saree,9,3000,27000,Wholesale
2025-12-04,West,Food,Rice,10,100,1000,Wholesale
2026-04-07,West,Furniture,Table,2,5000,10000,Wholesale
2026-03-13,South,Clothing,Kurta,1,800,800,Retail
2025-10-09,East,Food,Coffee,4,300,1200,Retail
2024-08-24,South,Electronics,Mobile Phone,2,15000,30000,Retail
2025-11-22,South,Furniture,Table,4,5000,20000,Online
2025-04-10,West,Furniture,Sofa,5,15000,75000,Retail
2025-12-22,South,Clothing,Jeans,9,1200,10800,Retail
2025-10-23,South,Furniture,Chair,5,3000,15000,Online
2025-09-23,North,Food,Sugar,7,50,350,Wholesale
2026-04-30,East,Electronics,Laptop,7,45000,315000,Wholesale
2026-04-07,East,Food,Rice,10,100,1000,Retail
2024-11-28,North,Electronics,Laptop,10,45000,450000,Wholesale
2025-03-22,South,Electronics,Headphones,3,2000,6000,Wholesale
2026-03-03,West,Electronics,Headphones,3,2000,6000,Retail
2025-03-21,South,Electronics,Headphones,3,2000,6000,Wholesale
2026-02-12,East,Electronics,Headphones,10,2000,20000,Retail
2024-09-02,West,Electronics,Tablet,10,20000,200000,Wholesale
2024-06-25,East,Electronics,Tablet,1,20000,20000,Retail
2025-01-21,North,Furniture,Sofa,10,15000,150000,Retail
2026-05-27,East,Clothing,T-Shirt,6,500,3000,Wholesale
2025-11-26,East,Food,Oil,8,200,1600,Online
2025-11-21,East,Electronics,Headphones,8,2000,16000,Online
2026-05-02,West,Electronics,Laptop,2,45000,90000,Wholesale
2024-08-04,North,Electronics,Laptop,10,45000,450000,Retail
2024-09-25,West,Food,Oil,5,200,1000,Online
2025-10-20,West,Clothing,T-Shirt,5,500,2500,Retail
2024-09-20,West,Clothing,T-Shirt,4,500,2000,Retail
2026-02-22,West,Food,Oil,10,200,2000,Wholesale
2025-10-22,West,Electronics,Tablet,10,20000,200000,Retail
2026-03-25,South,Food,Coffee,8,300,2400,Retail
2025-03-11,North,Furniture,Sofa,10,15000,150000,Wholesale
2025-12-03,West,Electronics,Tablet,2,20000,40000,Retail
2024-09-09,East,Food,Rice,5,100,500,Online
2025-06-28,North,Electronics,Headphones,6,2000,12000,Online
2024-06-24,West,Food,Oil,7,200,1400,Retail
2025-12-25,South,Electronics,Headphones,9,2000,18000,Retail
2025-11-15,West,Electronics,Laptop,5,45000,225000,Online
2024-06-14,North,Electronics,Mobile Phone,2,15000,30000,Online
2025-03-23,South,Clothing,Saree,6,3000,18000,Online
2025-04-15,North,Furniture,Bookshelf,2,4000,8000,Online
2026-04-27,North,Clothing,Jeans,8,1200,9600,Wholesale
2026-02-16,East,Furniture,Sofa,4,15000,60000,Retail
2025-08-29,West,Food,Rice,3,100,300,Retail
2024-09-09,West,Electronics,Laptop,9,45000,405000,Retail
2025-11-07,North,Clothing,Kurta,7,800,5600,Retail
2025-01-23,East,Furniture,Table,1,5000,5000,Online
2025-09-07,West,Clothing,Kurta,8,800,6400,Retail
2025-11-06,West,Furniture,Sofa,8,15000,120000,Retail
2025-09-29,North,Food,Oil,7,200,1400,Online
2025-01-13,South,Food,Sugar,9,50,450,Wholesale
2025-01-30,North,Furniture,Sofa,2,15000,30000,Wholesale
2024-06-26,South,Clothing,Saree,7,3000,21000,Online
2025-07-30,East,Furniture,Table,1,5000,5000,Retail
2025-11-24,East,Food,Sugar,7,50,350,Retail
2025-01-11,South,Clothing,Saree,2,3000,6000,Online
2024-11-10,North,Food,Sugar,1,50,50,Wholesale
2026-01-27,North,Clothing,T-Shirt,9,500,4500,Wholesale
2025-09-18,West,Electronics,Headphones,7,2000,14000,Retail
2025-02-19,West,Electronics,Laptop,6,45000,270000,Online
2025-07-31,West,Furniture,Sofa,9,15000,135000,Online
2026-03-05,West,Clothing,T-Shirt,3,500,1500,Wholesale
2026-05-17,West,Furniture,Sofa,2,15000,30000,Retail
2025-05-30,East,Clothing,T-Shirt,10,500,5000,Retail
2026-02-15,West,Furniture,Bookshelf,3,4000,12000,Online
2025-05-04,North,Food,Sugar,10,50,500,Wholesale
2026-04-07,North,Furniture,Chair,6,3000,18000,Online
2026-03-22,East,Electronics,Laptop,4,45000,180000,Online
2025-06-18,West,Electronics,Mobile Phone,8,15000,120000,Online
2026-05-20,East,Furniture,Bookshelf,3,4000,12000,Wholesale
2026-05-02,West,Electronics,Mobile Phone,2,15000,30000,Online
2025-04-30,East,Furniture,Bookshelf,5,4000,20000,Online
2025-06-29,North,Clothing,T-Shirt,3,500,1500,Retail
2025-12-14,South,Food,Sugar,2,50,100,Retail
2026-04-22,East,Clothing,Jeans,9,1200,10800,Wholesale
2024-06-20,East,Food,Coffee,1,300,300,Wholesale
2025-05-24,West,Food,Oil,8,200,1600,Online
2024-08-30,East,Electronics,Laptop,3,45000,135000,Wholesale
2024-11-03,North,Food,Oil,7,200,1400,Wholesale
2025-04-07,South,Food,Oil,3,200,600,Retail
2026-03-17,South,Electronics,Tablet,2,20000,40000,Wholesale
2025-11-28,South,Clothing,T-Shirt,3,500,1500,Retail
2025-10-19,West,Furniture,Table,8,5000,40000,Wholesale
2024-07-31,South,Clothing,Kurta,2,800,1600,Retail
2025-02-24,West,Food,Sugar,8,50,400,Online
2026-05-01,South,Food,Coffee,4,300,1200,Wholesale
2025-11-04,South,Clothing,T-Shirt,10,500,5000,Online
2024-07-17,North,Food,Rice,5,100,500,Wholesale
2026-01-20,North,Food,Sugar,3,50,150,Wholesale
2025-08-18,East,Electronics,Tablet,6,20000,120000,Online
2024-08-09,South,Clothing,Kurta,8,800,6400,Wholesale
2025-08-20,East,Furniture,Sofa,5,15000,75000,Online
2025-12-28,West,Food,Sugar,6,50,300,Wholesale
2026-02-26,East,Clothing,Kurta,5,800,4000,Retail
2024-08-04,West,Electronics,Tablet,2,20000,40000,Retail
2024-06-19,East,Food,Coffee,4,300,1200,Online
2025-09-12,North,Electronics,Laptop,8,45000,360000,Online
2026-01-14,South,Food,Oil,3,200,600,Online
2024-07-24,North,Clothing,T-Shirt,10,500,5000,Retail
2024-11-02,North,Clothing,Saree,3,3000,9000,Online
2025-10-21,North,Clothing,T-Shirt,7,500,3500,Wholesale
2024-06-23,North,Electronics,Laptop,5,45000,225000,Online
2024-07-25,North,Electronics,Tablet,1,20000,20000,Retail
2025-06-04,East,Electronics,Laptop,6,45000,270000,Online
2025-02-03,East,Electronics,Tablet,9,20000,180000,Online
2025-12-29,East,Clothing,Jeans,7,1200,8400,Wholesale
2025-05-05,West,Clothing,Jeans,9,1200,10800,Wholesale
2025-08-19,South,Clothing,T-Shirt,6,500,3000,Online
2026-04-27,East,Electronics,Laptop,3,45000,135000,Online
2025-03-29,South,Clothing,Jeans,8,1200,9600,Retail
2024-11-09,East,Food,Oil,2,200,400,Retail
2024-08-19,West,Food,Sugar,4,50,200,Wholesale
2026-03-18,North,Electronics,Headphones,4,2000,8000,Wholesale
2025-11-23,North,Electronics,Headphones,4,2000,8000,Online
2025-02-15,North,Electronics,Mobile Phone,10,15000,150000,Online
2024-10-22,West,Furniture,Chair,1,3000,3000,Wholesale
2024-10-19,North,Clothing,Kurta,10,800,8000,Online
2026-01-06,South,Electronics,Tablet,6,20000,120000,Retail
2025-04-09,South,Furniture,Bookshelf,7,4000,28000,Retail
2025-10-25,South,Furniture,Bookshelf,5,4000,20000,Online
2025-05-27,North,Food,Coffee,9,300,2700,Online
2025-05-28,West,Food,Oil,1,200,200,Online
2025-07-29,East,Furniture,Sofa,9,15000,135000,Retail
2024-07-11,South,Furniture,Bookshelf,6,4000,24000,Wholesale
2025-08-15,East,Electronics,Headphones,10,2000,20000,Retail
2026-03-18,West,Food,Oil,1,200,200,Retail
2024-08-07,North,Furniture,Table,5,5000,25000,Retail
2025-03-24,North,Electronics,Tablet,7,20000,140000,Online
2025-07-19,East,Electronics,Headphones,6,2000,12000,Wholesale
2024-07-21,South,Furniture,Bookshelf,4,4000,16000,Retail
2025-06-14,West,Food,Rice,3,100,300,Online
2026-03-29,South,Electronics,Tablet,1,20000,20000,Wholesale
2025-02-28,West,Electronics,Headphones,6,2000,12000,Retail
2024-06-09,South,Furniture,Sofa,2,15000,30000,Retail
2026-02-25,South,Clothing,Kurta,8,800,6400,Wholesale
2024-10-10,North,Electronics,Tablet,9,20000,180000,Retail
2025-10-24,East,Furniture,Sofa,6,15000,90000,Online
2024-06-26,South,Clothing,T-Shirt,1,500,500,Wholesale
2024-09-26,West,Furniture,Bookshelf,2,4000,8000,Wholesale
2025-10-31,East,Clothing,T-Shirt,2,500,1000,Wholesale
2025-09-07,East,Food,Coffee,1,300,300,Retail
2025-07-18,South,Food,Oil,7,200,1400,Retail
2025-01-09,West,Furniture,Sofa,10,15000,150000,Online
2024-09-29,North,Electronics,Mobile Phone,4,15000,60000,Retail
2026-03-01,South,Electronics,Tablet,2,20000,40000,Retail
2025-04-27,South,Clothing,T-Shirt,3,500,1500,Wholesale
2024-11-17,East,Clothing,Jeans,7,1200,8400,Online
2026-05-27,East,Furniture,Table,5,5000,25000,Wholesale
2025-09-30,North,Food,Oil,5,200,1000,Wholesale
2024-07-11,West,Electronics,Tablet,1,20000,20000,Wholesale
2024-10-08,West,Electronics,Mobile Phone,10,15000,150000,Online
2025-10-17,North,Food,Rice,6,100,600,Wholesale
2026-04-02,South,Electronics,Headphones,3,2000,6000,Wholesale
2025-02-16,West,Food,Oil,4,200,800,Online
2025-09-29,West,Clothing,T-Shirt,9,500,4500,Online
2025-03-24,West,Furniture,Table,10,5000,50000,Retail
2025-12-30,East,Food,Coffee,7,300,2100,Online
2026-04-12,North,Furniture,Chair,2,3000,6000,Online
2025-05-19,West,Electronics,Headphones,9,2000,18000,Online
2026-04-28,East,Furniture,Sofa,6,15000,90000,Retail
2024-09-21,West,Clothing,Saree,8,3000,24000,Wholesale
2025-12-19,West,Food,Coffee,2,300,600,Online
2025-11-17,East,Electronics,Laptop,7,45000,315000,Retail
2024-08-17,East,Food,Rice,3,100,300,Online
2025-11-27,West,Food,Rice,10,100,1000,Wholesale
2025-12-28,South,Food,Sugar,3,50,150,Online
2025-03-10,South,Furniture,Table,5,5000,25000,Retail
2025-06-17,South,Electronics,Mobile Phone,10,15000,150000,Retail
2025-11-18,West,Clothing,Jeans,1,1200,1200,Retail
2025-02-23,East,Food,Rice,1,100,100,Retail
2025-02-20,North,Furniture,Table,10,5000,50000,Wholesale
2026-02-15,North,Electronics,Mobile Phone,5,15000,75000,Retail
2025-04-26,East,Food,Oil,1,200,200,Retail
2025-12-21,East,Furniture,Bookshelf,2,4000,8000,Wholesale
2026-05-08,East,Electronics,Mobile Phone,4,15000,60000,Retail
2026-02-09,West,Food,Coffee,1,300,300,Online
2025-07-31,West,Electronics,Tablet,10,20000,200000,Online
2026-06-02,East,Furniture,Chair,1,3000,3000,Online
2024-07-30,East,Clothing,T-Shirt,2,500,1000,Wholesale
2026-04-27,South,Clothing,Kurta,10,800,8000,Wholesale
2025-08-31,North,Food,Coffee,7,300,2100,Wholesale
2026-04-27,North,Electronics,Tablet,8,20000,160000,Retail
2024-10-05,East,Furniture,Sofa,3,15000,45000,Retail
2025-02-22,North,Clothing,Kurta,8,800,6400,Wholesale
2026-04-06,North,Furniture,Sofa,2,15000,30000,Retail
2026-05-08,West,Clothing,Saree,1,3000,3000,Retail
2025-02-11,West,Food,Rice,3,100,300,Wholesale
2025-09-05,East,Electronics,Mobile Phone,3,15000,45000,Online
2024-07-27,East,Furniture,Table,2,5000,10000,Wholesale
2026-04-28,West,Furniture,Table,4,5000,20000,Online
2024-07-08,East,Furniture,Sofa,5,15000,75000,Wholesale
2024-09-09,West,Clothing,Kurta,7,800,5600,Wholesale
2024-10-31,North,Food,Rice,5,100,500,Retail
2026-05-13,North,Food,Coffee,3,300,900,Retail
2025-03-31,West,Clothing,Jeans,5,1200,6000,Wholesale
2024-11-04,West,Clothing,Jeans,2,1200,2400,Wholesale
2024-12-25,South,Clothing,Jeans,8,1200,9600,Online
2025-09-23,West,Electronics,Tablet,8,20000,160000,Online
2024-10-05,East,Furniture,Sofa,5,15000,75000,Wholesale
2025-04-13,East,Clothing,Kurta,9,800,7200,Wholesale
2026-05-29,West,Clothing,Saree,7,3000,21000,Online
2025-12-02,South,Clothing,T-Shirt,1,500,500,Wholesale
2025-05-15,West,Furniture,Bookshelf,3,4000,12000,Online
2026-04-13,South,Electronics,Headphones,9,2000,18000,Wholesale
2025-01-24,East,Furniture,Chair,4,3000,12000,Wholesale
2025-03-30,West,Electronics,Mobile Phone,7,15000,105000,Wholesale
2025-10-02,South,Electronics,Mobile Phone,7,15000,105000,Retail
2025-06-13,North,Clothing,T-Shirt,6,500,3000,Wholesale
2026-04-04,West,Furniture,Sofa,1,15000,15000,Online
2025-11-02,West,Clothing,T-Shirt,1,500,500,Online
2025-05-14,South,Clothing,Kurta,6,800,4800,Online
2025-10-11,West,Furniture,Chair,2,3000,6000,Retail
2025-03-23,South,Clothing,Saree,5,3000,15000,Retail
2026-05-01,North,Food,Coffee,10,300,3000,Retail
2025-09-22,East,Food,Oil,2,200,400,Wholesale
2025-07-03,North,Electronics,Tablet,10,20000,200000,Wholesale
2024-06-16,West,Clothing,T-Shirt,2,500,1000,Wholesale
2024-07-04,North,Clothing,Jeans,8,1200,9600,Online
2025-03-26,West,Electronics,Headphones,8,2000,16000,Wholesale
2026-04-12,North,Electronics,Laptop,4,45000,180000,Wholesale
2024-09-14,North,Clothing,Kurta,3,800,2400,Retail
2024-11-04,North,Food,Oil,8,200,1600,Wholesale
2024-12-18,North,Furniture,Bookshelf,2,4000,8000,Online
2026-06-01,North,Electronics,Headphones,3,2000,6000,Retail
2026-04-08,South,Food,Oil,9,200,1800,Wholesale
2024-06-17,North,Electronics,Tablet,9,20000,180000,Retail
2026-02-03,West,Food,Rice,6,100,600,Online
2025-06-06,West,Electronics,Tablet,4,20000,80000,Online
2026-03-19,North,Clothing,Jeans,10,1200,12000,Online
2025-12-02,West,Electronics,Tablet,7,20000,140000,Retail
2024-09-07,South,Furniture,Chair,1,3000,3000,Retail
2026-04-08,West,Electronics,Mobile Phone,7,15000,105000,Wholesale
2026-03-01,North,Furniture,Bookshelf,6,4000,24000,Wholesale
2026-02-14,East,Furniture,Bookshelf,6,4000,24000,Retail
2025-10-28,East,Furniture,Table,2,5000,10000,Retail
2025-11-13,West,Electronics,Tablet,9,20000,180000,Wholesale
2026-04-17,East,Food,Rice,8,100,800,Retail
2025-10-21,South,Food,Rice,2,100,200,Wholesale
2024-12-17,South,Furniture,Table,10,5000,50000,Wholesale
2025-05-26,West,Furniture,Table,6,5000,30000,Retail
2024-07-06,East,Food,Oil,8,200,1600,Retail
2024-10-05,East,Electronics,Mobile Phone,3,15000,45000,Online
2025-07-13,North,Electronics,Headphones,6,2000,12000,Wholesale
2024-10-31,East,Food,Sugar,4,50,200,Online
2025-04-07,West,Electronics,Mobile Phone,5,15000,75000,Retail
2026-03-16,East,Clothing,Saree,2,3000,6000,Retail
2026-04-10,North,Electronics,Laptop,1,45000,45000,Retail
2025-10-13,South,Clothing,Saree,7,3000,21000,Retail
2026-01-27,West,Food,Oil,4,200,800,Retail
2025-07-07,East,Electronics,Laptop,9,45000,405000,Online
2026-01-28,South,Furniture,Table,9,5000,45000,Retail
2026-03-03,East,Clothing,Kurta,4,800,3200,Wholesale
2026-05-25,West,Electronics,Laptop,4,45000,180000,Wholesale
2026-05-28,East,Clothing,Saree,9,3000,27000,Online
2025-03-22,East,Furniture,Sofa,2,15000,30000,Retail
2024-06-08,North,Clothing,Jeans,8,1200,9600,Wholesale
2026-02-22,East,Electronics,Mobile Phone,6,15000,90000,Retail
2025-09-21,South,Electronics,Laptop,10,45000,450000,Wholesale
2025-02-28,South,Furniture,Table,6,5000,30000,Wholesale
2024-08-02,North,Clothing,Kurta,7,800,5600,Wholesale
2024-07-02,North,Clothing,Saree,4,3000,12000,Wholesale
2025-01-02,West,Furniture,Chair,7,3000,21000,Online
2025-11-22,East,Furniture,Bookshelf,5,4000,20000,Retail
2024-07-09,East,Furniture,Sofa,6,15000,90000,Wholesale
2026-03-15,West,Clothing,T-Shirt,10,500,5000,Retail
2025-06-13,West,Clothing,Jeans,4,1200,4800,Wholesale
2025-07-19,East,Furniture,Table,5,5000,25000,Wholesale
2025-03-11,North,Furniture,Bookshelf,3,4000,12000,Retail
2024-07-24,South,Clothing,Kurta,9,800,7200,Online
2024-11-12,South,Electronics,Tablet,5,20000,100000,Retail
2024-07-22,North,Electronics,Headphones,3,2000,6000,Retail
2025-02-12,North,Furniture,Bookshelf,4,4000,16000,Retail
2026-03-22,North,Electronics,Laptop,8,45000,360000,Retail
2025-08-20,North,Electronics,Tablet,5,20000,100000,Retail
2025-06-19,West,Clothing,Saree,8,3000,24000,Retail
2024-07-23,West,Furniture,Chair,6,3000,18000,Retail
2025-12-01,West,Furniture,Chair,1,3000,3000,Retail
2025-03-15,West,Food,Rice,10,100,1000,Wholesale
2024-11-13,East,Food,Rice,1,100,100,Online
2024-11-25,North,Clothing,Saree,6,3000,18000,Online
2024-10-12,West,Clothing,Jeans,5,1200,6000,Wholesale
2025-12-05,North,Furniture,Chair,10,3000,30000,Retail
2024-07-23,North,Furniture,Sofa,7,15000,105000,Online
2025-07-27,West,Food,Sugar,9,50,450,Online
2025-02-02,East,Electronics,Laptop,10,45000,450000,Wholesale
2026-05-28,South,Furniture,Sofa,7,15000,105000,Wholesale
2024-09-28,South,Electronics,Headphones,7,2000,14000,Wholesale
2025-01-06,North,Food,Rice,10,100,1000,Online
2024-08-10,West,Electronics,Headphones,2,2000,4000,Online
2025-06-17,South,Furniture,Table,3,5000,15000,Retail
2025-08-11,North,Clothing,Saree,2,3000,6000,Retail
2025-11-15,West,Electronics,Tablet,1,20000,20000,Online
2025-11-21,East,Food,Rice,6,100,600,Retail
2025-07-17,South,Furniture,Chair,3,3000,9000,Retail
2024-09-27,North,Furniture,Table,7,5000,35000,Wholesale
2025-03-27,West,Clothing,Saree,5,3000,15000,Retail
2025-03-20,South,Food,Coffee,8,300,2400,Online
2025-11-18,North,Furniture,Sofa,10,15000,150000,Wholesale
2025-06-04,North,Food,Oil,4,200,800,Online
2026-02-25,East,Clothing,T-Shirt,10,500,5000,Retail
2025-11-18,East,Food,Oil,10,200,2000,Wholesale
2025-01-25,East,Furniture,Sofa,5,15000,75000,Retail
2024-10-17,North,Electronics,Headphones,1,2000,2000,Online
2024-08-11,North,Clothing,T-Shirt,5,500,2500,Retail
2024-08-16,East,Furniture,Table,1,5000,5000,Wholesale
2025-06-27,South,Food,Sugar,4,50,200,Retail
2025-12-14,West,Food,Oil,10,200,2000,Retail
2025-07-05,South,Food,Rice,7,100,700,Retail
2025-06-18,East,Furniture,Table,10,5000,50000,Online
2025-09-20,West,Clothing,Kurta,3,800,2400,Retail
2025-05-07,East,Food,Coffee,1,300,300,Retail
2026-05-07,West,Clothing,T-Shirt,4,500,2000,Wholesale
2024-08-28,South,Furniture,Sofa,8,15000,120000,Retail
2025-11-01,West,Food,Sugar,7,50,350,Online
2024-11-06,South,Furniture,Table,5,5000,25000,Retail
2026-01-09,West,Clothing,Kurta,5,800,4000,Wholesale
2024-10-22,West,Furniture,Bookshelf,4,4000,16000,Wholesale
2025-07-22,West,Food,Oil,8,200,1600,Wholesale
2025-11-16,West,Food,Oil,9,200,1800,Wholesale
2025-10-15,East,Furniture,Sofa,2,15000,30000,Retail
2025-11-13,West,Electronics,Mobile Phone,9,15000,135000,Wholesale
2025-07-23,East,Clothing,Jeans,7,1200,8400,Wholesale
2025-01-12,South,Furniture,Table,1,5000,5000,Online
2025-05-29,South,Food,Sugar,7,50,350,Wholesale
2026-06-03,East,Electronics,Headphones,7,2000,14000,Wholesale
2024-09-25,East,Furniture,Bookshelf,9,4000,36000,Online
2026-02-04,South,Food,Oil,6,200,1200,Retail
2026-04-16,West,Clothing,Saree,3,3000,9000,Retail
2024-08-17,North,Clothing,Kurta,3,800,2400,Retail
2024-07-17,North,Food,Coffee,6,300,1800,Retail
2026-05-16,West,Food,Oil,10,200,2000,Retail
2026-01-18,East,Electronics,Headphones,4,2000,8000,Online
2024-10-04,East,Furniture,Bookshelf,3,4000,12000,Retail
2025-12-13,East,Furniture,Table,3,5000,15000,Retail
2024-08-01,South,Furniture,Table,10,5000,50000,Online
2025-03-26,East,Food,Rice,7,100,700,Wholesale
2025-10-29,North,Clothing,Jeans,2,1200,2400,Wholesale
2025-11-17,North,Electronics,Laptop,10,45000,450000,Wholesale
2024-07-09,West,Furniture,Table,6,5000,30000,Online
2026-02-23,East,Furniture,Chair,1,3000,3000,Retail
2024-09-05,North,Food,Rice,1,100,100,Online
2024-06-21,South,Food,Coffee,2,300,600,Online
2026-03-11,West,Furniture,Table,8,5000,40000,Wholesale
2025-01-12,South,Electronics,Laptop,8,45000,360000,Retail
2025-05-14,East,Furniture,Table,8,5000,40000,Wholesale
2025-10-15,South,Food,Coffee,1,300,300,Online
2026-02-21,East,Electronics,Mobile Phone,5,15000,75000,Wholesale
2026-01-01,North,Food,Coffee,4,300,1200,Online
2026-01-13,North,Food,Sugar,8,50,400,Wholesale
2025-08-03,East,Food,Sugar,8,50,400,Online
2025-12-23,South,Furniture,Bookshelf,8,4000,32000,Wholesale
2024-07-29,East,Clothing,Saree,2,3000,6000,Wholesale
2025-05-08,East,Furniture,Chair,1,3000,3000,Online
2024-06-25,West,Electronics,Tablet,3,20000,60000,Wholesale
2025-10-07,North,Clothing,Jeans,3,1200,3600,Online
2025-10-21,West,Clothing,Kurta,4,800,3200,Retail
2024-10-06,West,Food,Rice,5,100,500,Wholesale
2024-08-26,West,Clothing,T-Shirt,1,500,500,Retail
2026-04-03,East,Furniture,Table,10,5000,50000,Retail
2025-07-02,North,Electronics,Headphones,9,2000,18000,Online
2025-08-13,East,Electronics,Tablet,9,20000,180000,Wholesale
2025-06-23,East,Electronics,Laptop,1,45000,45000,Online
2024-06-19,East,Food,Coffee,1,300,300,Online
2025-06-19,West,Food,Sugar,10,50,500,Retail
2025-01-20,East,Clothing,Kurta,7,800,5600,Wholesale
2026-03-31,North,Clothing,Saree,10,3000,30000,Wholesale
2025-10-18,North,Clothing,Kurta,8,800,6400,Wholesale
2025-05-06,South,Food,Oil,7,200,1400,Wholesale
2025-02-08,East,Clothing,Jeans,8,1200,9600,Wholesale
2024-09-27,West,Food,Sugar,2,50,100,Retail
2025-12-30,North,Food,Coffee,6,300,1800,Wholesale
2024-06-15,West,Electronics,Mobile Phone,5,15000,75000,Retail
2026-04-19,North,Furniture,Sofa,1,15000,15000,Retail
2024-06-09,East,Food,Sugar,7,50,350,Retail
2025-10-17,South,Furniture,Chair,6,3000,18000,Online
2026-05-04,West,Furniture,Bookshelf,9,4000,36000,Online
2024-06-03,West,Clothing,Saree,5,3000,15000,Online
2024-12-18,East,Food,Sugar,8,50,400,Online
2026-01-21,South,Furniture,Bookshelf,8,4000,32000,Online
2026-04-23,North,Clothing,Saree,10,3000,30000,Retail
2025-08-20,East,Furniture,Sofa,7,15000,105000,Retail
2025-08-10,West,Food,Coffee,8,300,2400,Wholesale
2026-04-30,South,Food,Rice,9,100,900,Online
2026-01-15,North,Food,Rice,1,100,100,Wholesale
2026-05-12,South,Furniture,Bookshelf,1,4000,4000,Retail
2025-01-23,North,Clothing,Saree,6,3000,18000,Retail
2025-04-09,South,Food,Oil,3,200,600,Wholesale
2024-06-04,South,Clothing,Saree,9,3000,27000,Wholesale
2024-10-31,South,Clothing,T-Shirt,5,500,2500,Retail
2024-06-11,South,Clothing,Saree,9,3000,27000,Retail
2024-09-28,East,Furniture,Table,3,5000,15000,Retail
2025-02-28,West,Electronics,Mobile Phone,6,15000,90000,Wholesale
2026-03-18,East,Furniture,Chair,10,3000,30000,Wholesale
2024-08-02,East,Clothing,Kurta,7,800,5600,Online
2026-05-23,West,Food,Sugar,6,50,300,Wholesale
2026-03-26,North,Electronics,Mobile Phone,5,15000,75000,Retail
2025-11-13,North,Electronics,Tablet,9,20000,180000,Wholesale
2026-01-12,North,Furniture,Table,3,5000,15000,Online
2026-02-10,West,Electronics,Mobile Phone,9,15000,135000,Wholesale
2026-01-05,West,Food,Sugar,9,50,450,Wholesale
2024-08-28,North,Furniture,Sofa,3,15000,45000,Retail
2025-06-20,North,Furniture,Chair,4,3000,12000,Retail
2024-09-14,South,Electronics,Mobile Phone,3,15000,45000,Wholesale
2026-04-29,East,Furniture,Chair,8,3000,24000,Online
2024-12-09,North,Food,Rice,5,100,500,Wholesale
2024-11-15,South,Furniture,Bookshelf,2,4000,8000,Retail
2026-02-09,West,Food,Coffee,9,300,2700,Online
2025-04-05,North,Furniture,Bookshelf,3,4000,12000,Online
2024-11-28,West,Clothing,T-Shirt,1,500,500,Retail
2025-09-16,North,Clothing,T-Shirt,10,500,5000,Wholesale
2025-07-15,North,Clothing,Saree,3,3000,9000,Retail
2025-01-17,South,Food,Coffee,6,300,1800,Online
2025-01-30,East,Electronics,Tablet,6,20000,120000,Online
2024-07-30,West,Furniture,Table,7,5000,35000,Online
2026-02-19,South,Electronics,Headphones,10,2000,20000,Online
2024-06-23,East,Food,Rice,8,100,800,Retail
2026-01-16,South,Electronics,Headphones,2,2000,4000,Online
2026-04-28,East,Furniture,Table,8,5000,40000,Wholesale
2025-08-04,South,Furniture,Chair,2,3000,6000,Online
2025-09-05,North,Electronics,Mobile Phone,4,15000,60000,Online
2025-10-18,South,Food,Sugar,8,50,400,Online
2024-07-04,West,Electronics,Headphones,8,2000,16000,Online
2026-01-30,East,Food,Oil,8,200,1600,Online
2025-09-03,North,Furniture,Table,8,5000,40000,Retail
2024-11-26,West,Furniture,Chair,7,3000,21000,Wholesale
2025-02-17,South,Clothing,T-Shirt,5,500,2500,Retail
2024-11-16,South,Furniture,Bookshelf,7,4000,28000,Wholesale
2026-03-28,West,Electronics,Tablet,8,20000,160000,Wholesale
2026-05-25,South,Clothing,Jeans,1,1200,1200,Wholesale
2026-02-13,East,Food,Coffee,1,300,300,Wholesale
2025-09-20,North,Clothing,Kurta,10,800,8000,Online
2026-03-28,East,Food,Coffee,6,300,1800,Wholesale
2024-11-23,West,Clothing,Saree,5,3000,15000,Retail
2024-07-26,East,Clothing,Jeans,7,1200,8400,Wholesale
2024-07-18,North,Furniture,Sofa,3,15000,45000,Retail
2025-12-19,North,Furniture,Chair,6,3000,18000,Online
2025-03-19,North,Food,Sugar,3,50,150,Retail
2024-12-14,East,Electronics,Headphones,4,2000,8000,Online
2024-11-08,West,Furniture,Chair,4,3000,12000,Retail
2025-01-27,South,Furniture,Sofa,10,15000,150000,Retail
2025-11-09,North,Food,Coffee,9,300,2700,Retail
2025-05-08,South,Food,Coffee,3,300,900,Retail
2026-02-26,West,Electronics,Tablet,6,20000,120000,Wholesale
2026-04-04,West,Clothing,Kurta,8,800,6400,Wholesale
2024-10-05,East,Electronics,Headphones,8,2000,16000,Wholesale
2025-01-23,West,Clothing,Jeans,5,1200,6000,Online
2025-06-24,East,Electronics,Headphones,6,2000,12000,Wholesale
2024-12-06,South,Food,Rice,5,100,500,Retail
2026-03-07,West,Clothing,Saree,10,3000,30000,Online
2025-05-22,North,Furniture,Table,2,5000,10000,Wholesale
2025-06-05,South,Food,Oil,7,200,1400,Retail
2025-09-03,North,Food,Sugar,1,50,50,Online
2024-12-26,West,Furniture,Bookshelf,8,4000,32000,Online
2024-08-25,West,Food,Coffee,10,300,3000,Retail
2025-11-18,South,Electronics,Tablet,8,20000,160000,Retail
2024-11-19,South,Electronics,Tablet,3,20000,60000,Wholesale
2025-10-04,North,Clothing,Saree,9,3000,27000,Wholesale
2026-02-23,West,Clothing,Saree,5,3000,15000,Wholesale
2025-10-09,East,Food,Rice,2,100,200,Wholesale
2025-11-17,North,Clothing,Jeans,4,1200,4800,Online
2024-06-14,South,Electronics,Headphones,9,2000,18000,Wholesale
2024-11-17,North,Food,Coffee,5,300,1500,Retail
2024-08-14,South,Electronics,Laptop,9,45000,405000,Online
2025-06-03,East,Furniture,Table,2,5000,10000,Retail
2024-12-24,East,Furniture,Sofa,5,15000,75000,Retail
2025-09-25,North,Food,Coffee,1,300,300,Online
2026-03-20,South,Food,Sugar,4,50,200,Online
2024-07-02,West,Clothing,Kurta,10,800,8000,Retail
2024-08-07,East,Furniture,Chair,2,3000,6000,Online
2025-04-02,East,Electronics,Laptop,10,45000,450000,Wholesale
2025-04-14,East,Food,Oil,2,200,400,Wholesale
2026-04-14,East,Food,Rice,5,100,500,Online
2025-03-14,South,Food,Oil,8,200,1600,Wholesale
2025-09-20,East,Furniture,Chair,2,3000,6000,Wholesale
2025-07-18,South,Furniture,Table,8,5000,40000,Wholesale
2025-11-15,West,Furniture,Chair,2,3000,6000,Wholesale
2024-10-17,South,Furniture,Table,8,5000,40000,Wholesale
2026-04-26,East,Electronics,Headphones,5,2000,10000,Online
2025-10-08,East,Furniture,Table,4,5000,20000,Wholesale
2024-10-31,West,Electronics,Tablet,9,20000,180000,Retail
2024-07-09,East,Food,Sugar,2,50,100,Retail
2024-08-28,South,Food,Sugar,8,50,400,Online
2026-05-05,South,Furniture,Table,2,5000,10000,Wholesale
2025-01-11,North,Electronics,Tablet,8,20000,160000,Wholesale
2025-01-28,South,Electronics,Tablet,4,20000,80000,Wholesale
2025-02-17,South,Food,Oil,8,200,1600,Retail
2024-09-20,North,Food,Rice,2,100,200,Online
2025-04-02,South,Furniture,Bookshelf,2,4000,8000,Online
2025-09-06,North,Food,Oil,7,200,1400,Online
2025-03-17,North,Electronics,Laptop,6,45000,270000,Retail
2026-01-28,South,Furniture,Bookshelf,9,4000,36000,Retail
2025-03-03,East,Clothing,Kurta,4,800,3200,Retail
2024-11-03,South,Food,Coffee,10,300,3000,Wholesale
2024-12-05,North,Clothing,Kurta,4,800,3200,Retail
2025-01-25,North,Clothing,Kurta,8,800,6400,Retail
2025-07-21,East,Furniture,Table,8,5000,40000,Retail
2024-12-13,West,Food,Coffee,7,300,2100,Retail
2025-12-23,East,Clothing,Jeans,4,1200,4800,Wholesale
2025-07-26,East,Food,Rice,7,100,700,Wholesale
2025-07-25,East,Electronics,Headphones,7,2000,14000,Wholesale
2026-01-23,North,Clothing,Saree,9,3000,27000,Retail
2026-05-04,South,Furniture,Chair,3,3000,9000,Online
2024-11-13,West,Furniture,Table,10,5000,50000,Online
2025-11-26,West,Furniture,Sofa,4,15000,60000,Wholesale
2026-03-10,South,Clothing,Saree,1,3000,3000,Online
2026-02-11,West,Clothing,Jeans,1,1200,1200,Retail
2025-03-29,West,Electronics,Mobile Phone,10,15000,150000,Online
2025-11-09,East,Clothing,T-Shirt,10,500,5000,Online
2026-01-02,West,Clothing,T-Shirt,7,500,3500,Wholesale
2025-10-18,South,Food,Oil,2,200,400,Online
2026-02-02,West,Furniture,Bookshelf,8,4000,32000,Retail
2025-07-30,East,Furniture,Sofa,2,15000,30000,Wholesale
2024-08-27,West,Clothing,T-Shirt,6,500,3000,Retail
2026-02-07,South,Furniture,Bookshelf,2,4000,8000,Online
2025-02-16,South,Clothing,Saree,7,3000,21000,Online
2025-05-26,North,Clothing,Kurta,7,800,5600,Online
2026-03-10,North,Clothing,Jeans,5,1200,6000,Retail
2026-02-04,East,Clothing,Kurta,1,800,800,Retail
2025-02-13,South,Food,Rice,6,100,600,Retail
2026-03-21,South,Furniture,Chair,10,3000,30000,Retail
2025-07-17,West,Furniture,Table,2,5000,10000,Online
2026-05-31,South,Furniture,Sofa,7,15000,105000,Online
2025-01-15,North,Food,Oil,1,200,200,Online
2024-09-11,West,Clothing,Jeans,10,1200,12000,Retail
2024-12-20,West,Food,Coffee,8,300,2400,Retail
2025-02-03,West,Electronics,Mobile Phone,8,15000,120000,Online
2024-08-15,East,Furniture,Table,8,5000,40000,Wholesale
2025-11-16,South,Furniture,Bookshelf,2,4000,8000,Online
2025-07-02,West,Furniture,Table,1,5000,5000,Online
2026-04-22,East,Clothing,T-Shirt,8,500,4000,Wholesale
2025-10-11,South,Food,Coffee,8,300,2400,Wholesale
2025-02-08,South,Electronics,Mobile Phone,4,15000,60000,Online
2025-04-04,East,Food,Rice,3,100,300,Retail
2024-07-05,North,Electronics,Headphones,5,2000,10000,Wholesale
2025-06-17,East,Clothing,Saree,6,3000,18000,Wholesale
2025-07-12,East,Clothing,Kurta,2,800,1600,Wholesale
2026-04-02,East,Electronics,Headphones,5,2000,10000,Wholesale
2024-08-20,West,Food,Rice,1,100,100,Online
2025-10-20,North,Clothing,Kurta,7,800,5600,Online
2025-09-11,West,Clothing,Kurta,3,800,2400,Retail
2026-04-28,East,Food,Rice,1,100,100,Wholesale
2025-08-14,West,Food,Sugar,9,50,450,Retail
2026-06-01,South,Food,Rice,3,100,300,Retail
2025-01-08,West,Clothing,Kurta,7,800,5600,Retail
2024-09-15,West,Furniture,Bookshelf,2,4000,8000,Retail
2026-03-21,South,Clothing,Kurta,4,800,3200,Retail
2026-01-10,West,Electronics,Headphones,3,2000,6000,Retail
2026-01-08,North,Furniture,Chair,8,3000,24000,Retail
2025-12-01,South,Clothing,Jeans,4,1200,4800,Wholesale
2024-08-20,North,Clothing,T-Shirt,10,500,5000,Retail
2025-07-26,North,Furniture,Sofa,9,15000,135000,Retail
2025-07-03,South,Food,Rice,7,100,700,Online
2025-01-12,North,Furniture,Sofa,3,15000,45000,Wholesale
2025-08-23,North,Furniture,Bookshelf,1,4000,4000,Wholesale
2024-12-10,East,Food,Sugar,2,50,100,Online
2024-11-08,South,Electronics,Tablet,4,20000,80000,Wholesale
2025-06-02,East,Furniture,Table,5,5000,25000,Online
2025-08-15,East,Electronics,Laptop,2,45000,90000,Retail
2026-04-13,North,Electronics,Mobile Phone,8,15000,120000,Online
2025-12-25,West,Food,Coffee,4,300,1200,Online
2024-06-06,South,Food,Oil,5,200,1000,Online
2026-01-03,West,Food,Coffee,6,300,1800,Wholesale
2025-12-08,West,Food,Oil,9,200,1800,Retail
2025-07-13,East,Food,Rice,5,100,500,Online
2026-03-28,East,Clothing,Jeans,6,1200,7200,Wholesale
2024-08-18,East,Electronics,Tablet,6,20000,120000,Wholesale
2025-05-30,North,Food,Coffee,2,300,600,Wholesale
2026-01-03,West,Electronics,Tablet,8,20000,160000,Online
2025-09-15,East,Food,Sugar,9,50,450,Online
2026-05-03,North,Electronics,Laptop,10,45000,450000,Retail
2025-05-30,West,Electronics,Mobile Phone,8,15000,120000,Retail
2024-12-15,West,Furniture,Sofa,9,15000,135000,Wholesale
2026-03-27,East,Food,Oil,1,200,200,Online
2025-07-19,South,Food,Rice,6,100,600,Wholesale
2025-09-16,South,Electronics,Mobile Phone,5,15000,75000,Online
2026-05-18,East,Clothing,Jeans,6,1200,7200,Retail
2024-08-09,North,Electronics,Tablet,3,20000,60000,Wholesale
2025-03-05,East,Food,Sugar,8,50,400,Retail
2024-11-02,West,Furniture,Bookshelf,3,4000,12000,Retail
2026-01-19,North,Food,Oil,3,200,600,Online
2024-07-31,East,Clothing,Jeans,2,1200,2400,Wholesale
2024-08-05,West,Furniture,Sofa,7,15000,105000,Retail
2025-08-11,East,Furniture,Bookshelf,4,4000,16000,Online
2024-07-30,West,Clothing,Kurta,5,800,4000,Retail
2025-02-27,East,Clothing,Kurta,8,800,6400,Online
2025-06-06,South,Furniture,Table,1,5000,5000,Wholesale
2024-07-02,North,Furniture,Chair,10,3000,30000,Retail
2025-10-19,East,Furniture,Chair,4,3000,12000,Wholesale
2024-09-13,West,Electronics,Tablet,7,20000,140000,Retail
2025-11-11,West,Electronics,Tablet,2,20000,40000,Online
2025-12-09,North,Clothing,Jeans,4,1200,4800,Retail
2026-02-23,South,Furniture,Sofa,10,15000,150000,Wholesale
2024-11-26,South,Food,Rice,1,100,100,Online
2026-01-10,West,Food,Rice,4,100,400,Wholesale
2026-03-17,North,Clothing,Kurta,10,800,8000,Retail
2025-12-14,West,Electronics,Mobile Phone,8,15000,120000,Wholesale
2025-01-22,South,Clothing,Kurta,2,800,1600,Retail
2025-05-02,East,Electronics,Mobile Phone,6,15000,90000,Wholesale
2024-09-21,West,Clothing,Kurta,8,800,6400,Online
2024-11-20,South,Food,Sugar,1,50,50,Online
2025-09-24,West,Furniture,Sofa,3,15000,45000,Online
2025-05-02,East,Clothing,T-Shirt,2,500,1000,Wholesale
2024-07-31,East,Furniture,Table,3,5000,15000,Wholesale
2025-11-25,South,Electronics,Mobile Phone,4,15000,60000,Online
2025-05-25,South,Electronics,Headphones,5,2000,10000,Retail
2025-05-23,North,Food,Rice,7,100,700,Retail
2025-11-07,North,Clothing,Jeans,3,1200,3600,Wholesale
2024-06-19,South,Food,Rice,4,100,400,Retail
2024-09-16,South,Electronics,Headphones,1,2000,2000,Online
2025-10-10,North,Food,Sugar,3,50,150,Wholesale
2024-11-26,East,Furniture,Bookshelf,9,4000,36000,Retail
2025-04-04,East,Furniture,Table,3,5000,15000,Wholesale
2025-12-24,South,Furniture,Chair,4,3000,12000,Retail
2024-07-15,South,Clothing,T-Shirt,9,500,4500,Wholesale
2024-12-26,West,Furniture,Table,3,5000,15000,Wholesale
2025-02-15,East,Food,Sugar,10,50,500,Wholesale
2025-04-14,West,Electronics,Tablet,10,20000,200000,Retail
2026-02-24,West,Food,Sugar,7,50,350,Wholesale
2025-11-26,South,Furniture,Sofa,2,15000,30000,Wholesale
2024-08-22,East,Furniture,Sofa,4,15000,60000,Online
2024-06-13,North,Furniture,Table,4,5000,20000,Online
2024-08-06,North,Clothing,Kurta,7,800,5600,Wholesale
2024-11-04,South,Furniture,Table,1,5000,5000,Retail
2025-03-09,South,Electronics,Headphones,8,2000,16000,Retail
2026-02-15,West,Electronics,Mobile Phone,6,15000,90000,Retail
2024-11-19,North,Electronics,Mobile Phone,4,15000,60000,Wholesale
2026-04-16,West,Electronics,Mobile Phone,8,15000,120000,Retail
2025-07-11,North,Food,Coffee,1,300,300,Online
2025-04-23,West,Electronics,Laptop,4,45000,180000,Online
2026-02-05,North,Electronics,Laptop,2,45000,90000,Online
2025-07-01,North,Food,Coffee,9,300,2700,Wholesale
2026-02-15,East,Clothing,Saree,10,3000,30000,Wholesale
2025-04-13,West,Electronics,Headphones,9,2000,18000,Wholesale
2025-10-16,East,Electronics,Tablet,6,20000,120000,Online
2025-04-15,East,Clothing,T-Shirt,5,500,2500,Online
2024-10-06,East,Electronics,Headphones,2,2000,4000,Retail
2026-05-04,West,Clothing,T-Shirt,2,500,1000,Wholesale
2025-05-02,East,Clothing,Jeans,4,1200,4800,Wholesale
2024-07-10,North,Clothing,Saree,3,3000,9000,Online
2024-08-21,North,Food,Oil,8,200,1600,Online
2024-06-27,East,Clothing,Saree,8,3000,24000,Wholesale
2024-08-15,East,Furniture,Chair,5,3000,15000,Retail
2026-02-23,West,Furniture,Bookshelf,10,4000,40000,Wholesale
2025-10-23,North,Electronics,Laptop,10,45000,450000,Retail
2025-08-27,East,Furniture,Chair,2,3000,6000,Retail
2026-05-01,West,Clothing,Saree,9,3000,27000,Online
2026-03-06,North,Furniture,Table,8,5000,40000,Wholesale
2024-12-04,North,Furniture,Chair,1,3000,3000,Online
2025-05-10,South,Food,Sugar,2,50,100,Retail
2025-07-18,North,Food,Oil,7,200,1400,Wholesale
2026-04-06,East,Clothing,Kurta,6,800,4800,Wholesale
2024-10-31,East,Electronics,Mobile Phone,3,15000,45000,Wholesale
2026-02-08,South,Furniture,Table,8,5000,40000,Online
2026-04-10,North,Electronics,Headphones,10,2000,20000,Retail
2026-02-18,West,Clothing,T-Shirt,2,500,1000,Retail
2026-01-20,West,Clothing,Jeans,5,1200,6000,Retail
2025-08-14,East,Electronics,Tablet,2,20000,40000,Online
2025-06-10,West,Furniture,Chair,1,3000,3000,Online
2025-08-28,North,Clothing,Kurta,1,800,800,Wholesale
2025-05-21,West,Furniture,Table,4,5000,20000,Wholesale
2025-03-03,South,Furniture,Bookshelf,2,4000,8000,Online
2024-07-10,North,Furniture,Chair,4,3000,12000,Online
2026-01-03,West,Clothing,Kurta,5,800,4000,Retail
2024-11-03,North,Furniture,Bookshelf,3,4000,12000,Online
2025-08-01,South,Furniture,Bookshelf,7,4000,28000,Wholesale
2026-05-22,East,Furniture,Sofa,3,15000,45000,Wholesale
2024-07-15,South,Furniture,Bookshelf,8,4000,32000,Retail
2026-02-17,East,Furniture,Sofa,4,15000,60000,Online
2025-07-20,North,Furniture,Bookshelf,6,4000,24000,Wholesale
2024-11-28,West,Clothing,T-Shirt,1,500,500,Wholesale
2025-09-08,North,Furniture,Sofa,10,15000,150000,Retail
2024-10-19,East,Furniture,Sofa,6,15000,90000,Online
2025-01-22,West,Clothing,T-Shirt,3,500,1500,Online
2025-01-13,South,Clothing,Jeans,1,1200,1200,Online
2025-09-22,South,Electronics,Mobile Phone,1,15000,15000,Online
2025-07-03,East,Clothing,Saree,9,3000,27000,Wholesale
2024-08-16,East,Furniture,Table,4,5000,20000,Online
2025-06-11,North,Food,Sugar,4,50,200,Wholesale
2026-03-25,South,Clothing,Jeans,7,1200,8400,Retail
2025-01-26,South,Food,Rice,2,100,200,Wholesale
2024-11-27,North,Clothing,Jeans,6,1200,7200,Retail
2025-07-02,West,Furniture,Chair,10,3000,30000,Online
2024-10-13,North,Electronics,Laptop,4,45000,180000,Online
2024-10-08,East,Clothing,T-Shirt,3,500,1500,Online
2024-09-12,East,Clothing,Saree,1,3000,3000,Retail
2024-06-04,South,Clothing,Jeans,3,1200,3600,Retail
2024-11-04,South,Clothing,T-Shirt,9,500,4500,Online
2026-02-12,North,Electronics,Headphones,7,2000,14000,Wholesale
2024-07-10,South,Furniture,Sofa,5,15000,75000,Retail
2026-06-01,North,Clothing,Jeans,10,1200,12000,Retail
2025-08-18,East,Food,Sugar,4,50,200,Wholesale
2026-05-27,West,Clothing,Kurta,10,800,8000,Wholesale
2025-08-09,South,Furniture,Sofa,9,15000,135000,Online
2024-08-03,West,Clothing,Kurta,7,800,5600,Retail
2024-11-06,East,Furniture,Sofa,1,15000,15000,Retail
2024-10-24,South,Food,Rice,1,100,100,Online
2026-01-18,West,Food,Oil,8,200,1600,Retail
2025-01-30,South,Food,Coffee,5,300,1500,Online
2024-09-09,North,Furniture,Chair,9,3000,27000,Wholesale
2025-07-05,East,Electronics,Laptop,2,45000,90000,Wholesale
2025-06-16,South,Electronics,Mobile Phone,10,15000,150000,Online
2024-09-27,West,Food,Rice,1,100,100,Wholesale
2025-07-23,West,Electronics,Mobile Phone,2,15000,30000,Wholesale
2025-01-26,West,Electronics,Headphones,1,2000,2000,Online
2024-12-19,North,Food,Rice,6,100,600,Retail
2025-11-05,South,Food,Coffee,6,300,1800,Wholesale
2025-03-30,East,Furniture,Bookshelf,10,4000,40000,Online
2025-04-02,West,Food,Rice,7,100,700,Retail
2025-09-08,North,Electronics,Tablet,8,20000,160000,Wholesale
2024-12-20,East,Furniture,Chair,9,3000,27000,Retail
2025-11-01,East,Clothing,T-Shirt,2,500,1000,Retail
2024-08-29,South,Food,Coffee,8,300,2400,Retail
2025-07-12,West,Furniture,Table,6,5000,30000,Retail
2025-02-26,North,Clothing,Saree,9,3000,27000,Online
2024-09-01,North,Furniture,Sofa,2,15000,30000,Retail
2024-08-01,West,Furniture,Bookshelf,3,4000,12000,Retail
2026-03-04,West,Food,Oil,2,200,400,Retail
2025-11-18,South,Electronics,Headphones,3,2000,6000,Wholesale
2025-11-14,South,Clothing,Saree,2,3000,6000,Retail
2025-03-02,East,Food,Rice,3,100,300,Wholesale
2025-12-09,West,Food,Sugar,7,50,350,Online
2024-10-16,North,Clothing,Jeans,5,1200,6000,Retail
2024-09-10,East,Food,Sugar,5,50,250,Wholesale
2025-11-22,West,Furniture,Bookshelf,8,4000,32000,Retail
2024-06-23,South,Food,Rice,6,100,600,Wholesale
2025-10-21,South,Clothing,T-Shirt,8,500,4000,Online
2025-06-24,East,Food,Coffee,5,300,1500,Retail
2025-12-20,North,Food,Oil,1,200,200,Retail
2025-05-24,South,Furniture,Sofa,4,15000,60000,Online
2025-06-30,West,Electronics,Headphones,4,2000,8000,Retail
2025-12-10,North,Clothing,Kurta,7,800,5600,Wholesale
2024-12-19,South,Clothing,Jeans,8,1200,9600,Online
2024-11-05,East,Electronics,Tablet,7,20000,140000,Online
2025-03-05,North,Food,Rice,6,100,600,Wholesale
2024-06-25,East,Clothing,Kurta,4,800,3200,Online
2026-03-16,North,Furniture,Bookshelf,1,4000,4000,Wholesale
2024-08-11,North,Furniture,Table,4,5000,20000,Retail
2025-06-21,East,Food,Oil,7,200,1400,Retail
2025-04-01,East,Furniture,Table,1,5000,5000,Retail
2025-06-28,East,Furniture,Table,3,5000,15000,Online
2026-02-04,South,Furniture,Chair,9,3000,27000,Retail
2026-02-26,North,Food,Oil,1,200,200,Wholesale
2024-09-30,West,Clothing,Saree,10,3000,30000,Retail
2025-11-24,North,Food,Rice,8,100,800,Retail
2024-07-10,North,Food,Oil,9,200,1800,Wholesale
2024-08-08,West,Electronics,Laptop,10,45000,450000,Online
2025-11-20,South,Furniture,Table,6,5000,30000,Online
2024-12-21,South,Furniture,Table,8,5000,40000,Wholesale
2025-08-16,North,Electronics,Tablet,4,20000,80000,Retail
2025-10-28,North,Electronics,Laptop,3,45000,135000,Retail
2024-06-29,North,Food,Coffee,10,300,3000,Retail
2025-11-21,North,Clothing,T-Shirt,3,500,1500,Wholesale
2026-05-01,South,Food,Oil,7,200,1400,Online
2025-09-17,East,Clothing,Jeans,9,1200,10800,Online
2024-12-03,East,Food,Oil,8,200,1600,Retail
2024-10-05,West,Clothing,T-Shirt,1,500,500,Online
2026-04-11,East,Furniture,Sofa,7,15000,105000,Wholesale
2026-01-02,South,Food,Rice,2,100,200,Retail
2025-01-21,East,Clothing,T-Shirt,6,500,3000,Wholesale
2025-05-23,North,Food,Oil,8,200,1600,Wholesale
2024-07-21,South,Electronics,Tablet,8,20000,160000,Wholesale
2025-04-25,East,Clothing,Kurta,1,800,800,Wholesale
2024-11-10,East,Electronics,Headphones,4,2000,8000,Retail
2025-03-13,East,Electronics,Mobile Phone,6,15000,90000,Wholesale
2025-08-02,East,Food,Sugar,6,50,300,Retail
2026-03-31,North,Clothing,T-Shirt,1,500,500,Wholesale
2025-10-21,South,Food,Rice,8,100,800,Online
2024-09-06,West,Clothing,Kurta,9,800,7200,Online
2025-01-11,South,Electronics,Mobile Phone,6,15000,90000,Retail
2024-09-17,West,Clothing,Jeans,7,1200,8400,Retail
2025-01-16,North,Furniture,Sofa,5,15000,75000,Online
2024-08-12,East,Furniture,Bookshelf,8,4000,32000,Retail
2025-11-09,West,Clothing,Saree,3,3000,9000,Wholesale
2025-06-05,East,Clothing,T-Shirt,10,500,5000,Retail
2024-07-29,South,Electronics,Headphones,1,2000,2000,Online
2025-01-29,North,Food,Sugar,8,50,400,Retail
2024-06-21,East,Electronics,Mobile Phone,2,15000,30000,Online
2025-09-29,South,Electronics,Laptop,4,45000,180000,Online
2025-04-29,West,Electronics,Mobile Phone,9,15000,135000,Online
2025-11-01,South,Food,Oil,1,200,200,Wholesale
2025-08-16,West,Electronics,Tablet,10,20000,200000,Retail
2026-05-10,East,Food,Rice,2,100,200,Wholesale
2026-06-03,East,Furniture,Bookshelf,9,4000,36000,Wholesale
2025-11-11,North,Electronics,Mobile Phone,6,15000,90000,Wholesale
2026-05-30,West,Furniture,Sofa,5,15000,75000,Retail
2026-03-26,South,Clothing,Jeans,8,1200,9600,Retail
2025-03-13,North,Clothing,Kurta,6,800,4800,Retail
2025-04-20,North,Food,Rice,1,100,100,Wholesale
2024-07-30,North,Electronics,Headphones,2,2000,4000,Wholesale
2025-06-20,North,Clothing,T-Shirt,2,500,1000,Online
2025-07-08,South,Clothing,T-Shirt,4,500,2000,Online
2026-02-17,East,Food,Oil,8,200,1600,Online
2026-05-23,West,Food,Sugar,9,50,450,Online
2024-09-15,East,Furniture,Bookshelf,3,4000,12000,Wholesale
2024-06-19,North,Furniture,Table,5,5000,25000,Online
2026-01-13,North,Electronics,Tablet,1,20000,20000,Retail
2025-02-05,North,Clothing,T-Shirt,1,500,500,Wholesale
2025-07-11,North,Clothing,Saree,10,3000,30000,Wholesale
2025-06-23,South,Clothing,T-Shirt,5,500,2500,Retail
2024-10-15,North,Electronics,Tablet,2,20000,40000,Retail
2026-01-10,West,Clothing,T-Shirt,5,500,2500,Retail
2024-08-01,East,Clothing,Saree,5,3000,15000,Retail
2026-05-23,West,Electronics,Laptop,3,45000,135000,Retail
2025-03-21,North,Electronics,Headphones,1,2000,2000,Wholesale
2024-11-19,East,Electronics,Headphones,10,2000,20000,Retail
2026-05-25,North,Furniture,Table,8,5000,40000,Online
2025-08-21,West,Clothing,Kurta,1,800,800,Retail
2025-08-20,West,Food,Oil,8,200,1600,Online
2025-01-15,West,Food,Coffee,4,300,1200,Wholesale
2024-10-03,East,Electronics,Tablet,8,20000,160000,Retail
2025-06-16,South,Food,Sugar,3,50,150,Wholesale
2025-12-24,West,Food,Coffee,7,300,2100,Online
2024-11-10,South,Electronics,Laptop,5,45000,225000,Online
2025-10-03,West,Electronics,Tablet,9,20000,180000,Wholesale
2024-09-22,North,Furniture,Chair,3,3000,9000,Retail
2025-09-09,North,Electronics,Laptop,3,45000,135000,Online
2025-12-21,North,Furniture,Sofa,8,15000,120000,Online
2025-01-03,East,Furniture,Table,8,5000,40000,Retail
2026-04-09,East,Clothing,Kurta,1,800,800,Wholesale
2026-05-26,North,Electronics,Mobile Phone,10,15000,150000,Online
2025-07-25,West,Electronics,Mobile Phone,3,15000,45000,Wholesale
2026-02-05,South,Furniture,Sofa,2,15000,30000,Wholesale
2024-09-15,North,Furniture,Sofa,2,15000,30000,Online
2026-01-08,South,Furniture,Bookshelf,9,4000,36000,Wholesale
2026-03-07,South,Electronics,Mobile Phone,3,15000,45000,Online
2025-02-28,South,Electronics,Mobile Phone,4,15000,60000,Wholesale
2024-07-11,East,Clothing,Kurta,9,800,7200,Wholesale
2024-09-22,East,Food,Rice,6,100,600,Online
2024-11-10,East,Furniture,Chair,3,3000,9000,Retail
2025-07-31,North,Clothing,T-Shirt,10,500,5000,Retail
2025-10-31,West,Food,Sugar,4,50,200,Retail
2024-07-30,East,Furniture,Bookshelf,5,4000,20000,Wholesale
2025-02-07,North,Clothing,Saree,4,3000,12000,Retail
2025-06-07,South,Electronics,Headphones,8,2000,16000,Online
2025-06-13,North,Food,Oil,3,200,600,Retail
2025-12-31,North,Electronics,Laptop,8,45000,360000,Online
2025-01-29,North,Food,Oil,2,200,400,Online
2025-12-08,East,Clothing,Saree,10,3000,30000,Online
2024-12-12,East,Furniture,Table,9,5000,45000,Retail
2024-09-19,West,Electronics,Mobile Phone,7,15000,105000,Wholesale
2025-12-28,West,Clothing,Saree,6,3000,18000,Wholesale
2025-11-30,South,Food,Sugar,1,50,50,Wholesale
2025-03-16,North,Clothing,Jeans,4,1200,4800,Online
2025-02-20,East,Electronics,Headphones,3,2000,6000,Retail
2026-03-27,North,Food,Rice,5,100,500,Online
2025-03-19,West,Furniture,Table,5,5000,25000,Retail
2024-08-05,South,Electronics,Laptop,4,45000,180000,Retail
2025-09-14,South,Clothing,T-Shirt,1,500,500,Wholesale
2025-05-10,South,Electronics,Mobile Phone,10,15000,150000,Wholesale
2024-07-10,South,Clothing,T-Shirt,8,500,4000,Online
2024-07-12,South,Food,Oil,3,200,600,Online
2025-11-07,North,Food,Rice,5,100,500,Online
2024-11-30,South,Clothing,T-Shirt,2,500,1000,Retail
2026-01-08,North,Electronics,Headphones,2,2000,4000,Online
2025-09-21,South,Furniture,Chair,7,3000,21000,Retail
2024-12-25,North,Clothing,Kurta,9,800,7200,Wholesale
2024-10-10,North,Food,Oil,6,200,1200,Online
2025-02-13,East,Electronics,Tablet,8,20000,160000,Wholesale
2025-04-21,East,Clothing,Jeans,3,1200,3600,Online
2025-08-26,West,Food,Rice,5,100,500,Online
2024-09-10,South,Food,Rice,7,100,700,Online
2026-02-25,East,Electronics,Tablet,4,20000,80000,Online
2024-08-21,South,Food,Rice,5,100,500,Online
2025-01-13,East,Furniture,Sofa,1,15000,15000,Retail
2025-06-02,East,Food,Oil,7,200,1400,Wholesale
2025-08-25,South,Furniture,Sofa,6,15000,90000,Online
2025-09-15,East,Electronics,Headphones,10,2000,20000,Wholesale
2025-03-29,South,Food,Coffee,5,300,1500,Retail
2025-12-06,East,Clothing,Kurta,8,800,6400,Retail
2025-07-13,West,Clothing,Kurta,6,800,4800,Online
2026-02-11,North,Clothing,Kurta,7,800,5600,Wholesale
2024-10-17,East,Electronics,Tablet,3,20000,60000,Wholesale
2026-02-24,West,Clothing,Saree,10,3000,30000,Retail
2025-12-08,South,Furniture,Bookshelf,3,4000,12000,Retail
2025-04-11,West,Clothing,Kurta,2,800,1600,Online
2025-08-14,East,Electronics,Mobile Phone,2,15000,30000,Online
2024-06-13,North,Food,Sugar,6,50,300,Online
2024-11-15,South,Clothing,Saree,1,3000,3000,Online
2026-03-01,South,Clothing,T-Shirt,1,500,500,Wholesale
2025-08-13,North,Clothing,Kurta,4,800,3200,Wholesale
2025-03-19,North,Electronics,Laptop,6,45000,270000,Wholesale
2025-10-21,East,Electronics,Headphones,9,2000,18000,Online
2025-04-12,West,Food,Sugar,4,50,200,Wholesale
2024-07-04,North,Electronics,Tablet,5,20000,100000,Retail
2024-07-15,North,Furniture,Bookshelf,6,4000,24000,Wholesale
2024-11-02,East,Food,Oil,6,200,1200,Online
2024-08-13,West,Food,Coffee,4,300,1200,Online
2026-02-20,West,Food,Oil,4,200,800,Online
2026-03-09,East,Electronics,Headphones,5,2000,10000,Retail
2025-09-14,West,Furniture,Sofa,4,15000,60000,Wholesale
2024-12-22,North,Clothing,Kurta,3,800,2400,Wholesale
2024-11-30,West,Food,Rice,4,100,400,Retail
2025-08-21,West,Furniture,Table,2,5000,10000,Wholesale
2024-08-07,North,Clothing,Kurta,5,800,4000,Wholesale
2024-11-14,North,Electronics,Laptop,3,45000,135000,Retail
2025-06-08,South,Clothing,Saree,5,3000,15000,Retail
2024-07-13,South,Food,Rice,4,100,400,Online
2025-01-27,West,Electronics,Laptop,1,45000,45000,Online
2025-02-12,North,Electronics,Tablet,8,20000,160000,Online
2025-01-04,North,Furniture,Bookshelf,1,4000,4000,Retail
2026-02-15,East,Electronics,Tablet,8,20000,160000,Wholesale
2025-02-25,North,Electronics,Headphones,4,2000,8000,Retail
2024-10-26,North,Food,Rice,4,100,400,Online
2025-08-19,South,Electronics,Laptop,10,45000,450000,Wholesale
2024-11-22,North,Electronics,Headphones,4,2000,8000,Retail
2024-07-17,West,Electronics,Tablet,6,20000,120000,Retail
2025-10-24,South,Furniture,Chair,7,3000,21000,Wholesale
2026-01-10,East,Electronics,Headphones,4,2000,8000,Retail
2025-06-18,West,Furniture,Bookshelf,1,4000,4000,Online
2026-03-01,West,Food,Oil,10,200,2000,Wholesale
2025-02-15,East,Furniture,Sofa,4,15000,60000,Online
2025-06-29,North,Clothing,Saree,7,3000,21000,Wholesale
2025-07-20,West,Food,Oil,1,200,200,Wholesale
2026-01-21,West,Clothing,Saree,6,3000,18000,Online
2024-07-27,West,Electronics,Tablet,7,20000,140000,Retail
2024-09-26,East,Food,Rice,8,100,800,Online
2025-03-20,West,Clothing,Saree,10,3000,30000,Wholesale
2026-01-08,North,Furniture,Bookshelf,5,4000,20000,Wholesale
2026-05-09,West,Food,Rice,3,100,300,Retail
2024-07-23,South,Electronics,Mobile Phone,1,15000,15000,Wholesale
2025-06-03,North,Food,Rice,6,100,600,Online
2025-05-24,East,Furniture,Table,7,5000,35000,Online
2025-03-13,North,Electronics,Tablet,4,20000,80000,Wholesale
2025-10-15,East,Electronics,Tablet,6,20000,120000,Wholesale
2026-03-04,East,Electronics,Headphones,4,2000,8000,Online
2024-11-27,South,Food,Rice,9,100,900,Online
2025-05-22,West,Clothing,T-Shirt,7,500,3500,Online
2026-01-29,West,Food,Coffee,1,300,300,Retail
2025-02-14,East,Furniture,Chair,3,3000,9000,Online
2024-10-22,North,Electronics,Mobile Phone,8,15000,120000,Online
2025-12-05,North,Electronics,Headphones,9,2000,18000,Online
2025-05-10,South,Electronics,Laptop,4,45000,180000,Retail
2025-11-17,East,Electronics,Laptop,9,45000,405000,Retail
2026-06-03,North,Food,Sugar,4,50,200,Retail
2024-06-07,North,Food,Oil,7,200,1400,Online
2025-07-03,South,Food,Coffee,7,300,2100,Retail
2025-04-24,East,Food,Oil,3,200,600,Retail
2024-07-15,South,Clothing,Saree,1,3000,3000,Retail
2026-03-22,East,Furniture,Bookshelf,2,4000,8000,Online
2024-11-12,North,Furniture,Chair,4,3000,12000,Retail
2025-02-14,North,Electronics,Laptop,9,45000,405000,Retail
2025-07-11,West,Food,Coffee,8,300,2400,Online
2025-04-23,West,Clothing,T-Shirt,6,500,3000,Wholesale
2026-05-03,West,Food,Coffee,9,300,2700,Online
2025-09-22,West,Clothing,Jeans,5,1200,6000,Online
2026-05-31,South,Clothing,T-Shirt,3,500,1500,Retail
2025-04-13,South,Furniture,Sofa,7,15000,105000,Online
2025-09-02,North,Food,Rice,5,100,500,Retail
2026-03-20,East,Furniture,Sofa,4,15000,60000,Wholesale
2025-02-04,North,Electronics,Tablet,4,20000,80000,Online
2025-10-14,West,Electronics,Mobile Phone,2,15000,30000,Wholesale
2024-10-10,North,Clothing,Saree,9,3000,27000,Retail
2024-10-17,East,Electronics,Mobile Phone,8,15000,120000,Retail
2026-04-21,West,Clothing,T-Shirt,5,500,2500,Wholesale
2025-04-20,North,Food,Coffee,8,300,2400,Online
2025-12-16,South,Furniture,Chair,8,3000,24000,Online
2025-12-22,South,Furniture,Table,4,5000,20000,Retail
2024-08-04,West,Furniture,Table,10,5000,50000,Wholesale
2024-11-20,South,Clothing,Kurta,8,800,6400,Online
2024-08-31,East,Clothing,T-Shirt,5,500,2500,Online
2024-07-12,South,Clothing,Kurta,1,800,800,Online
2026-03-13,South,Electronics,Headphones,1,2000,2000,Retail
2025-04-10,East,Electronics,Laptop,4,45000,180000,Retail
2024-07-19,West,Furniture,Table,2,5000,10000,Wholesale
2026-01-03,South,Food,Coffee,7,300,2100,Retail
2026-04-09,North,Food,Oil,3,200,600,Retail
2025-10-26,East,Electronics,Headphones,3,2000,6000,Wholesale
2025-05-25,East,Furniture,Bookshelf,4,4000,16000,Retail
2025-01-07,North,Electronics,Mobile Phone,4,15000,60000,Online
2024-10-11,West,Furniture,Table,8,5000,40000,Retail
2025-08-07,West,Electronics,Headphones,9,2000,18000,Online
2025-04-07,South,Clothing,Jeans,5,1200,6000,Wholesale
2024-09-06,South,Food,Oil,10,200,2000,Online
2025-05-04,East,Electronics,Tablet,8,20000,160000,Wholesale
2026-02-08,South,Electronics,Laptop,7,45000,315000,Retail
2025-10-20,East,Clothing,Jeans,9,1200,10800,Online
2026-05-19,South,Clothing,Saree,5,3000,15000,Retail
2025-04-19,East,Furniture,Sofa,7,15000,105000,Wholesale
2024-09-14,South,Electronics,Mobile Phone,9,15000,135000,Online
2026-03-21,East,Furniture,Chair,2,3000,6000,Retail
2025-08-20,East,Food,Oil,5,200,1000,Online
2024-08-15,West,Electronics,Laptop,9,45000,405000,Online
2025-11-01,West,Food,Coffee,6,300,1800,Retail
2024-11-04,North,Clothing,Saree,3,3000,9000,Retail
2025-07-13,West,Electronics,Tablet,2,20000,40000,Retail
2025-09-26,East,Electronics,Mobile Phone,6,15000,90000,Wholesale
2024-11-07,East,Clothing,Saree,3,3000,9000,Wholesale
2025-07-01,South,Electronics,Tablet,3,20000,60000,Wholesale
2025-10-16,West,Furniture,Sofa,6,15000,90000,Retail
2024-12-28,North,Clothing,Kurta,6,800,4800,Online
2025-05-25,West,Food,Sugar,3,50,150,Online
2026-04-28,North,Food,Rice,10,100,1000,Online
2026-01-08,West,Electronics,Headphones,5,2000,10000,Retail
2025-07-05,West,Furniture,Sofa,9,15000,135000,Online
2024-09-21,West,Furniture,Bookshelf,5,4000,20000,Online
2026-05-14,West,Furniture,Bookshelf,7,4000,28000,Retail
2025-11-08,East,Electronics,Tablet,10,20000,200000,Online
2025-03-31,East,Food,Rice,1,100,100,Online
2026-04-20,West,Food,Oil,4,200,800,Retail
2026-03-21,North,Furniture,Chair,2,3000,6000,Wholesale
2024-07-27,East,Food,Rice,9,100,900,Retail
2025-12-31,East,Clothing,Jeans,4,1200,4800,Retail
2026-01-12,East,Food,Sugar,2,50,100,Retail
2026-01-10,East,Furniture,Chair,10,3000,30000,Retail
2024-08-14,East,Food,Sugar,8,50,400,Wholesale
2025-05-13,North,Electronics,Headphones,1,2000,2000,Retail
2024-08-14,West,Electronics,Tablet,1,20000,20000,Wholesale
2025-01-12,North,Furniture,Chair,7,3000,21000,Wholesale
2025-05-05,South,Clothing,Jeans,6,1200,7200,Retail
2024-10-25,North,Food,Coffee,4,300,1200,Online
2026-03-08,South,Food,Coffee,5,300,1500,Online
2025-03-13,East,Clothing,T-Shirt,7,500,3500,Retail
2024-11-03,West,Electronics,Laptop,7,45000,315000,Retail
2024-10-10,North,Clothing,T-Shirt,2,500,1000,Online
2025-12-20,East,Clothing,T-Shirt,9,500,4500,Wholesale
2024-07-02,South,Furniture,Table,5,5000,25000,Retail
2025-04-13,North,Clothing,T-Shirt,6,500,3000,Retail
2025-12-12,West,Food,Coffee,6,300,1800,Retail
2024-07-04,North,Furniture,Chair,4,3000,12000,Online
2024-10-31,North,Clothing,Saree,9,3000,27000,Online
2025-08-01,South,Furniture,Chair,7,3000,21000,Online
2025-06-27,East,Clothing,Jeans,7,1200,8400,Online
2024-08-28,South,Electronics,Laptop,3,45000,135000,Online
2024-11-22,East,Furniture,Chair,3,3000,9000,Retail
2025-12-08,East,Clothing,Jeans,6,1200,7200,Retail
2025-11-19,South,Clothing,T-Shirt,9,500,4500,Online
2025-04-21,South,Clothing,T-Shirt,6,500,3000,Retail
2024-11-23,East,Electronics,Tablet,4,20000,80000,Wholesale
2026-01-17,North,Electronics,Laptop,1,45000,45000,Retail
2025-07-30,North,Clothing,Kurta,5,800,4000,Wholesale
2024-10-14,East,Furniture,Chair,2,3000,6000,Wholesale
2024-07-15,North,Electronics,Laptop,9,45000,405000,Retail
2026-02-25,South,Clothing,T-Shirt,7,500,3500,Wholesale
2026-03-19,East,Electronics,Tablet,7,20000,140000,Wholesale
2025-12-24,East,Furniture,Chair,3,3000,9000,Online
2024-10-20,East,Food,Oil,1,200,200,Wholesale
2025-05-28,West,Furniture,Bookshelf,6,4000,24000,Online
2025-08-25,West,Electronics,Laptop,9,45000,405000,Online
2025-01-07,East,Food,Coffee,10,300,3000,Wholesale
2025-03-28,West,Furniture,Bookshelf,7,4000,28000,Wholesale
2024-12-16,South,Furniture,Sofa,9,15000,135000,Retail
2025-09-13,East,Electronics,Tablet,7,20000,140000,Online
2024-11-30,East,Furniture,Table,2,5000,10000,Wholesale
2025-01-16,West,Furniture,Sofa,9,15000,135000,Retail
2026-02-20,East,Clothing,Jeans,7,1200,8400,Online
2025-02-12,North,Food,Sugar,8,50,400,Retail
2025-05-30,East,Electronics,Tablet,8,20000,160000,Online
2025-05-19,North,Furniture,Chair,1,3000,3000,Online
2024-11-03,South,Electronics,Mobile Phone,10,15000,150000,Wholesale
2024-10-31,North,Food,Rice,4,100,400,Wholesale
2024-10-11,North,Electronics,Tablet,3,20000,60000,Online
2025-07-30,South,Furniture,Sofa,3,15000,45000,Wholesale
2024-09-27,East,Electronics,Laptop,7,45000,315000,Retail
2025-08-03,North,Clothing,Saree,6,3000,18000,Retail
2024-11-25,South,Furniture,Chair,8,3000,24000,Wholesale
2024-11-23,South,Electronics,Laptop,2,45000,90000,Retail
2024-07-19,East,Furniture,Table,2,5000,10000,Online
2024-10-30,East,Food,Coffee,2,300,600,Wholesale
2025-08-17,West,Furniture,Table,5,5000,25000,Online
2024-09-09,North,Electronics,Headphones,1,2000,2000,Wholesale
2026-03-31,West,Food,Sugar,1,50,50,Online
2025-08-17,North,Clothing,Kurta,8,800,6400,Online
2024-12-03,North,Furniture,Bookshelf,3,4000,12000,Online
2025-02-01,South,Food,Coffee,2,300,600,Online
2025-09-29,West,Furniture,Sofa,3,15000,45000,Wholesale
2025-12-23,South,Clothing,Saree,1,3000,3000,Wholesale
2026-02-01,North,Furniture,Table,2,5000,10000,Retail
2025-11-22,East,Food,Oil,2,200,400,Online
2024-10-16,West,Electronics,Tablet,3,20000,60000,Wholesale
2025-09-16,West,Electronics,Laptop,9,45000,405000,Online
2025-09-18,North,Electronics,Laptop,9,45000,405000,Online
2025-09-29,East,Food,Coffee,6,300,1800,Retail
2025-03-06,West,Clothing,T-Shirt,6,500,3000,Online
2026-02-07,East,Furniture,Table,6,5000,30000,Wholesale
2024-06-26,East,Electronics,Headphones,1,2000,2000,Wholesale
2026-01-12,East,Food,Oil,9,200,1800,Online
2024-07-08,West,Furniture,Bookshelf,3,4000,12000,Retail
2024-12-30,North,Furniture,Sofa,5,15000,75000,Online
2025-08-29,South,Furniture,Sofa,6,15000,90000,Online
2025-07-02,North,Food,Oil,4,200,800,Wholesale
2026-03-23,North,Clothing,T-Shirt,3,500,1500,Online
2026-05-31,North,Food,Rice,9,100,900,Retail
2026-04-26,North,Clothing,T-Shirt,10,500,5000,Retail
2024-09-29,North,Electronics,Laptop,3,45000,135000,Wholesale
2025-05-24,West,Clothing,Saree,7,3000,21000,Retail
2025-01-08,South,Electronics,Laptop,4,45000,180000,Online
2024-08-04,South,Furniture,Bookshelf,7,4000,28000,Wholesale
2025-04-11,South,Clothing,Saree,7,3000,21000,Wholesale
2024-11-26,East,Food,Oil,2,200,400,Wholesale
2025-06-29,South,Clothing,Jeans,9,1200,10800,Wholesale
2025-10-10,East,Food,Coffee,2,300,600,Wholesale
2024-12-07,West,Furniture,Sofa,2,15000,30000,Online
2025-11-11,West,Electronics,Mobile Phone,7,15000,105000,Wholesale
2026-03-07,West,Furniture,Chair,5,3000,15000,Online
2025-07-19,North,Furniture,Table,3,5000,15000,Retail
2025-03-21,North,Furniture,Bookshelf,3,4000,12000,Online
2024-10-18,East,Clothing,Jeans,5,1200,6000,Wholesale
2024-12-24,East,Clothing,Saree,7,3000,21000,Retail
2024-08-03,West,Furniture,Bookshelf,9,4000,36000,Wholesale
2025-05-08,West,Food,Sugar,10,50,500,Wholesale
2025-08-12,North,Electronics,Mobile Phone,10,15000,150000,Retail
2026-03-02,North,Electronics,Headphones,8,2000,16000,Retail
2024-12-14,East,Furniture,Chair,8,3000,24000,Wholesale
2025-05-03,East,Clothing,T-Shirt,6,500,3000,Wholesale
2025-02-16,West,Furniture,Sofa,3,15000,45000,Wholesale
2025-04-06,West,Furniture,Table,3,5000,15000,Online
2025-09-11,North,Electronics,Tablet,4,20000,80000,Online
2025-06-29,East,Furniture,Chair,8,3000,24000,Wholesale
2024-12-05,South,Food,Sugar,6,50,300,Online
2025-07-21,South,Furniture,Chair,5,3000,15000,Wholesale
2024-09-06,East,Food,Oil,7,200,1400,Wholesale
2025-11-16,South,Furniture,Bookshelf,10,4000,40000,Wholesale
2026-05-22,West,Furniture,Table,10,5000,50000,Wholesale
2024-12-15,South,Clothing,Kurta,8,800,6400,Online
2025-09-16,West,Furniture,Sofa,9,15000,135000,Online
2025-02-03,South,Electronics,Tablet,6,20000,120000,Online
2024-11-05,East,Food,Oil,3,200,600,Retail
2024-07-22,North,Clothing,T-Shirt,2,500,1000,Retail
2025-07-27,West,Electronics,Laptop,2,45000,90000,Online
2025-10-29,North,Clothing,Saree,1,3000,3000,Online
2024-10-27,East,Clothing,Kurta,4,800,3200,Retail
2025-05-06,South,Food,Rice,9,100,900,Wholesale
2025-08-12,West,Food,Sugar,9,50,450,Wholesale
2025-07-30,North,Clothing,Kurta,8,800,6400,Wholesale
2024-12-12,East,Furniture,Chair,5,3000,15000,Retail
2025-02-20,West,Clothing,Kurta,10,800,8000,Retail
2026-02-08,South,Clothing,Jeans,1,1200,1200,Retail
2025-07-01,East,Electronics,Tablet,10,20000,200000,Retail
2025-12-21,North,Food,Coffee,6,300,1800,Online
2025-03-24,West,Clothing,Jeans,2,1200,2400,Wholesale
2026-05-24,East,Food,Oil,1,200,200,Wholesale
2025-06-02,East,Furniture,Bookshelf,6,4000,24000,Online
2025-07-05,North,Electronics,Laptop,4,45000,180000,Online
2024-10-15,North,Food,Sugar,6,50,300,Wholesale
2024-06-05,East,Food,Coffee,1,300,300,Retail
2025-10-27,East,Electronics,Headphones,4,2000,8000,Wholesale
2025-10-24,West,Furniture,Table,4,5000,20000,Online
2024-09-01,East,Clothing,Kurta,6,800,4800,Online
2026-01-08,South,Electronics,Mobile Phone,3,15000,45000,Wholesale
2026-05-03,West,Food,Oil,3,200,600,Online
2024-12-26,West,Clothing,T-Shirt,2,500,1000,Online
2025-12-19,West,Food,Sugar,10,50,500,Online
2025-08-04,North,Food,Coffee,2,300,600,Online
2025-10-28,East,Food,Oil,7,200,1400,Retail
2024-11-02,West,Food,Oil,7,200,1400,Online
2026-05-12,North,Clothing,Jeans,7,1200,8400,Online
2025-03-28,West,Furniture,Table,2,5000,10000,Wholesale
2024-11-12,North,Food,Sugar,1,50,50,Retail
2026-02-18,South,Furniture,Bookshelf,1,4000,4000,Online
2024-09-05,West,Clothing,Jeans,10,1200,12000,Retail
2024-06-13,West,Electronics,Tablet,2,20000,40000,Wholesale
2025-08-18,East,Furniture,Chair,8,3000,24000,Retail
2026-04-18,East,Furniture,Bookshelf,2,4000,8000,Wholesale
2025-12-26,South,Electronics,Tablet,6,20000,120000,Online
2026-05-28,South,Food,Oil,8,200,1600,Retail
2025-03-27,East,Food,Rice,8,100,800,Online
2025-12-04,North,Clothing,Jeans,4,1200,4800,Retail
2025-02-13,South,Furniture,Chair,1,3000,3000,Online
2026-04-11,South,Electronics,Mobile Phone,3,15000,45000,Online
2026-04-19,East,Furniture,Chair,4,3000,12000,Retail
2026-02-20,East,Electronics,Headphones,3,2000,6000,Retail
2025-10-10,East,Food,Oil,10,200,2000,Retail
2024-06-03,East,Electronics,Tablet,7,20000,140000,Retail
2024-09-16,East,Furniture,Chair,5,3000,15000,Retail
2025-06-03,South,Furniture,Chair,2,3000,6000,Retail
2024-08-27,South,Clothing,Jeans,1,1200,1200,Retail
2026-05-10,West,Electronics,Headphones,9,2000,18000,Retail
2025-06-08,West,Food,Sugar,2,50,100,Online
2025-05-20,East,Electronics,Mobile Phone,3,15000,45000,Wholesale
2024-09-20,North,Electronics,Tablet,2,20000,40000,Online
2025-12-01,South,Electronics,Laptop,5,45000,225000,Retail
2026-02-15,West,Food,Rice,3,100,300,Online
2025-11-23,East,Clothing,T-Shirt,10,500,5000,Wholesale
2025-06-30,South,Electronics,Mobile Phone,2,15000,30000,Online
2025-10-02,East,Food,Sugar,9,50,450,Wholesale
2024-06-19,South,Furniture,Chair,9,3000,27000,Online
2025-02-26,West,Clothing,Jeans,10,1200,12000,Retail
2024-08-20,East,Clothing,Kurta,8,800,6400,Wholesale
2025-07-05,West,Electronics,Mobile Phone,2,15000,30000,Online
2025-12-16,East,Clothing,Jeans,9,1200,10800,Retail
2025-11-05,North,Food,Rice,4,100,400,Retail
2024-12-24,South,Clothing,Jeans,4,1200,4800,Wholesale
2026-04-13,West,Clothing,T-Shirt,9,500,4500,Online
2025-07-21,South,Clothing,T-Shirt,7,500,3500,Retail
2025-12-31,South,Clothing,Saree,5,3000,15000,Online
2025-07-27,North,Food,Coffee,7,300,2100,Retail
2025-02-07,North,Food,Sugar,4,50,200,Retail
2025-12-08,South,Food,Rice,1,100,100,Online
2024-10-26,North,Furniture,Chair,2,3000,6000,Wholesale
2024-11-10,East,Clothing,Saree,9,3000,27000,Wholesale
2024-11-20,South,Clothing,Saree,2,3000,6000,Wholesale
2024-09-19,South,Clothing,T-Shirt,8,500,4000,Online
2024-11-21,East,Clothing,Jeans,10,1200,12000,Online
2026-05-18,North,Clothing,T-Shirt,6,500,3000,Retail
2025-06-20,East,Clothing,Saree,8,3000,24000,Retail
2026-05-17,North,Furniture,Sofa,9,15000,135000,Online
2025-11-07,East,Clothing,T-Shirt,5,500,2500,Wholesale
2026-05-15,South,Furniture,Table,10,5000,50000,Online
2025-01-14,North,Electronics,Mobile Phone,9,15000,135000,Wholesale
2025-01-31,West,Furniture,Table,6,5000,30000,Online
2025-05-25,East,Food,Coffee,4,300,1200,Wholesale
2025-08-23,North,Furniture,Table,8,5000,40000,Wholesale
2024-11-13,East,Food,Sugar,5,50,250,Online
2026-05-14,East,Food,Coffee,2,300,600,Retail
2025-01-03,South,Furniture,Bookshelf,8,4000,32000,Wholesale
2025-12-18,East,Food,Sugar,5,50,250,Wholesale
2025-01-23,North,Clothing,Saree,7,3000,21000,Retail
2024-08-07,North,Furniture,Chair,2,3000,6000,Online
2026-02-24,West,Clothing,Jeans,3,1200,3600,Retail
2025-05-31,South,Food,Sugar,10,50,500,Wholesale
2024-07-18,West,Food,Sugar,2,50,100,Wholesale
2025-10-09,East,Food,Sugar,2,50,100,Retail
2024-10-22,East,Furniture,Bookshelf,9,4000,36000,Online
2025-01-01,East,Food,Oil,10,200,2000,Wholesale
2025-03-25,North,Furniture,Chair,4,3000,12000,Online
2025-06-19,South,Food,Oil,7,200,1400,Retail
2025-07-15,South,Clothing,T-Shirt,9,500,4500,Online
2024-08-01,North,Clothing,Saree,1,3000,3000,Online
2026-02-10,West,Furniture,Sofa,8,15000,120000,Wholesale
2026-03-17,South,Clothing,T-Shirt,3,500,1500,Retail
2024-06-26,North,Food,Oil,8,200,1600,Retail
2026-05-15,East,Electronics,Tablet,5,20000,100000,Retail
2025-06-29,South,Electronics,Mobile Phone,10,15000,150000,Online
2025-06-30,North,Electronics,Mobile Phone,10,15000,150000,Online
2026-01-04,North,Furniture,Sofa,4,15000,60000,Online
2025-06-14,North,Furniture,Table,10,5000,50000,Wholesale
2024-09-22,West,Furniture,Table,1,5000,5000,Online
2024-10-15,North,Furniture,Bookshelf,2,4000,8000,Online
2026-01-25,South,Furniture,Table,7,5000,35000,Wholesale
2025-03-28,East,Furniture,Table,5,5000,25000,Online
2025-05-27,North,Furniture,Table,3,5000,15000,Wholesale
2025-04-04,North,Electronics,Tablet,3,20000,60000,Retail
2025-12-20,West,Food,Oil,2,200,400,Wholesale
2026-05-08,East,Clothing,Kurta,2,800,1600,Online
2024-11-23,West,Clothing,T-Shirt,3,500,1500,Online
2024-10-10,East,Clothing,Jeans,10,1200,12000,Online
2025-08-30,South,Clothing,Jeans,8,1200,9600,Retail
2026-02-27,South,Furniture,Chair,5,3000,15000,Wholesale
2025-05-12,North,Furniture,Bookshelf,4,4000,16000,Retail
2025-03-10,East,Food,Oil,5,200,1000,Retail
2025-11-22,North,Furniture,Table,3,5000,15000,Wholesale
2025-12-31,East,Electronics,Laptop,1,45000,45000,Wholesale
2025-03-25,West,Furniture,Chair,4,3000,12000,Online
2025-09-16,North,Food,Oil,7,200,1400,Wholesale
2024-10-17,East,Clothing,T-Shirt,9,500,4500,Online
2024-10-30,West,Food,Oil,4,200,800,Online
2025-12-04,North,Clothing,Saree,4,3000,12000,Wholesale
2025-10-09,South,Clothing,Saree,7,3000,21000,Wholesale
2025-10-31,West,Food,Sugar,9,50,450,Wholesale
2025-03-04,East,Furniture,Table,6,5000,30000,Retail
2025-09-11,East,Furniture,Chair,9,3000,27000,Retail
2025-03-22,East,Furniture,Table,1,5000,5000,Retail
2025-07-05,North,Food,Rice,9,100,900,Online
2025-03-26,North,Electronics,Laptop,7,45000,315000,Retail
2026-02-26,South,Electronics,Mobile Phone,4,15000,60000,Wholesale
2025-08-22,West,Furniture,Table,3,5000,15000,Retail
2025-12-17,East,Furniture,Table,2,5000,10000,Retail
2026-04-06,West,Furniture,Sofa,6,15000,90000,Wholesale
2025-09-13,West,Electronics,Headphones,2,2000,4000,Online
2024-09-25,West,Clothing,T-Shirt,5,500,2500,Online
2026-03-16,South,Electronics,Mobile Phone,9,15000,135000,Retail
2025-11-28,South,Electronics,Tablet,1,20000,20000,Retail
2026-04-07,West,Furniture,Sofa,2,15000,30000,Retail
2025-07-15,East,Clothing,Jeans,3,1200,3600,Retail
2024-12-28,South,Food,Sugar,4,50,200,Retail
2025-08-01,South,Electronics,Headphones,9,2000,18000,Wholesale
2024-12-25,East,Electronics,Headphones,9,2000,18000,Online
2024-08-26,North,Food,Coffee,9,300,2700,Retail
2025-11-18,South,Furniture,Table,3,5000,15000,Online
2024-07-29,South,Furniture,Chair,9,3000,27000,Online
2024-12-15,East,Electronics,Tablet,9,20000,180000,Wholesale
2025-06-27,South,Furniture,Sofa,4,15000,60000,Retail
2024-09-28,West,Food,Rice,3,100,300,Online
2025-06-07,South,Clothing,Jeans,2,1200,2400,Wholesale
2025-03-05,East,Furniture,Table,5,5000,25000,Retail
2024-10-20,East,Clothing,Jeans,2,1200,2400,Online
2025-05-17,East,Electronics,Mobile Phone,8,15000,120000,Wholesale
2025-02-02,North,Food,Oil,6,200,1200,Retail
2024-12-06,South,Furniture,Sofa,1,15000,15000,Wholesale
2025-04-18,North,Furniture,Bookshelf,9,4000,36000,Retail
2024-07-27,East,Furniture,Bookshelf,7,4000,28000,Wholesale
2025-04-12,East,Furniture,Chair,8,3000,24000,Wholesale
2024-07-23,West,Electronics,Headphones,9,2000,18000,Retail
2024-11-12,North,Food,Oil,10,200,2000,Retail
2025-03-01,North,Food,Rice,2,100,200,Retail
2026-04-02,North,Furniture,Sofa,10,15000,150000,Wholesale
2024-10-23,West,Furniture,Sofa,1,15000,15000,Retail
2026-04-05,South,Food,Rice,4,100,400,Retail
2026-01-11,West,Clothing,T-Shirt,6,500,3000,Online
2024-12-17,West,Clothing,Saree,1,3000,3000,Wholesale
2026-01-01,West,Electronics,Headphones,6,2000,12000,Retail
2024-08-26,North,Clothing,Saree,4,3000,12000,Retail
2026-02-25,East,Clothing,Kurta,2,800,1600,Wholesale
2025-06-26,North,Furniture,Bookshelf,10,4000,40000,Online
2024-12-17,South,Furniture,Table,4,5000,20000,Wholesale
2026-05-26,East,Clothing,T-Shirt,10,500,5000,Retail
2024-10-28,North,Clothing,Jeans,6,1200,7200,Retail
2025-08-12,East,Clothing,T-Shirt,2,500,1000,Retail
2025-02-11,West,Clothing,Saree,6,3000,18000,Wholesale
2024-11-25,North,Food,Rice,1,100,100,Retail
2024-08-25,West,Clothing,T-Shirt,7,500,3500,Wholesale
2026-02-26,North,Furniture,Table,7,5000,35000,Online
2026-01-04,South,Food,Oil,4,200,800,Retail
2026-03-26,North,Clothing,T-Shirt,8,500,4000,Retail
2025-03-01,East,Electronics,Tablet,5,20000,100000,Wholesale
2025-03-30,East,Clothing,Jeans,10,1200,12000,Retail
2025-05-22,North,Furniture,Table,3,5000,15000,Wholesale
2026-05-08,West,Electronics,Tablet,9,20000,180000,Online
2024-11-17,West,Food,Coffee,7,300,2100,Online
2025-04-26,East,Clothing,Saree,10,3000,30000,Wholesale
2024-10-05,South,Clothing,T-Shirt,6,500,3000,Wholesale
2024-10-07,South,Clothing,Kurta,1,800,800,Online
2025-03-15,East,Furniture,Sofa,2,15000,30000,Retail
2026-04-30,West,Food,Oil,2,200,400,Wholesale
2025-03-21,North,Food,Oil,10,200,2000,Wholesale
2025-01-04,West,Furniture,Chair,6,3000,18000,Online
2025-03-12,South,Food,Sugar,6,50,300,Wholesale
2025-01-28,North,Food,Coffee,8,300,2400,Online
2026-02-07,East,Clothing,Kurta,8,800,6400,Retail
2026-04-30,East,Electronics,Tablet,6,20000,120000,Wholesale
2025-05-15,North,Clothing,Saree,8,3000,24000,Retail
2024-09-02,South,Electronics,Tablet,1,20000,20000,Online
2026-04-28,East,Clothing,Kurta,9,800,7200,Retail
2025-03-04,East,Electronics,Tablet,7,20000,140000,Retail
2026-04-28,East,Food,Oil,4,200,800,Retail
2025-05-02,East,Electronics,Tablet,2,20000,40000,Wholesale
2026-02-27,West,Electronics,Mobile Phone,9,15000,135000,Retail
2026-03-01,West,Food,Coffee,1,300,300,Wholesale
2025-11-17,North,Furniture,Sofa,7,15000,105000,Online
2025-07-06,North,Clothing,Kurta,1,800,800,Retail
2025-08-15,East,Furniture,Sofa,5,15000,75000,Online
2025-05-29,East,Clothing,Jeans,5,1200,6000,Wholesale
2025-03-05,South,Clothing,Saree,6,3000,18000,Wholesale
2025-11-28,South,Food,Oil,4,200,800,Wholesale
2026-03-17,South,Electronics,Laptop,2,45000,90000,Online
2024-08-11,North,Clothing,Jeans,10,1200,12000,Online
2024-11-20,East,Furniture,Sofa,3,15000,45000,Online
2025-03-15,West,Clothing,Jeans,2,1200,2400,Retail
2025-05-29,East,Food,Rice,7,100,700,Retail
2024-10-24,North,Clothing,Saree,9,3000,27000,Retail
2025-07-03,South,Food,Rice,6,100,600,Wholesale
2026-04-13,North,Electronics,Tablet,10,20000,200000,Online
2025-06-02,South,Clothing,T-Shirt,3,500,1500,Wholesale
2024-07-20,West,Electronics,Tablet,8,20000,160000,Wholesale
2026-06-02,West,Furniture,Sofa,2,15000,30000,Retail
2025-10-08,South,Furniture,Chair,5,3000,15000,Wholesale
2025-06-27,North,Electronics,Tablet,9,20000,180000,Retail
2025-08-05,North,Furniture,Table,4,5000,20000,Wholesale
2025-12-26,North,Electronics,Headphones,5,2000,10000,Retail
2025-01-01,North,Furniture,Table,4,5000,20000,Retail
2025-06-15,South,Clothing,Jeans,7,1200,8400,Wholesale
2024-08-01,East,Furniture,Table,8,5000,40000,Wholesale
2025-09-17,South,Electronics,Laptop,3,45000,135000,Retail
2025-11-01,East,Food,Coffee,3,300,900,Online
2024-07-16,South,Clothing,Saree,7,3000,21000,Online
2025-06-24,North,Electronics,Mobile Phone,6,15000,90000,Retail
2026-05-07,West,Furniture,Chair,2,3000,6000,Retail
2026-03-08,West,Furniture,Sofa,8,15000,120000,Wholesale
2025-05-21,North,Food,Coffee,2,300,600,Online
2024-11-25,South,Food,Coffee,7,300,2100,Retail
2026-02-23,North,Clothing,Kurta,5,800,4000,Online
2025-09-17,West,Furniture,Bookshelf,8,4000,32000,Retail
2024-07-01,South,Food,Coffee,7,300,2100,Retail
2025-11-04,West,Clothing,Saree,4,3000,12000,Online
2025-07-05,South,Electronics,Headphones,1,2000,2000,Retail
2024-09-27,North,Clothing,Jeans,10,1200,12000,Wholesale
2025-05-28,East,Electronics,Mobile Phone,1,15000,15000,Online
2025-07-13,West,Food,Coffee,6,300,1800,Online
2024-12-14,West,Furniture,Sofa,4,15000,60000,Online
2025-08-22,West,Furniture,Table,9,5000,45000,Online
2026-02-17,North,Food,Rice,7,100,700,Wholesale
2025-05-31,East,Electronics,Laptop,10,45000,450000,Wholesale
2024-10-24,North,Electronics,Tablet,5,20000,100000,Retail
2026-02-24,South,Clothing,Kurta,6,800,4800,Online
2026-03-28,South,Furniture,Chair,1,3000,3000,Wholesale
2024-07-30,North,Clothing,Jeans,3,1200,3600,Wholesale
2025-09-16,East,Electronics,Tablet,6,20000,120000,Online
2025-11-14,East,Furniture,Table,9,5000,45000,Online
2024-06-29,South,Furniture,Table,3,5000,15000,Wholesale
2025-11-11,East,Furniture,Chair,3,3000,9000,Online
2025-05-31,North,Clothing,Jeans,9,1200,10800,Retail
2025-04-13,North,Clothing,T-Shirt,2,500,1000,Retail
2024-08-23,West,Furniture,Sofa,1,15000,15000,Wholesale
2024-07-12,South,Electronics,Laptop,7,45000,315000,Wholesale
2025-02-09,North,Clothing,Saree,2,3000,6000,Online
2024-11-27,West,Clothing,Jeans,1,1200,1200,Retail
2024-08-26,West,Food,Sugar,1,50,50,Wholesale
2025-10-19,North,Clothing,Kurta,9,800,7200,Wholesale
2025-12-29,South,Clothing,T-Shirt,5,500,2500,Online
2025-05-22,West,Food,Rice,3,100,300,Retail
2026-03-05,East,Food,Rice,10,100,1000,Wholesale
2026-04-25,East,Furniture,Bookshelf,6,4000,24000,Wholesale
2025-12-15,West,Electronics,Headphones,10,2000,20000,Online
2024-08-31,South,Furniture,Table,3,5000,15000,Wholesale
2024-11-15,South,Food,Sugar,5,50,250,Retail
2024-11-27,West,Food,Rice,5,100,500,Online
2024-07-03,North,Food,Rice,4,100,400,Retail
2024-09-20,North,Electronics,Headphones,9,2000,18000,Wholesale
2025-02-03,South,Furniture,Sofa,2,15000,30000,Retail
2026-03-11,East,Electronics,Tablet,5,20000,100000,Online
2026-04-16,South,Electronics,Mobile Phone,6,15000,90000,Wholesale
2025-02-26,North,Electronics,Tablet,5,20000,100000,Wholesale
2025-03-24,South,Clothing,T-Shirt,9,500,4500,Online
2025-05-20,North,Clothing,Kurta,6,800,4800,Retail
2024-11-07,West,Food,Sugar,7,50,350,Retail
2024-08-24,North,Electronics,Headphones,8,2000,16000,Online
2024-08-29,North,Clothing,Kurta,1,800,800,Wholesale
2025-07-17,West,Electronics,Tablet,1,20000,20000,Retail
2025-11-15,West,Electronics,Mobile Phone,10,15000,150000,Wholesale
2024-10-07,North,Clothing,T-Shirt,9,500,4500,Wholesale
2026-04-04,West,Furniture,Table,4,5000,20000,Online
2024-07-28,North,Food,Sugar,2,50,100,Online
2026-02-24,East,Clothing,T-Shirt,3,500,1500,Retail
2026-01-14,West,Electronics,Laptop,7,45000,315000,Online
2026-04-06,West,Electronics,Mobile Phone,1,15000,15000,Wholesale
2025-02-16,South,Furniture,Bookshelf,8,4000,32000,Wholesale
2024-11-21,South,Clothing,Jeans,9,1200,10800,Wholesale
2025-10-07,East,Furniture,Bookshelf,2,4000,8000,Online
2025-07-27,North,Food,Rice,10,100,1000,Wholesale
2024-08-16,West,Electronics,Headphones,3,2000,6000,Online
2025-04-20,North,Electronics,Mobile Phone,5,15000,75000,Wholesale
2025-12-26,North,Food,Coffee,8,300,2400,Online
2025-03-27,East,Food,Rice,4,100,400,Online
2025-05-04,North,Food,Coffee,5,300,1500,Online
2024-06-21,West,Furniture,Table,6,5000,30000,Retail
2026-03-27,West,Clothing,Jeans,2,1200,2400,Retail
2026-05-30,West,Furniture,Sofa,2,15000,30000,Wholesale
2024-07-16,North,Electronics,Headphones,5,2000,10000,Retail
2025-08-14,East,Furniture,Sofa,5,15000,75000,Online
2025-05-21,West,Clothing,Saree,9,3000,27000,Retail
2025-09-27,South,Food,Rice,5,100,500,Retail
2025-10-31,South,Clothing,Kurta,7,800,5600,Online
2025-02-06,North,Electronics,Tablet,10,20000,200000,Wholesale
2025-07-25,East,Furniture,Table,1,5000,5000,Wholesale
2025-08-30,North,Food,Oil,6,200,1200,Wholesale
2025-03-05,South,Furniture,Bookshelf,7,4000,28000,Online
2024-10-17,East,Furniture,Chair,4,3000,12000,Wholesale
2026-06-03,North,Furniture,Sofa,9,15000,135000,Wholesale
2025-01-07,West,Clothing,T-Shirt,5,500,2500,Wholesale
2025-01-31,North,Electronics,Tablet,4,20000,80000,Wholesale
2026-02-16,East,Clothing,T-Shirt,7,500,3500,Wholesale
2026-01-21,South,Clothing,Saree,8,3000,24000,Wholesale
2025-07-30,South,Food,Rice,1,100,100,Retail
2026-03-31,South,Electronics,Mobile Phone,9,15000,135000,Wholesale
2025-11-04,South,Clothing,Kurta,10,800,8000,Wholesale
2024-11-27,South,Food,Sugar,9,50,450,Retail
2025-05-23,North,Clothing,T-Shirt,3,500,1500,Online
2025-10-30,West,Food,Rice,9,100,900,Retail
2026-02-28,East,Electronics,Headphones,6,2000,12000,Wholesale
2025-08-09,South,Furniture,Table,6,5000,30000,Wholesale
2026-02-16,South,Furniture,Table,5,5000,25000,Retail
2025-06-14,North,Food,Oil,3,200,600,Online
2024-12-03,South,Furniture,Chair,8,3000,24000,Retail
2025-08-24,East,Food,Oil,7,200,1400,Online
2025-03-15,North,Food,Sugar,4,50,200,Wholesale
2025-08-18,West,Clothing,T-Shirt,10,500,5000,Wholesale
2024-06-15,West,Furniture,Sofa,10,15000,150000,Retail
2025-12-15,South,Clothing,Kurta,9,800,7200,Retail
2025-12-15,West,Electronics,Tablet,6,20000,120000,Retail
2025-12-22,North,Furniture,Table,9,5000,45000,Retail
2024-11-01,North,Clothing,T-Shirt,8,500,4000,Online
2025-04-23,West,Food,Oil,8,200,1600,Retail
2025-04-20,East,Food,Sugar,1,50,50,Online
2024-06-06,East,Food,Rice,4,100,400,Retail
2024-06-10,North,Furniture,Table,5,5000,25000,Online
2025-02-12,South,Electronics,Tablet,1,20000,20000,Retail
2024-12-30,East,Clothing,Jeans,1,1200,1200,Online
2026-01-18,East,Electronics,Mobile Phone,7,15000,105000,Retail
2026-05-06,South,Food,Rice,4,100,400,Online
2025-05-10,South,Furniture,Bookshelf,3,4000,12000,Online
2024-11-24,West,Electronics,Mobile Phone,8,15000,120000,Retail
2025-12-31,West,Electronics,Tablet,8,20000,160000,Online
2024-09-04,East,Electronics,Headphones,8,2000,16000,Retail
2025-06-24,South,Electronics,Mobile Phone,6,15000,90000,Wholesale
2024-12-04,North,Food,Oil,9,200,1800,Retail
2025-09-05,North,Electronics,Laptop,3,45000,135000,Retail
2025-02-27,South,Furniture,Sofa,10,15000,150000,Online
2025-03-28,South,Food,Oil,3,200,600,Online
2024-07-09,South,Furniture,Sofa,6,15000,90000,Wholesale
2024-07-09,North,Electronics,Laptop,9,45000,405000,Online
2025-06-05,South,Food,Coffee,6,300,1800,Retail
2025-06-03,South,Electronics,Laptop,10,45000,450000,Retail
2024-12-28,South,Clothing,Kurta,8,800,6400,Wholesale
2025-12-16,East,Food,Oil,4,200,800,Retail
2025-06-11,West,Electronics,Laptop,7,45000,315000,Retail
2026-02-24,South,Food,Coffee,3,300,900,Retail
2025-09-06,West,Electronics,Headphones,5,2000,10000,Retail
2026-04-21,West,Food,Rice,5,100,500,Retail
2025-03-11,South,Furniture,Sofa,10,15000,150000,Retail
2025-04-10,West,Electronics,Tablet,10,20000,200000,Online
2024-06-13,East,Furniture,Table,9,5000,45000,Retail
2025-08-02,West,Furniture,Table,7,5000,35000,Online
2025-01-03,North,Furniture,Sofa,10,15000,150000,Wholesale
2024-11-29,North,Furniture,Sofa,3,15000,45000,Retail
2025-03-09,South,Electronics,Tablet,2,20000,40000,Wholesale
2025-12-31,West,Clothing,T-Shirt,2,500,1000,Wholesale
2025-10-11,North,Electronics,Headphones,4,2000,8000,Wholesale
2025-01-27,North,Electronics,Laptop,7,45000,315000,Retail
2025-02-26,West,Food,Coffee,5,300,1500,Retail
2025-09-25,North,Electronics,Mobile Phone,6,15000,90000,Wholesale
2025-03-08,South,Food,Sugar,2,50,100,Wholesale
2025-10-17,North,Furniture,Table,10,5000,50000,Online
2024-10-13,East,Furniture,Table,4,5000,20000,Retail
2025-02-14,North,Furniture,Sofa,9,15000,135000,Online
2025-02-19,North,Food,Oil,1,200,200,Online
2024-11-22,South,Food,Rice,5,100,500,Wholesale
2024-09-25,North,Clothing,Jeans,4,1200,4800,Online
2025-08-30,South,Furniture,Bookshelf,2,4000,8000,Wholesale
2025-11-23,South,Electronics,Headphones,4,2000,8000,Retail
2025-09-01,North,Clothing,Saree,10,3000,30000,Wholesale
2025-12-20,West,Electronics,Mobile Phone,5,15000,75000,Online
2024-11-29,South,Electronics,Tablet,3,20000,60000,Retail
2025-02-21,East,Food,Sugar,5,50,250,Retail
2025-03-10,South,Clothing,Jeans,10,1200,12000,Online
2025-08-21,West,Clothing,Saree,6,3000,18000,Wholesale
2025-02-03,West,Furniture,Table,2,5000,10000,Wholesale
2025-05-08,East,Furniture,Sofa,2,15000,30000,Wholesale
2025-02-09,West,Clothing,T-Shirt,7,500,3500,Online
2024-09-02,East,Clothing,T-Shirt,7,500,3500,Wholesale
2025-06-21,South,Food,Oil,4,200,800,Retail
2025-01-16,West,Food,Rice,4,100,400,Wholesale
2024-11-08,West,Electronics,Laptop,4,45000,180000,Online
2024-09-04,East,Food,Rice,10,100,1000,Online
2024-07-24,West,Furniture,Bookshelf,2,4000,8000,Online
2025-10-25,North,Clothing,Saree,4,3000,12000,Wholesale
2024-08-18,North,Electronics,Mobile Phone,1,15000,15000,Wholesale
2024-10-06,West,Furniture,Chair,6,3000,18000,Online
2025-01-01,North,Clothing,Kurta,7,800,5600,Retail
2026-05-02,East,Furniture,Table,9,5000,45000,Online
2024-12-24,South,Electronics,Mobile Phone,5,15000,75000,Wholesale
2025-02-04,South,Food,Rice,4,100,400,Retail
2025-12-31,South,Electronics,Tablet,3,20000,60000,Online
2024-06-23,North,Food,Oil,2,200,400,Wholesale
2024-10-17,West,Furniture,Bookshelf,1,4000,4000,Wholesale
2025-01-13,North,Food,Sugar,3,50,150,Online
2025-12-07,South,Food,Oil,2,200,400,Online
2025-03-09,West,Clothing,T-Shirt,9,500,4500,Retail
2026-04-13,East,Food,Sugar,9,50,450,Online
2025-07-05,East,Electronics,Tablet,2,20000,40000,Retail
2024-07-19,West,Furniture,Bookshelf,8,4000,32000,Wholesale
2025-07-20,North,Clothing,T-Shirt,6,500,3000,Online
2025-05-06,West,Furniture,Table,3,5000,15000,Wholesale
2025-01-09,West,Clothing,T-Shirt,5,500,2500,Online
2025-10-26,East,Furniture,Table,2,5000,10000,Retail
2025-10-12,South,Electronics,Mobile Phone,4,15000,60000,Online
2025-05-28,West,Electronics,Mobile Phone,9,15000,135000,Online
2026-02-14,East,Furniture,Chair,1,3000,3000,Online
2025-02-09,South,Food,Coffee,6,300,1800,Online
2024-11-01,North,Furniture,Sofa,7,15000,105000,Retail
2025-05-12,North,Clothing,T-Shirt,7,500,3500,Wholesale
2025-02-14,North,Food,Rice,10,100,1000,Online
2025-11-21,East,Food,Rice,10,100,1000,Retail
2024-12-28,North,Food,Rice,7,100,700,Online
2025-03-20,North,Furniture,Chair,10,3000,30000,Online
2025-05-25,North,Food,Rice,4,100,400,Retail
2026-01-19,North,Furniture,Bookshelf,1,4000,4000,Wholesale
2025-12-27,South,Clothing,Kurta,5,800,4000,Retail
2025-11-03,North,Clothing,T-Shirt,8,500,4000,Wholesale
2025-02-24,North,Electronics,Mobile Phone,8,15000,120000,Online
2024-12-08,South,Furniture,Bookshelf,1,4000,4000,Online
2024-12-30,East,Furniture,Sofa,3,15000,45000,Retail
2025-01-27,East,Clothing,Jeans,10,1200,12000,Online
2024-10-25,West,Food,Oil,9,200,1800,Wholesale
2025-12-09,South,Electronics,Headphones,1,2000,2000,Wholesale
2025-06-08,West,Clothing,T-Shirt,4,500,2000,Online
2026-03-20,North,Clothing,Saree,5,3000,15000,Online
2025-04-30,South,Electronics,Laptop,8,45000,360000,Wholesale
2024-12-10,West,Electronics,Laptop,9,45000,405000,Wholesale
2025-08-30,North,Food,Sugar,7,50,350,Retail
2025-06-12,North,Clothing,Saree,7,3000,21000,Retail
2025-07-27,East,Furniture,Table,6,5000,30000,Online
2026-01-06,West,Food,Oil,7,200,1400,Retail
2024-08-21,West,Clothing,T-Shirt,3,500,1500,Online
2024-06-11,East,Electronics,Laptop,5,45000,225000,Wholesale
2026-06-03,South,Clothing,Kurta,6,800,4800,Online
2024-08-03,North,Electronics,Headphones,1,2000,2000,Retail
2025-03-27,South,Furniture,Chair,5,3000,15000,Wholesale
2025-05-31,East,Food,Rice,10,100,1000,Online
2026-03-09,North,Clothing,Jeans,4,1200,4800,Online
2025-01-27,North,Electronics,Headphones,6,2000,12000,Retail
2025-03-23,West,Food,Coffee,9,300,2700,Wholesale
2024-12-15,North,Food,Oil,7,200,1400,Wholesale
2026-02-09,West,Electronics,Laptop,10,45000,450000,Wholesale
2025-01-11,North,Food,Coffee,5,300,1500,Retail
2024-08-22,West,Food,Oil,6,200,1200,Online
2025-08-09,North,Clothing,T-Shirt,5,500,2500,Wholesale
2024-10-26,South,Clothing,Saree,6,3000,18000,Retail
2024-10-24,East,Electronics,Headphones,4,2000,8000,Retail
2025-04-11,South,Furniture,Table,9,5000,45000,Retail
2024-12-10,South,Electronics,Laptop,4,45000,180000,Wholesale
2024-10-30,East,Food,Sugar,6,50,300,Online
2024-07-12,North,Electronics,Laptop,8,45000,360000,Retail
2025-03-02,West,Clothing,Kurta,3,800,2400,Online
2024-08-15,North,Electronics,Mobile Phone,3,15000,45000,Online
2026-05-26,West,Clothing,T-Shirt,5,500,2500,Online
2026-04-01,East,Furniture,Chair,9,3000,27000,Online
2024-08-24,West,Electronics,Tablet,3,20000,60000,Online
2026-04-06,East,Food,Coffee,2,300,600,Online
2026-03-24,South,Electronics,Tablet,2,20000,40000,Retail
2026-05-02,West,Furniture,Bookshelf,1,4000,4000,Wholesale
2026-04-29,East,Food,Oil,7,200,1400,Online
2025-10-15,South,Furniture,Chair,10,3000,30000,Wholesale
2024-07-23,North,Clothing,T-Shirt,3,500,1500,Wholesale
2024-06-25,East,Electronics,Tablet,7,20000,140000,Retail
2026-04-27,North,Clothing,Jeans,4,1200,4800,Retail
2025-11-11,West,Food,Coffee,1,300,300,Retail
2025-03-12,South,Electronics,Headphones,6,2000,12000,Retail
2025-12-23,South,Food,Sugar,10,50,500,Wholesale
2025-04-23,East,Furniture,Chair,6,3000,18000,Retail
2024-08-23,North,Furniture,Sofa,4,15000,60000,Online
2025-09-26,East,Clothing,Jeans,8,1200,9600,Online
2025-01-15,South,Clothing,T-Shirt,8,500,4000,Wholesale
2025-06-11,West,Food,Oil,9,200,1800,Wholesale
2024-06-10,North,Electronics,Mobile Phone,2,15000,30000,Online
2025-10-22,West,Clothing,Kurta,6,800,4800,Retail
2025-11-09,East,Clothing,T-Shirt,8,500,4000,Online
2025-02-22,North,Food,Rice,10,100,1000,Wholesale
2025-05-15,North,Food,Oil,4,200,800,Wholesale
2024-11-10,North,Food,Sugar,8,50,400,Wholesale
2024-11-15,South,Clothing,Saree,4,3000,12000,Wholesale
2024-09-17,South,Electronics,Mobile Phone,1,15000,15000,Wholesale
2024-12-30,North,Food,Oil,8,200,1600,Retail
2025-09-07,West,Furniture,Table,7,5000,35000,Retail
2025-02-26,East,Furniture,Bookshelf,8,4000,32000,Online
2024-08-01,North,Furniture,Table,2,5000,10000,Online
2025-03-18,North,Furniture,Sofa,4,15000,60000,Wholesale
2025-02-15,East,Furniture,Chair,1,3000,3000,Wholesale
2026-02-03,South,Furniture,Sofa,8,15000,120000,Online
2025-01-17,South,Clothing,Jeans,3,1200,3600,Wholesale
2026-04-04,South,Furniture,Chair,4,3000,12000,Retail
2026-03-24,South,Clothing,Jeans,6,1200,7200,Wholesale
2025-07-28,South,Electronics,Tablet,10,20000,200000,Retail
2024-07-17,North,Clothing,Saree,7,3000,21000,Wholesale
2025-03-12,East,Food,Sugar,4,50,200,Online
2025-05-04,North,Clothing,Jeans,6,1200,7200,Wholesale
2025-07-18,East,Food,Coffee,9,300,2700,Retail
2025-12-10,South,Furniture,Table,3,5000,15000,Wholesale
2026-05-05,West,Food,Sugar,10,50,500,Wholesale
2024-11-07,North,Electronics,Laptop,9,45000,405000,Retail
2024-11-28,East,Electronics,Tablet,6,20000,120000,Retail
2025-12-15,South,Clothing,Kurta,8,800,6400,Online
2026-05-20,West,Electronics,Laptop,6,45000,270000,Online
2024-07-17,North,Clothing,T-Shirt,4,500,2000,Wholesale
2024-07-04,North,Furniture,Bookshelf,7,4000,28000,Retail
2025-03-01,West,Electronics,Laptop,3,45000,135000,Online
2025-12-24,East,Electronics,Mobile Phone,9,15000,135000,Wholesale
2024-06-07,East,Electronics,Tablet,6,20000,120000,Retail
2025-07-13,East,Food,Rice,9,100,900,Online
2025-10-22,West,Furniture,Chair,7,3000,21000,Retail
2025-07-12,South,Furniture,Sofa,5,15000,75000,Retail
2025-07-19,North,Clothing,Saree,2,3000,6000,Retail
2024-09-25,South,Clothing,Kurta,5,800,4000,Retail
2025-05-13,North,Food,Sugar,6,50,300,Online
2026-03-07,East,Food,Coffee,5,300,1500,Online
2025-05-31,East,Clothing,Jeans,9,1200,10800,Online
2024-06-16,East,Food,Oil,10,200,2000,Retail
2025-06-04,West,Electronics,Headphones,8,2000,16000,Wholesale
2025-05-18,North,Furniture,Table,6,5000,30000,Wholesale
2024-07-06,East,Furniture,Bookshelf,4,4000,16000,Retail
2025-06-15,South,Electronics,Laptop,4,45000,180000,Online
2025-11-12,East,Clothing,Saree,10,3000,30000,Retail
2025-07-20,East,Food,Sugar,7,50,350,Wholesale
2025-09-29,East,Food,Rice,10,100,1000,Wholesale
2025-01-28,North,Clothing,Kurta,10,800,8000,Online
2025-05-27,North,Food,Coffee,7,300,2100,Online
2024-06-15,South,Clothing,Kurta,10,800,8000,Retail
2025-10-05,South,Furniture,Table,6,5000,30000,Retail
2026-03-29,East,Food,Sugar,7,50,350,Online
2024-06-24,West,Food,Coffee,2,300,600,Online
2025-11-07,South,Furniture,Bookshelf,8,4000,32000,Retail
2026-04-27,West,Food,Coffee,8,300,2400,Retail
2025-03-02,East,Furniture,Table,4,5000,20000,Retail
2025-09-16,North,Clothing,Jeans,5,1200,6000,Online
2025-11-29,West,Food,Coffee,8,300,2400,Wholesale
2026-05-08,West,Furniture,Chair,2,3000,6000,Retail
2026-05-12,North,Furniture,Bookshelf,5,4000,20000,Retail
2024-07-18,South,Clothing,Saree,7,3000,21000,Retail
2025-04-09,South,Electronics,Tablet,6,20000,120000,Wholesale
2025-05-19,South,Clothing,Kurta,5,800,4000,Wholesale
2026-05-15,West,Electronics,Mobile Phone,4,15000,60000,Retail
2024-06-25,West,Electronics,Headphones,5,2000,10000,Wholesale
2026-02-28,North,Furniture,Bookshelf,8,4000,32000,Retail
2025-08-28,East,Clothing,Kurta,1,800,800,Wholesale
2025-09-13,South,Clothing,Kurta,6,800,4800,Online
2025-10-15,West,Furniture,Sofa,10,15000,150000,Retail
2025-10-28,West,Furniture,Table,10,5000,50000,Online
2024-12-21,North,Food,Oil,4,200,800,Retail
2026-02-24,North,Furniture,Bookshelf,7,4000,28000,Online
2025-05-30,North,Clothing,Jeans,8,1200,9600,Wholesale
2025-08-11,South,Electronics,Laptop,9,45000,405000,Online
2024-11-10,North,Food,Oil,5,200,1000,Online
2025-12-10,North,Electronics,Mobile Phone,10,15000,150000,Online
2025-02-01,West,Food,Sugar,10,50,500,Wholesale
2025-10-25,North,Furniture,Table,10,5000,50000,Online
2026-04-18,South,Furniture,Bookshelf,5,4000,20000,Retail
2025-02-25,West,Furniture,Bookshelf,8,4000,32000,Online
2025-03-19,East,Electronics,Laptop,9,45000,405000,Online
2024-07-14,North,Clothing,T-Shirt,8,500,4000,Retail
2025-04-17,East,Furniture,Bookshelf,2,4000,8000,Online
2026-04-24,West,Clothing,Saree,9,3000,27000,Online
2025-01-14,South,Furniture,Bookshelf,6,4000,24000,Wholesale
2024-08-14,East,Food,Oil,3,200,600,Online
2025-11-24,North,Clothing,Kurta,10,800,8000,Online
2026-04-24,West,Clothing,T-Shirt,3,500,1500,Wholesale
2025-07-03,West,Food,Coffee,9,300,2700,Retail
2024-08-06,West,Food,Coffee,8,300,2400,Retail
2026-05-07,North,Clothing,Jeans,6,1200,7200,Retail
2025-01-19,South,Food,Coffee,10,300,3000,Retail
2025-07-29,East,Clothing,Jeans,5,1200,6000,Wholesale
2026-01-25,South,Clothing,Saree,7,3000,21000,Retail
2025-03-27,South,Furniture,Bookshelf,3,4000,12000,Online
2024-12-15,South,Electronics,Headphones,8,2000,16000,Online
2024-12-13,West,Furniture,Bookshelf,3,4000,12000,Online
2024-07-28,East,Clothing,T-Shirt,2,500,1000,Retail
2024-07-20,North,Clothing,T-Shirt,6,500,3000,Wholesale
2026-06-01,North,Electronics,Headphones,8,2000,16000,Retail
2024-12-17,West,Food,Coffee,1,300,300,Online
2025-12-18,West,Clothing,Kurta,5,800,4000,Wholesale
2024-08-07,West,Electronics,Laptop,2,45000,90000,Online
2026-01-19,West,Clothing,T-Shirt,2,500,1000,Online
2024-07-02,West,Electronics,Headphones,7,2000,14000,Retail
2024-12-17,West,Furniture,Table,8,5000,40000,Online
2025-05-14,North,Electronics,Mobile Phone,3,15000,45000,Wholesale
2026-03-06,West,Food,Sugar,4,50,200,Retail
2026-01-03,North,Clothing,Saree,8,3000,24000,Retail
2025-09-07,East,Furniture,Table,5,5000,25000,Online
2026-01-11,East,Furniture,Bookshelf,2,4000,8000,Wholesale
2024-07-26,East,Electronics,Headphones,6,2000,12000,Wholesale
2024-08-02,South,Clothing,Saree,7,3000,21000,Wholesale
2025-11-22,West,Food,Coffee,2,300,600,Retail
2026-03-12,South,Furniture,Sofa,7,15000,105000,Wholesale
2025-03-01,North,Furniture,Sofa,5,15000,75000,Retail
2025-05-31,West,Electronics,Laptop,4,45000,180000,Online
2026-05-01,North,Food,Coffee,5,300,1500,Retail
2025-09-16,East,Furniture,Table,3,5000,15000,Retail
2025-03-28,East,Furniture,Table,5,5000,25000,Wholesale
2025-03-01,South,Furniture,Table,8,5000,40000,Retail
2025-06-07,North,Food,Coffee,9,300,2700,Online
2025-11-25,West,Furniture,Sofa,6,15000,90000,Online
2026-05-29,South,Electronics,Mobile Phone,2,15000,30000,Retail
2026-05-14,East,Electronics,Mobile Phone,8,15000,120000,Online
2024-07-18,North,Furniture,Sofa,9,15000,135000,Wholesale
2025-02-14,East,Clothing,Kurta,5,800,4000,Retail
2026-04-11,West,Food,Sugar,7,50,350,Retail
2026-03-01,East,Clothing,T-Shirt,8,500,4000,Wholesale
2025-11-23,North,Electronics,Headphones,3,2000,6000,Online
2025-06-30,North,Electronics,Laptop,9,45000,405000,Retail
2025-06-03,South,Food,Coffee,9,300,2700,Retail
2026-04-11,East,Electronics,Headphones,8,2000,16000,Wholesale
2025-02-11,East,Clothing,Jeans,4,1200,4800,Wholesale
2026-01-01,West,Food,Sugar,9,50,450,Retail
2025-05-24,North,Furniture,Table,8,5000,40000,Online
2024-09-23,South,Furniture,Sofa,8,15000,120000,Retail
2024-10-27,South,Furniture,Sofa,9,15000,135000,Wholesale
2025-01-01,West,Clothing,Jeans,3,1200,3600,Retail
2024-10-17,East,Electronics,Tablet,7,20000,140000,Wholesale
2024-10-12,West,Electronics,Tablet,1,20000,20000,Retail
2025-07-23,East,Furniture,Sofa,1,15000,15000,Online
2026-01-13,South,Electronics,Laptop,10,45000,450000,Online
2025-07-30,West,Furniture,Bookshelf,1,4000,4000,Wholesale
2025-08-10,East,Food,Oil,8,200,1600,Wholesale
2024-12-29,West,Clothing,Saree,6,3000,18000,Retail
2025-10-04,North,Clothing,Jeans,6,1200,7200,Online
2024-06-04,North,Food,Sugar,6,50,300,Online
2024-12-02,East,Electronics,Tablet,3,20000,60000,Wholesale
2025-09-03,South,Food,Oil,5,200,1000,Wholesale
2025-10-01,West,Furniture,Chair,7,3000,21000,Wholesale
2025-05-19,West,Electronics,Mobile Phone,9,15000,135000,Retail
2025-04-13,East,Food,Coffee,2,300,600,Wholesale
2025-02-14,West,Furniture,Sofa,4,15000,60000,Wholesale
2026-05-23,East,Food,Sugar,2,50,100,Online
2026-04-21,South,Furniture,Chair,4,3000,12000,Retail
2024-08-07,West,Clothing,Jeans,8,1200,9600,Wholesale
2025-12-12,West,Food,Sugar,1,50,50,Wholesale
2025-05-09,South,Food,Rice,7,100,700,Wholesale
2024-09-01,South,Clothing,Jeans,3,1200,3600,Wholesale
2024-07-27,East,Furniture,Table,3,5000,15000,Retail
2025-03-16,East,Furniture,Sofa,4,15000,60000,Online
2026-02-22,North,Electronics,Laptop,10,45000,450000,Wholesale
2025-12-01,South,Food,Sugar,6,50,300,Retail
2024-06-19,South,Food,Rice,2,100,200,Online
2025-12-27,South,Electronics,Headphones,2,2000,4000,Wholesale
2024-08-20,North,Food,Rice,6,100,600,Online
2025-10-08,South,Furniture,Table,3,5000,15000,Wholesale
2025-07-13,South,Electronics,Mobile Phone,4,15000,60000,Online
2024-10-21,South,Clothing,Saree,8,3000,24000,Wholesale
2024-12-18,West,Clothing,Kurta,2,800,1600,Wholesale
2024-09-23,East,Furniture,Sofa,1,15000,15000,Wholesale
2024-11-14,East,Food,Rice,6,100,600,Online
2025-03-06,West,Electronics,Headphones,4,2000,8000,Retail
2024-08-10,North,Furniture,Sofa,2,15000,30000,Wholesale
2025-12-24,West,Food,Coffee,6,300,1800,Wholesale
2025-09-24,West,Clothing,Jeans,9,1200,10800,Online
2025-02-17,South,Clothing,Jeans,9,1200,10800,Wholesale
2026-02-11,South,Furniture,Chair,2,3000,6000,Online
2026-03-19,West,Electronics,Headphones,3,2000,6000,Retail
2024-07-08,North,Furniture,Table,3,5000,15000,Retail
2025-12-09,East,Electronics,Tablet,4,20000,80000,Wholesale
2024-12-28,South,Food,Rice,1,100,100,Online
2025-03-31,North,Electronics,Tablet,10,20000,200000,Retail
2024-11-11,West,Clothing,Kurta,9,800,7200,Retail
2024-09-30,East,Furniture,Bookshelf,3,4000,12000,Wholesale
2026-01-23,West,Food,Coffee,6,300,1800,Retail
2025-01-10,East,Food,Coffee,7,300,2100,Wholesale
2024-09-19,East,Clothing,Kurta,10,800,8000,Wholesale
2025-07-21,West,Electronics,Headphones,7,2000,14000,Wholesale
2026-05-25,South,Electronics,Mobile Phone,9,15000,135000,Wholesale
2025-06-10,South,Furniture,Table,9,5000,45000,Wholesale
2025-11-29,North,Electronics,Laptop,2,45000,90000,Wholesale
2024-11-29,East,Furniture,Bookshelf,2,4000,8000,Online
2025-03-02,South,Electronics,Headphones,1,2000,2000,Wholesale
2025-10-31,South,Clothing,T-Shirt,10,500,5000,Retail
2026-01-17,North,Clothing,Saree,4,3000,12000,Retail
2025-10-10,South,Electronics,Tablet,3,20000,60000,Online
2024-09-28,West,Food,Rice,2,100,200,Wholesale
2026-05-26,North,Food,Coffee,10,300,3000,Online
2025-10-21,West,Electronics,Laptop,2,45000,90000,Wholesale
2026-05-21,North,Clothing,Saree,1,3000,3000,Retail
2025-05-08,North,Food,Rice,4,100,400,Online
2024-12-14,East,Furniture,Chair,9,3000,27000,Retail
2025-04-05,West,Food,Sugar,5,50,250,Online
2024-08-28,South,Electronics,Mobile Phone,5,15000,75000,Retail
2025-03-29,North,Food,Oil,8,200,1600,Wholesale
2024-07-30,North,Food,Oil,10,200,2000,Retail
2024-12-13,South,Electronics,Tablet,1,20000,20000,Retail
2024-11-25,South,Electronics,Mobile Phone,2,15000,30000,Wholesale
2025-09-14,North,Electronics,Tablet,7,20000,140000,Online
2025-09-07,East,Clothing,Jeans,9,1200,10800,Retail
2025-03-17,West,Food,Oil,4,200,800,Retail
2025-10-28,North,Furniture,Chair,6,3000,18000,Retail
2025-06-23,North,Food,Coffee,9,300,2700,Retail
2025-12-11,West,Furniture,Table,3,5000,15000,Retail
2025-08-18,East,Clothing,Kurta,8,800,6400,Wholesale
2026-01-15,West,Food,Rice,2,100,200,Wholesale
2025-11-12,East,Electronics,Tablet,5,20000,100000,Wholesale
2025-06-20,East,Electronics,Laptop,5,45000,225000,Online
2026-03-03,North,Furniture,Table,2,5000,10000,Online
2025-04-23,North,Electronics,Headphones,10,2000,20000,Retail
2025-10-21,East,Clothing,Saree,6,3000,18000,Online
2024-10-19,East,Clothing,Kurta,8,800,6400,Retail
2024-12-25,West,Food,Sugar,6,50,300,Wholesale
2024-12-22,South,Electronics,Mobile Phone,1,15000,15000,Online
2024-11-22,South,Food,Sugar,1,50,50,Retail
2024-10-26,North,Electronics,Laptop,7,45000,315000,Wholesale
2025-12-26,South,Clothing,T-Shirt,9,500,4500,Online
2026-04-13,East,Food,Coffee,6,300,1800,Online
2024-09-16,North,Furniture,Sofa,8,15000,120000,Online
2025-07-10,East,Furniture,Chair,4,3000,12000,Online
2024-08-07,East,Furniture,Chair,2,3000,6000,Wholesale
2026-03-23,West,Food,Oil,1,200,200,Retail
2025-01-29,West,Clothing,Jeans,2,1200,2400,Wholesale
2025-10-19,West,Clothing,Jeans,3,1200,3600,Online
2026-02-11,South,Food,Oil,2,200,400,Online
2025-11-27,South,Electronics,Tablet,1,20000,20000,Online
2026-03-10,North,Clothing,Saree,7,3000,21000,Retail
2024-10-20,East,Food,Sugar,4,50,200,Online
2025-07-07,North,Clothing,Saree,2,3000,6000,Online
2024-07-24,West,Clothing,Saree,6,3000,18000,Online
2024-09-23,East,Food,Oil,8,200,1600,Online
2025-03-25,North,Food,Rice,8,100,800,Online
2024-11-30,East,Furniture,Bookshelf,6,4000,24000,Wholesale
2025-04-21,North,Furniture,Chair,8,3000,24000,Online
2025-06-04,South,Food,Coffee,7,300,2100,Online
2025-08-08,South,Furniture,Chair,6,3000,18000,Online
2024-12-11,West,Clothing,Jeans,7,1200,8400,Online
2025-07-08,West,Electronics,Tablet,3,20000,60000,Retail
2025-02-04,East,Electronics,Mobile Phone,10,15000,150000,Online
2025-07-20,East,Furniture,Bookshelf,6,4000,24000,Wholesale
2025-06-05,West,Food,Sugar,5,50,250,Retail
2026-02-20,East,Furniture,Sofa,3,15000,45000,Wholesale
2024-07-21,West,Furniture,Sofa,10,15000,150000,Retail
2026-02-21,East,Food,Coffee,7,300,2100,Wholesale
2025-02-20,West,Clothing,Kurta,2,800,1600,Wholesale
2025-11-30,North,Furniture,Bookshelf,2,4000,8000,Wholesale
2025-02-04,North,Clothing,T-Shirt,7,500,3500,Online
2026-04-16,South,Electronics,Laptop,6,45000,270000,Online
2024-11-06,East,Food,Coffee,8,300,2400,Online
2025-05-03,East,Furniture,Table,10,5000,50000,Wholesale
2026-04-04,South,Food,Oil,9,200,1800,Online
2025-10-22,South,Food,Coffee,7,300,2100,Retail
2026-04-21,East,Food,Coffee,8,300,2400,Wholesale
2026-02-12,South,Clothing,Jeans,3,1200,3600,Online
2024-11-08,East,Clothing,Kurta,10,800,8000,Retail
2026-02-23,West,Electronics,Laptop,6,45000,270000,Wholesale
2025-07-06,South,Electronics,Tablet,8,20000,160000,Wholesale
2024-12-19,South,Food,Coffee,6,300,1800,Wholesale
2026-03-06,South,Clothing,Kurta,7,800,5600,Wholesale
2026-02-19,North,Food,Rice,4,100,400,Online
2026-05-05,North,Food,Rice,8,100,800,Online
2024-08-14,West,Electronics,Headphones,1,2000,2000,Online
2026-04-17,East,Food,Oil,8,200,1600,Retail
2024-06-08,North,Electronics,Tablet,6,20000,120000,Retail
2024-07-17,North,Electronics,Headphones,7,2000,14000,Online
2025-07-03,West,Food,Sugar,1,50,50,Wholesale
2025-11-23,West,Electronics,Headphones,2,2000,4000,Retail
2024-12-21,West,Clothing,T-Shirt,5,500,2500,Online
2025-01-25,North,Furniture,Sofa,1,15000,15000,Retail
2025-04-28,North,Clothing,T-Shirt,9,500,4500,Retail
2026-05-03,West,Clothing,Kurta,7,800,5600,Retail
2026-03-02,South,Furniture,Sofa,8,15000,120000,Online
2026-05-15,West,Furniture,Sofa,8,15000,120000,Wholesale
2026-05-18,East,Food,Coffee,7,300,2100,Retail
2025-02-01,North,Furniture,Sofa,4,15000,60000,Retail
2025-09-10,North,Electronics,Laptop,5,45000,225000,Online
2024-07-01,North,Electronics,Laptop,1,45000,45000,Wholesale
2025-01-19,North,Electronics,Headphones,3,2000,6000,Online
2024-07-08,West,Electronics,Headphones,2,2000,4000,Online
2025-04-28,East,Electronics,Tablet,9,20000,180000,Online
2024-07-25,East,Food,Coffee,10,300,3000,Retail
2025-02-15,South,Food,Sugar,7,50,350,Online
2025-09-11,West,Food,Coffee,7,300,2100,Online
2025-03-22,West,Food,Sugar,2,50,100,Retail
2026-04-20,South,Furniture,Chair,7,3000,21000,Online
2025-11-23,South,Electronics,Headphones,3,2000,6000,Online
2025-01-16,West,Electronics,Headphones,4,2000,8000,Wholesale
2024-09-24,West,Electronics,Headphones,8,2000,16000,Online
2025-10-28,South,Electronics,Laptop,1,45000,45000,Retail
2024-09-13,East,Food,Rice,9,100,900,Retail
2024-09-07,South,Food,Oil,7,200,1400,Retail
2025-12-06,East,Food,Coffee,6,300,1800,Retail
2025-01-11,East,Electronics,Headphones,2,2000,4000,Wholesale
2025-02-08,South,Clothing,Kurta,9,800,7200,Online
2025-03-07,North,Electronics,Headphones,1,2000,2000,Retail
2024-06-12,West,Electronics,Mobile Phone,9,15000,135000,Retail
2024-12-01,East,Food,Coffee,2,300,600,Online
2025-08-29,North,Clothing,Kurta,5,800,4000,Online
2025-11-11,South,Electronics,Mobile Phone,10,15000,150000,Wholesale
2025-11-03,West,Clothing,T-Shirt,10,500,5000,Online
2026-03-24,South,Food,Coffee,4,300,1200,Wholesale
2026-03-18,East,Food,Rice,4,100,400,Retail
2024-10-29,North,Electronics,Headphones,8,2000,16000,Wholesale
2025-12-20,South,Food,Oil,9,200,1800,Retail
2026-02-16,South,Electronics,Laptop,2,45000,90000,Retail
2025-02-24,South,Clothing,Jeans,4,1200,4800,Retail
2025-06-22,North,Food,Coffee,10,300,3000,Retail
2024-10-31,West,Clothing,Kurta,9,800,7200,Retail
2024-08-26,West,Food,Rice,3,100,300,Wholesale
2024-11-27,South,Clothing,Saree,2,3000,6000,Wholesale
2024-10-25,West,Furniture,Bookshelf,6,4000,24000,Retail
2024-06-18,West,Electronics,Laptop,3,45000,135000,Wholesale
2024-12-22,East,Electronics,Tablet,8,20000,160000,Wholesale
2025-01-08,North,Furniture,Chair,10,3000,30000,Wholesale
2025-08-17,East,Food,Coffee,6,300,1800,Wholesale
2025-04-20,South,Food,Oil,3,200,600,Online
2025-07-31,North,Clothing,Saree,6,3000,18000,Retail
2025-04-20,North,Furniture,Bookshelf,7,4000,28000,Retail
2025-10-17,South,Furniture,Chair,4,3000,12000,Online
2025-10-17,North,Electronics,Laptop,5,45000,225000,Retail
2024-07-02,West,Food,Sugar,6,50,300,Retail
2024-06-28,South,Food,Rice,10,100,1000,Retail
2025-09-07,South,Furniture,Table,5,5000,25000,Online
2026-02-03,East,Clothing,T-Shirt,3,500,1500,Online
2026-02-16,East,Electronics,Headphones,4,2000,8000,Online
2026-02-15,South,Electronics,Mobile Phone,4,15000,60000,Wholesale
2025-04-07,East,Clothing,Jeans,7,1200,8400,Retail
2024-12-03,South,Food,Oil,4,200,800,Online
2025-02-17,North,Furniture,Sofa,2,15000,30000,Retail
2024-07-24,East,Furniture,Table,9,5000,45000,Retail
2025-03-21,North,Food,Coffee,3,300,900,Retail
2025-11-30,North,Furniture,Chair,1,3000,3000,Wholesale
2025-10-16,South,Food,Oil,9,200,1800,Online
2024-09-26,South,Electronics,Mobile Phone,4,15000,60000,Retail
2025-03-30,East,Furniture,Bookshelf,8,4000,32000,Retail
2025-05-05,West,Food,Sugar,5,50,250,Online
2025-04-16,North,Clothing,Kurta,2,800,1600,Online
2025-06-16,West,Electronics,Mobile Phone,1,15000,15000,Online
2025-10-27,West,Furniture,Table,5,5000,25000,Retail
2026-02-13,West,Furniture,Bookshelf,6,4000,24000,Wholesale
2026-02-19,South,Clothing,Kurta,2,800,1600,Retail
2024-09-19,North,Food,Oil,8,200,1600,Online
2026-04-04,South,Food,Rice,6,100,600,Retail
2025-10-11,East,Food,Coffee,2,300,600,Wholesale
2026-02-22,North,Food,Rice,7,100,700,Wholesale
2024-12-30,East,Electronics,Tablet,1,20000,20000,Wholesale
2025-01-08,West,Furniture,Bookshelf,3,4000,12000,Retail
2025-04-23,North,Food,Sugar,6,50,300,Online
2025-06-09,South,Furniture,Table,1,5000,5000,Retail
2025-02-26,West,Food,Coffee,9,300,2700,Wholesale
2025-09-29,West,Furniture,Sofa,2,15000,30000,Retail
2024-11-21,South,Furniture,Chair,2,3000,6000,Retail
2024-07-28,West,Electronics,Tablet,3,20000,60000,Wholesale
2025-03-06,East,Food,Sugar,7,50,350,Retail
2024-08-18,East,Clothing,Jeans,6,1200,7200,Wholesale
2025-07-20,West,Electronics,Tablet,9,20000,180000,Wholesale
2026-03-05,North,Clothing,Saree,7,3000,21000,Wholesale
2025-08-08,East,Food,Sugar,9,50,450,Retail
2024-09-06,South,Food,Oil,8,200,1600,Wholesale
2026-04-01,West,Food,Oil,9,200,1800,Retail
2026-01-11,South,Clothing,Jeans,10,1200,12000,Wholesale
2025-11-15,East,Furniture,Chair,8,3000,24000,Wholesale
2025-01-14,South,Electronics,Headphones,5,2000,10000,Online
2025-02-09,West,Furniture,Sofa,6,15000,90000,Wholesale
2024-09-06,East,Electronics,Mobile Phone,5,15000,75000,Retail
2025-12-23,South,Electronics,Headphones,1,2000,2000,Online
2026-02-21,West,Food,Sugar,6,50,300,Wholesale
2025-02-14,South,Furniture,Chair,3,3000,9000,Retail
2024-07-06,West,Food,Rice,10,100,1000,Retail
2025-01-16,East,Food,Rice,8,100,800,Online
2024-07-10,South,Clothing,T-Shirt,2,500,1000,Wholesale
2026-05-13,North,Food,Oil,2,200,400,Retail
2026-02-05,East,Food,Rice,2,100,200,Retail
2025-05-18,North,Clothing,Jeans,7,1200,8400,Online
2025-06-12,West,Furniture,Chair,2,3000,6000,Online
2024-09-23,North,Furniture,Sofa,4,15000,60000,Wholesale
2025-01-19,East,Clothing,T-Shirt,9,500,4500,Wholesale
2026-03-02,South,Electronics,Laptop,4,45000,180000,Online
2025-02-03,East,Food,Rice,9,100,900,Wholesale
2025-04-26,East,Furniture,Chair,9,3000,27000,Online
2025-07-17,West,Food,Coffee,9,300,2700,Online
2025-01-08,East,Furniture,Chair,4,3000,12000,Online
2025-08-12,East,Food,Coffee,10,300,3000,Wholesale
2026-04-13,West,Clothing,T-Shirt,3,500,1500,Wholesale
2025-10-31,West,Furniture,Chair,2,3000,6000,Retail
2026-04-03,North,Furniture,Chair,6,3000,18000,Retail
2025-04-15,South,Electronics,Tablet,5,20000,100000,Online
2026-02-26,North,Clothing,T-Shirt,7,500,3500,Wholesale
2025-01-26,South,Furniture,Bookshelf,7,4000,28000,Retail
2026-05-06,South,Electronics,Tablet,2,20000,40000,Retail
2026-02-09,East,Food,Coffee,8,300,2400,Retail
2025-04-07,South,Clothing,Kurta,7,800,5600,Online
2025-12-27,North,Clothing,Jeans,2,1200,2400,Wholesale
2025-05-24,South,Furniture,Chair,10,3000,30000,Retail
2025-12-20,South,Food,Oil,10,200,2000,Retail
2026-02-19,North,Clothing,Jeans,5,1200,6000,Wholesale
2025-08-29,South,Food,Sugar,1,50,50,Retail
2025-05-02,East,Clothing,Jeans,4,1200,4800,Online
2026-05-08,East,Clothing,Jeans,10,1200,12000,Retail
2026-02-26,North,Food,Coffee,6,300,1800,Online
2024-06-14,East,Furniture,Chair,8,3000,24000,Online
2025-06-25,South,Electronics,Mobile Phone,5,15000,75000,Retail
2025-02-03,East,Electronics,Laptop,2,45000,90000,Wholesale
2025-05-13,South,Food,Rice,6,100,600,Wholesale
2024-12-23,South,Food,Coffee,10,300,3000,Retail
2024-11-27,South,Electronics,Tablet,7,20000,140000,Online
2024-09-30,South,Furniture,Bookshelf,1,4000,4000,Retail
2025-02-09,West,Clothing,Saree,3,3000,9000,Wholesale
2026-03-02,North,Clothing,Saree,7,3000,21000,Retail
2026-03-12,North,Electronics,Headphones,9,2000,18000,Online
2024-09-21,North,Clothing,T-Shirt,1,500,500,Wholesale
2026-04-04,West,Furniture,Sofa,6,15000,90000,Retail
2025-06-28,East,Food,Sugar,1,50,50,Wholesale
2025-06-06,West,Electronics,Mobile Phone,4,15000,60000,Retail
2025-04-10,South,Furniture,Chair,5,3000,15000,Wholesale
2024-09-13,West,Clothing,Jeans,6,1200,7200,Retail
2026-02-05,West,Food,Rice,9,100,900,Online
2025-05-31,North,Clothing,T-Shirt,3,500,1500,Retail
2025-02-20,West,Clothing,Saree,2,3000,6000,Online
2026-04-01,West,Clothing,Saree,1,3000,3000,Online
2025-05-06,North,Clothing,Jeans,5,1200,6000,Retail
2025-12-21,East,Electronics,Laptop,9,45000,405000,Retail
2026-01-03,North,Electronics,Mobile Phone,3,15000,45000,Wholesale
2024-06-19,East,Food,Coffee,3,300,900,Wholesale
2024-08-10,East,Furniture,Table,1,5000,5000,Online
2025-11-27,South,Electronics,Tablet,4,20000,80000,Retail
2025-02-10,West,Electronics,Tablet,3,20000,60000,Wholesale
2025-11-18,North,Food,Sugar,10,50,500,Online
2025-04-18,East,Electronics,Tablet,1,20000,20000,Retail
2025-03-15,South,Furniture,Table,6,5000,30000,Wholesale
2025-12-09,West,Furniture,Table,3,5000,15000,Online
2025-05-05,North,Electronics,Tablet,5,20000,100000,Wholesale
2024-06-05,North,Clothing,Kurta,6,800,4800,Retail
2025-07-10,North,Food,Sugar,8,50,400,Retail
2026-01-17,West,Electronics,Headphones,8,2000,16000,Wholesale
2025-05-27,North,Electronics,Tablet,4,20000,80000,Retail
2024-07-08,East,Electronics,Headphones,1,2000,2000,Retail
2026-01-11,South,Furniture,Sofa,9,15000,135000,Online
2024-12-31,East,Clothing,Jeans,9,1200,10800,Wholesale
2025-01-16,East,Electronics,Mobile Phone,4,15000,60000,Wholesale
2024-10-09,West,Clothing,T-Shirt,10,500,5000,Retail
2025-09-27,East,Furniture,Table,10,5000,50000,Retail
2024-10-28,South,Clothing,Kurta,10,800,8000,Online
2025-07-04,South,Electronics,Laptop,9,45000,405000,Wholesale
2024-08-02,South,Food,Coffee,10,300,3000,Retail
2025-05-22,North,Electronics,Laptop,4,45000,180000,Online
2026-03-14,East,Food,Coffee,7,300,2100,Wholesale
2026-05-26,South,Clothing,T-Shirt,2,500,1000,Wholesale
2025-06-28,East,Furniture,Bookshelf,9,4000,36000,Wholesale
2026-03-09,East,Electronics,Laptop,6,45000,270000,Retail
2025-06-06,South,Clothing,Saree,7,3000,21000,Wholesale
2025-11-03,North,Food,Oil,4,200,800,Wholesale
2025-08-26,North,Clothing,T-Shirt,1,500,500,Online
2025-02-24,East,Electronics,Headphones,10,2000,20000,Wholesale
2024-07-15,South,Food,Coffee,2,300,600,Retail
2025-01-24,West,Food,Sugar,10,50,500,Wholesale
2024-07-15,East,Furniture,Chair,6,3000,18000,Wholesale
2025-11-21,South,Food,Sugar,8,50,400,Retail
2024-11-04,East,Food,Oil,5,200,1000,Retail
2025-05-20,South,Clothing,Kurta,8,800,6400,Retail
2025-09-13,North,Furniture,Table,7,5000,35000,Wholesale
2024-08-03,West,Food,Oil,9,200,1800,Online
2026-06-02,West,Electronics,Tablet,8,20000,160000,Retail
2025-06-15,West,Clothing,T-Shirt,10,500,5000,Retail
2025-01-30,South,Food,Oil,7,200,1400,Online
2024-07-20,East,Clothing,Jeans,8,1200,9600,Retail
2025-08-01,North,Clothing,T-Shirt,2,500,1000,Wholesale
2026-03-03,North,Electronics,Mobile Phone,1,15000,15000,Wholesale
2025-10-30,West,Food,Coffee,9,300,2700,Online
2024-08-18,North,Clothing,Jeans,4,1200,4800,Online
2024-09-02,North,Clothing,T-Shirt,2,500,1000,Retail
2026-04-22,North,Electronics,Mobile Phone,1,15000,15000,Wholesale
2024-09-19,North,Clothing,Kurta,10,800,8000,Retail
2024-06-30,East,Food,Coffee,2,300,600,Retail
2024-07-02,North,Electronics,Mobile Phone,5,15000,75000,Online
2025-10-31,South,Electronics,Mobile Phone,8,15000,120000,Wholesale
2024-11-23,East,Furniture,Bookshelf,9,4000,36000,Retail
2025-04-05,South,Clothing,T-Shirt,7,500,3500,Online
2025-03-16,North,Electronics,Headphones,4,2000,8000,Retail
2025-02-22,South,Furniture,Bookshelf,3,4000,12000,Retail
2024-06-09,West,Clothing,Saree,2,3000,6000,Wholesale
2026-02-15,South,Electronics,Tablet,5,20000,100000,Wholesale
2024-07-23,West,Food,Oil,4,200,800,Retail
2025-03-01,North,Electronics,Tablet,2,20000,40000,Online
2025-11-19,North,Clothing,Jeans,7,1200,8400,Wholesale
2024-06-23,West,Clothing,Saree,6,3000,18000,Wholesale
2024-06-30,South,Clothing,Jeans,6,1200,7200,Online
2025-08-22,East,Clothing,Kurta,1,800,800,Wholesale
2024-07-05,East,Clothing,Jeans,2,1200,2400,Retail
2025-06-24,East,Electronics,Tablet,9,20000,180000,Wholesale
2024-11-10,West,Clothing,Kurta,6,800,4800,Retail
2024-12-20,East,Food,Rice,2,100,200,Retail
2024-08-30,North,Food,Sugar,1,50,50,Wholesale
2025-06-20,West,Furniture,Chair,4,3000,12000,Wholesale
2024-06-04,North,Food,Coffee,7,300,2100,Online
2025-02-24,East,Furniture,Chair,7,3000,21000,Wholesale
2025-04-17,South,Electronics,Mobile Phone,7,15000,105000,Wholesale
2026-05-19,North,Food,Rice,4,100,400,Retail
2024-11-16,East,Electronics,Tablet,6,20000,120000,Wholesale
2025-04-13,North,Furniture,Bookshelf,2,4000,8000,Wholesale
2025-10-01,South,Food,Coffee,5,300,1500,Wholesale
2026-01-27,East,Furniture,Sofa,7,15000,105000,Wholesale
2025-03-25,North,Electronics,Tablet,6,20000,120000,Online
2025-07-27,West,Electronics,Tablet,3,20000,60000,Retail
2025-09-17,East,Clothing,Saree,7,3000,21000,Retail
2026-04-12,South,Furniture,Chair,2,3000,6000,Wholesale
2024-09-30,East,Clothing,Saree,5,3000,15000,Retail
2025-08-30,West,Food,Oil,8,200,1600,Online
2025-09-04,North,Electronics,Laptop,7,45000,315000,Online
2024-07-28,South,Clothing,T-Shirt,6,500,3000,Online
2025-09-17,East,Food,Sugar,7,50,350,Wholesale
2025-02-09,East,Furniture,Bookshelf,3,4000,12000,Online
2024-11-22,West,Food,Sugar,4,50,200,Online
2025-07-04,South,Clothing,Jeans,1,1200,1200,Online
2025-02-11,South,Clothing,Kurta,6,800,4800,Retail
2025-07-10,North,Clothing,Jeans,4,1200,4800,Wholesale
2025-04-19,South,Clothing,T-Shirt,5,500,2500,Retail
2024-11-12,North,Food,Sugar,10,50,500,Wholesale
2025-03-06,South,Food,Sugar,5,50,250,Wholesale
2026-03-28,South,Food,Sugar,3,50,150,Retail
2025-07-31,West,Electronics,Headphones,7,2000,14000,Wholesale
2025-12-28,South,Electronics,Headphones,8,2000,16000,Wholesale
2024-11-11,South,Electronics,Headphones,2,2000,4000,Online
2024-09-26,East,Electronics,Mobile Phone,10,15000,150000,Online
2025-03-01,East,Furniture,Sofa,4,15000,60000,Wholesale
2024-10-24,East,Food,Rice,9,100,900,Wholesale
2025-09-05,East,Clothing,Jeans,9,1200,10800,Wholesale
2025-03-23,South,Furniture,Sofa,9,15000,135000,Wholesale
2026-03-26,North,Electronics,Headphones,1,2000,2000,Retail
2024-11-16,West,Furniture,Table,5,5000,25000,Wholesale
2025-05-07,West,Furniture,Table,5,5000,25000,Retail
2025-08-24,East,Electronics,Laptop,10,45000,450000,Retail
2026-06-01,South,Furniture,Sofa,4,15000,60000,Wholesale
2026-01-11,South,Electronics,Headphones,9,2000,18000,Wholesale
2026-06-03,North,Electronics,Mobile Phone,8,15000,120000,Wholesale
2024-06-05,South,Clothing,Kurta,5,800,4000,Wholesale
2024-07-27,North,Food,Sugar,9,50,450,Online
2024-10-05,North,Furniture,Sofa,4,15000,60000,Wholesale
2026-05-23,West,Clothing,Jeans,4,1200,4800,Retail
2025-12-31,East,Clothing,Saree,8,3000,24000,Retail
2025-11-10,North,Food,Sugar,8,50,400,Retail
2024-12-12,East,Furniture,Sofa,4,15000,60000,Retail
2025-01-21,West,Electronics,Laptop,5,45000,225000,Online
2025-08-07,East,Furniture,Chair,4,3000,12000,Wholesale
2025-04-26,East,Food,Sugar,8,50,400,Retail
2026-03-10,North,Food,Sugar,6,50,300,Wholesale
2025-05-17,South,Furniture,Sofa,9,15000,135000,Online
2025-06-04,West,Clothing,Kurta,3,800,2400,Online
2024-10-31,East,Furniture,Bookshelf,1,4000,4000,Wholesale
2025-03-20,North,Food,Sugar,1,50,50,Online
2025-09-15,North,Food,Rice,6,100,600,Retail
2024-08-06,North,Clothing,Jeans,9,1200,10800,Wholesale
2024-08-17,North,Clothing,T-Shirt,9,500,4500,Retail
2024-12-31,East,Clothing,Jeans,5,1200,6000,Retail
2025-02-21,South,Furniture,Sofa,8,15000,120000,Retail
2024-10-03,South,Furniture,Bookshelf,7,4000,28000,Retail
2026-01-31,North,Electronics,Tablet,2,20000,40000,Retail
2026-02-14,North,Electronics,Headphones,9,2000,18000,Online
2025-11-22,North,Food,Sugar,5,50,250,Wholesale
2025-08-31,East,Furniture,Table,2,5000,10000,Retail
2025-04-01,West,Food,Sugar,2,50,100,Wholesale
2024-11-17,South,Food,Oil,6,200,1200,Wholesale
2026-05-28,East,Food,Sugar,6,50,300,Retail
2024-10-15,West,Electronics,Laptop,1,45000,45000,Wholesale
2024-08-22,North,Clothing,Kurta,7,800,5600,Online
2025-04-30,South,Furniture,Chair,3,3000,9000,Retail
2024-10-19,East,Furniture,Chair,9,3000,27000,Online
2025-11-16,South,Clothing,T-Shirt,2,500,1000,Online
2024-10-30,West,Furniture,Chair,10,3000,30000,Wholesale
2026-05-31,North,Furniture,Table,1,5000,5000,Wholesale
2024-09-27,North,Furniture,Sofa,7,15000,105000,Wholesale
2025-01-08,South,Furniture,Chair,2,3000,6000,Wholesale
2026-05-15,West,Electronics,Headphones,5,2000,10000,Wholesale
2025-11-27,South,Food,Sugar,3,50,150,Retail
2024-09-11,East,Electronics,Laptop,2,45000,90000,Retail
2024-08-27,South,Furniture,Bookshelf,9,4000,36000,Online
2025-03-07,South,Food,Rice,4,100,400,Online
2025-05-22,East,Electronics,Mobile Phone,8,15000,120000,Online
2025-11-11,South,Furniture,Bookshelf,4,4000,16000,Online
2025-11-23,East,Electronics,Headphones,9,2000,18000,Online
2025-09-12,South,Electronics,Laptop,8,45000,360000,Wholesale
2025-10-04,South,Furniture,Bookshelf,6,4000,24000,Wholesale
2026-03-12,West,Clothing,Kurta,6,800,4800,Retail
2026-02-19,South,Furniture,Chair,6,3000,18000,Online
2024-11-21,East,Furniture,Table,6,5000,30000,Retail
2025-10-03,South,Furniture,Sofa,10,15000,150000,Retail
2024-06-14,South,Clothing,Saree,8,3000,24000,Online
2025-12-11,North,Clothing,Kurta,9,800,7200,Retail
2024-09-24,East,Furniture,Chair,4,3000,12000,Wholesale
2025-07-23,West,Clothing,Jeans,6,1200,7200,Wholesale
2024-07-04,South,Clothing,Jeans,8,1200,9600,Retail
2026-04-16,South,Clothing,T-Shirt,7,500,3500,Online
2024-11-16,East,Food,Rice,3,100,300,Wholesale
2024-06-06,North,Furniture,Sofa,9,15000,135000,Online
2026-05-26,South,Electronics,Tablet,10,20000,200000,Retail
2025-01-09,East,Electronics,Mobile Phone,4,15000,60000,Online
2024-07-30,North,Furniture,Bookshelf,6,4000,24000,Wholesale
2024-07-12,South,Furniture,Chair,4,3000,12000,Wholesale
2025-06-22,West,Food,Coffee,6,300,1800,Wholesale
2026-02-10,West,Furniture,Table,9,5000,45000,Retail
2025-10-14,East,Food,Oil,4,200,800,Online
2025-03-14,North,Food,Oil,3,200,600,Retail
2026-02-21,East,Electronics,Headphones,3,2000,6000,Online
2024-06-15,South,Clothing,T-Shirt,3,500,1500,Wholesale
2025-11-04,West,Electronics,Tablet,9,20000,180000,Online
2025-02-19,East,Food,Oil,7,200,1400,Retail
2026-03-29,East,Food,Sugar,3,50,150,Wholesale
2025-03-21,North,Food,Rice,5,100,500,Retail
2024-06-13,South,Furniture,Sofa,1,15000,15000,Online
2025-05-06,West,Furniture,Chair,5,3000,15000,Wholesale
2025-02-09,West,Electronics,Laptop,8,45000,360000,Wholesale
2024-06-28,West,Food,Sugar,8,50,400,Online
2026-03-25,East,Food,Rice,10,100,1000,Retail
2025-05-16,South,Electronics,Mobile Phone,10,15000,150000,Wholesale
2024-12-12,North,Clothing,Saree,1,3000,3000,Retail
2025-02-19,South,Furniture,Sofa,6,15000,90000,Online
2025-11-09,West,Furniture,Table,2,5000,10000,Online
2025-03-28,East,Clothing,Saree,1,3000,3000,Online
2024-09-29,West,Clothing,T-Shirt,5,500,2500,Retail
2024-12-25,East,Electronics,Tablet,1,20000,20000,Wholesale
2024-10-05,East,Furniture,Table,1,5000,5000,Retail
2026-04-10,East,Electronics,Headphones,2,2000,4000,Retail
2025-03-17,East,Furniture,Table,9,5000,45000,Wholesale
2024-06-21,West,Clothing,Jeans,1,1200,1200,Online
2024-10-23,North,Furniture,Chair,9,3000,27000,Wholesale
2025-12-10,South,Food,Oil,9,200,1800,Retail
2026-06-02,West,Electronics,Tablet,2,20000,40000,Online
2025-03-15,East,Electronics,Mobile Phone,4,15000,60000,Online
2025-03-10,North,Food,Oil,4,200,800,Retail
2024-09-05,West,Food,Coffee,5,300,1500,Wholesale
2026-05-21,South,Electronics,Mobile Phone,8,15000,120000,Retail
2024-08-27,South,Furniture,Chair,5,3000,15000,Retail
2024-07-18,East,Furniture,Bookshelf,3,4000,12000,Retail
2025-01-17,South,Electronics,Laptop,3,45000,135000,Retail
2025-12-14,South,Clothing,T-Shirt,3,500,1500,Online
2026-03-03,South,Clothing,Kurta,5,800,4000,Online
2025-10-04,North,Clothing,Jeans,2,1200,2400,Wholesale
2024-09-11,West,Furniture,Chair,2,3000,6000,Online
2025-09-08,North,Furniture,Chair,9,3000,27000,Wholesale
2024-09-03,North,Electronics,Laptop,5,45000,225000,Online
2025-01-02,North,Electronics,Tablet,4,20000,80000,Online
2026-01-06,East,Furniture,Table,5,5000,25000,Retail
2025-09-16,North,Food,Rice,10,100,1000,Online
2025-10-17,South,Food,Oil,9,200,1800,Online
2024-12-14,West,Electronics,Mobile Phone,7,15000,105000,Retail
2024-12-04,East,Furniture,Table,1,5000,5000,Retail
2024-09-18,West,Furniture,Chair,10,3000,30000,Online
2026-01-26,North,Clothing,T-Shirt,5,500,2500,Wholesale
2026-05-10,South,Clothing,Jeans,9,1200,10800,Retail
2026-05-11,West,Clothing,T-Shirt,1,500,500,Online
2025-08-01,West,Electronics,Tablet,8,20000,160000,Retail
2026-02-05,North,Clothing,Jeans,10,1200,12000,Online
2025-09-12,West,Electronics,Laptop,6,45000,270000,Wholesale
2026-04-15,South,Clothing,Saree,2,3000,6000,Online
2025-04-09,West,Furniture,Sofa,2,15000,30000,Retail
2025-09-19,West,Furniture,Sofa,1,15000,15000,Wholesale
2026-05-12,West,Electronics,Mobile Phone,9,15000,135000,Online
2026-01-08,East,Clothing,Jeans,10,1200,12000,Wholesale
2026-02-19,West,Electronics,Headphones,1,2000,2000,Wholesale
2025-09-16,East,Clothing,T-Shirt,9,500,4500,Online
2026-03-29,North,Food,Sugar,8,50,400,Retail
2024-10-30,South,Food,Coffee,8,300,2400,Online
2026-06-02,West,Furniture,Table,5,5000,25000,Retail
2024-08-02,East,Food,Oil,7,200,1400,Retail
2026-01-02,East,Food,Coffee,4,300,1200,Online
2026-04-29,South,Furniture,Bookshelf,7,4000,28000,Online
2026-01-24,West,Furniture,Chair,7,3000,21000,Wholesale
2025-10-15,East,Furniture,Table,4,5000,20000,Wholesale
2024-10-16,East,Food,Sugar,6,50,300,Retail
2025-10-08,West,Clothing,Kurta,2,800,1600,Wholesale
2024-11-03,East,Clothing,Saree,3,3000,9000,Online
2024-06-26,East,Food,Coffee,2,300,600,Retail
2024-08-14,South,Electronics,Headphones,8,2000,16000,Retail
2024-11-03,East,Furniture,Bookshelf,2,4000,8000,Wholesale
2025-01-11,East,Food,Coffee,2,300,600,Wholesale
2024-08-24,North,Electronics,Laptop,7,45000,315000,Wholesale
2025-06-24,North,Electronics,Laptop,2,45000,90000,Wholesale
2026-05-27,North,Electronics,Mobile Phone,7,15000,105000,Online
2025-03-10,North,Clothing,Kurta,7,800,5600,Retail
2024-07-13,West,Furniture,Sofa,8,15000,120000,Retail
2025-03-29,South,Clothing,T-Shirt,1,500,500,Online
2026-03-20,North,Furniture,Sofa,7,15000,105000,Online
2025-05-07,East,Furniture,Sofa,8,15000,120000,Online
2026-03-25,East,Furniture,Bookshelf,2,4000,8000,Retail
2026-03-27,South,Clothing,T-Shirt,1,500,500,Online
2025-08-08,East,Food,Oil,9,200,1800,Online
2025-08-03,West,Clothing,T-Shirt,4,500,2000,Retail
2026-03-17,South,Clothing,Kurta,10,800,8000,Retail
2026-05-05,East,Clothing,Saree,9,3000,27000,Wholesale
2026-03-04,South,Electronics,Tablet,9,20000,180000,Retail
2024-06-29,East,Clothing,Jeans,9,1200,10800,Online
2025-03-20,North,Furniture,Table,2,5000,10000,Retail
2025-11-25,South,Electronics,Mobile Phone,1,15000,15000,Online
2025-08-29,East,Electronics,Laptop,2,45000,90000,Wholesale
2025-11-22,East,Food,Sugar,5,50,250,Retail
2024-08-02,East,Clothing,Saree,3,3000,9000,Online
2026-03-31,West,Clothing,Kurta,4,800,3200,Online
2024-11-16,South,Food,Coffee,2,300,600,Online
2025-08-08,East,Food,Coffee,10,300,3000,Wholesale
2026-05-08,North,Food,Oil,2,200,400,Wholesale
2025-05-08,South,Furniture,Chair,3,3000,9000,Online
2024-11-01,West,Food,Sugar,2,50,100,Retail
2025-06-21,West,Clothing,Jeans,3,1200,3600,Retail
2024-11-28,West,Electronics,Headphones,9,2000,18000,Online
2024-09-30,North,Furniture,Bookshelf,7,4000,28000,Wholesale
2024-12-05,North,Electronics,Laptop,6,45000,270000,Retail
2026-03-21,South,Clothing,Jeans,5,1200,6000,Online
2024-11-25,East,Clothing,Saree,1,3000,3000,Online
2026-05-17,North,Food,Rice,8,100,800,Wholesale
2024-07-09,East,Furniture,Chair,10,3000,30000,Retail
2025-07-08,West,Food,Oil,7,200,1400,Online
2025-03-11,South,Furniture,Table,10,5000,50000,Online
2025-02-24,North,Electronics,Laptop,2,45000,90000,Wholesale
2026-03-29,North,Food,Sugar,6,50,300,Wholesale
2025-11-07,East,Clothing,Saree,6,3000,18000,Retail
2025-01-05,South,Food,Rice,4,100,400,Online
2025-08-01,West,Electronics,Headphones,7,2000,14000,Wholesale
2025-09-10,North,Furniture,Bookshelf,5,4000,20000,Online
2024-12-24,West,Clothing,Kurta,9,800,7200,Online
2026-01-26,East,Electronics,Mobile Phone,7,15000,105000,Retail
2025-10-01,North,Electronics,Headphones,8,2000,16000,Wholesale
2025-04-28,South,Food,Oil,5,200,1000,Online
2024-09-05,South,Furniture,Table,4,5000,20000,Online
2024-12-23,North,Electronics,Tablet,7,20000,140000,Wholesale
2025-08-14,North,Furniture,Chair,6,3000,18000,Wholesale
2025-09-24,North,Furniture,Chair,6,3000,18000,Wholesale
2026-05-17,South,Food,Oil,2,200,400,Wholesale
2024-11-19,North,Furniture,Sofa,6,15000,90000,Wholesale
2025-04-18,East,Clothing,T-Shirt,10,500,5000,Online
2026-01-17,East,Electronics,Mobile Phone,8,15000,120000,Wholesale
2026-03-05,North,Clothing,Jeans,2,1200,2400,Online
2024-08-24,South,Electronics,Laptop,3,45000,135000,Online
2025-07-02,North,Clothing,Jeans,1,1200,1200,Retail
2025-10-12,North,Food,Rice,9,100,900,Wholesale
2025-03-20,East,Clothing,T-Shirt,7,500,3500,Retail
2026-03-01,South,Furniture,Table,8,5000,40000,Online
2026-03-04,East,Furniture,Table,3,5000,15000,Online
2024-08-28,South,Clothing,T-Shirt,7,500,3500,Retail
2026-02-23,South,Clothing,Jeans,10,1200,12000,Retail
2025-12-21,East,Clothing,T-Shirt,3,500,1500,Wholesale
2025-04-23,East,Furniture,Table,10,5000,50000,Wholesale
2024-06-08,West,Food,Sugar,1,50,50,Wholesale
2024-10-02,East,Electronics,Headphones,2,2000,4000,Wholesale
2025-12-31,East,Food,Coffee,6,300,1800,Online
2026-04-11,East,Furniture,Table,3,5000,15000,Online
2026-02-18,West,Clothing,T-Shirt,4,500,2000,Wholesale
2024-07-03,West,Electronics,Tablet,2,20000,40000,Online
2025-02-27,East,Electronics,Headphones,8,2000,16000,Retail
2026-04-18,West,Food,Rice,6,100,600,Online
2025-03-14,West,Furniture,Table,4,5000,20000,Online
2026-02-17,West,Electronics,Tablet,3,20000,60000,Online
2025-05-29,South,Food,Coffee,9,300,2700,Wholesale
2025-08-27,West,Furniture,Sofa,9,15000,135000,Online
2026-05-24,West,Food,Rice,9,100,900,Online
2025-04-18,West,Electronics,Laptop,6,45000,270000,Wholesale
2025-11-26,East,Electronics,Tablet,4,20000,80000,Retail
2025-10-22,West,Food,Oil,7,200,1400,Wholesale
2026-04-23,South,Clothing,Kurta,2,800,1600,Wholesale
2025-07-11,North,Furniture,Bookshelf,8,4000,32000,Retail
2025-06-22,West,Food,Coffee,6,300,1800,Wholesale
2024-06-03,East,Electronics,Headphones,10,2000,20000,Retail
2024-09-17,North,Electronics,Mobile Phone,10,15000,150000,Online
2026-02-06,North,Furniture,Chair,10,3000,30000,Online
2026-02-19,West,Clothing,Jeans,1,1200,1200,Retail
2026-03-25,North,Furniture,Sofa,3,15000,45000,Online
2024-11-29,East,Furniture,Table,5,5000,25000,Wholesale
2024-11-20,South,Clothing,Jeans,5,1200,6000,Online
2026-02-12,East,Furniture,Sofa,10,15000,150000,Wholesale
2024-07-10,North,Furniture,Bookshelf,10,4000,40000,Retail
2026-05-13,West,Electronics,Tablet,6,20000,120000,Wholesale
2026-01-28,South,Electronics,Mobile Phone,1,15000,15000,Wholesale
2025-07-04,West,Clothing,Kurta,7,800,5600,Wholesale
2025-08-30,East,Electronics,Tablet,2,20000,40000,Retail
2026-05-15,South,Electronics,Tablet,3,20000,60000,Online
2024-12-01,South,Furniture,Bookshelf,5,4000,20000,Wholesale
2025-05-20,West,Electronics,Tablet,7,20000,140000,Wholesale
2024-07-15,South,Clothing,Saree,5,3000,15000,Retail
2024-12-14,North,Food,Oil,7,200,1400,Retail
2025-10-05,South,Clothing,Kurta,3,800,2400,Online
2024-08-10,South,Food,Oil,6,200,1200,Retail
2025-05-01,East,Clothing,T-Shirt,3,500,1500,Wholesale
2024-10-21,North,Clothing,Saree,1,3000,3000,Retail
2025-08-19,South,Clothing,Jeans,6,1200,7200,Wholesale
2026-02-14,West,Furniture,Sofa,7,15000,105000,Retail
2025-02-09,North,Food,Rice,4,100,400,Retail
2024-11-29,East,Electronics,Laptop,2,45000,90000,Wholesale
2024-12-18,West,Clothing,Saree,9,3000,27000,Retail
2025-11-22,West,Clothing,Jeans,1,1200,1200,Wholesale
2024-09-26,East,Clothing,T-Shirt,4,500,2000,Wholesale
2024-07-29,East,Clothing,Jeans,8,1200,9600,Online
2026-01-15,West,Food,Coffee,1,300,300,Retail
2025-03-17,North,Food,Oil,4,200,800,Online
2025-08-07,North,Food,Sugar,4,50,200,Online
2026-01-23,North,Electronics,Mobile Phone,5,15000,75000,Wholesale
2024-06-22,North,Food,Rice,9,100,900,Wholesale
2025-12-27,East,Food,Coffee,6,300,1800,Online
2025-06-09,North,Food,Sugar,8,50,400,Online
2024-10-18,West,Electronics,Headphones,7,2000,14000,Retail
2025-05-05,West,Electronics,Laptop,8,45000,360000,Wholesale
2025-05-15,South,Clothing,Jeans,8,1200,9600,Online
2025-08-10,West,Furniture,Chair,2,3000,6000,Retail
2025-05-16,East,Furniture,Chair,5,3000,15000,Wholesale
2025-10-09,East,Furniture,Table,8,5000,40000,Wholesale
2024-08-21,South,Furniture,Chair,8,3000,24000,Wholesale
2026-03-25,South,Furniture,Bookshelf,1,4000,4000,Retail
2025-05-18,West,Food,Rice,9,100,900,Wholesale
2024-06-06,South,Electronics,Laptop,8,45000,360000,Wholesale
2025-12-07,West,Clothing,Jeans,9,1200,10800,Online
2026-03-07,South,Food,Sugar,7,50,350,Online
2025-04-04,North,Furniture,Chair,2,3000,6000,Online
2025-01-15,East,Furniture,Bookshelf,9,4000,36000,Online
2025-08-30,West,Food,Rice,10,100,1000,Online
2025-08-04,East,Clothing,Jeans,4,1200,4800,Wholesale
2025-06-05,East,Furniture,Table,1,5000,5000,Online
2024-12-22,East,Electronics,Mobile Phone,6,15000,90000,Wholesale
2025-08-06,North,Food,Coffee,7,300,2100,Online
2024-08-29,South,Electronics,Mobile Phone,5,15000,75000,Wholesale
2024-10-08,West,Food,Sugar,2,50,100,Retail
2025-03-06,South,Electronics,Headphones,10,2000,20000,Wholesale
2025-05-15,West,Electronics,Headphones,10,2000,20000,Online
2024-09-03,North,Clothing,Saree,7,3000,21000,Wholesale
2025-09-22,South,Furniture,Chair,6,3000,18000,Retail
2024-06-10,South,Clothing,Jeans,2,1200,2400,Retail
2025-06-07,West,Electronics,Tablet,3,20000,60000,Online
2024-11-15,East,Furniture,Bookshelf,6,4000,24000,Online
2025-01-08,North,Electronics,Laptop,3,45000,135000,Online
2026-01-21,West,Furniture,Bookshelf,5,4000,20000,Wholesale
2026-03-05,West,Electronics,Headphones,2,2000,4000,Retail
2025-07-16,West,Electronics,Tablet,1,20000,20000,Wholesale
2024-09-16,West,Furniture,Bookshelf,8,4000,32000,Retail
2025-08-30,North,Electronics,Headphones,9,2000,18000,Online
2025-09-26,East,Furniture,Chair,2,3000,6000,Retail
2026-05-15,West,Clothing,Jeans,8,1200,9600,Online
2026-02-21,East,Furniture,Bookshelf,7,4000,28000,Retail
2025-04-30,West,Electronics,Mobile Phone,4,15000,60000,Retail
2025-01-16,East,Furniture,Table,6,5000,30000,Online
2024-12-01,West,Electronics,Laptop,2,45000,90000,Online
2026-02-08,East,Clothing,Jeans,4,1200,4800,Retail
2025-12-10,East,Food,Sugar,8,50,400,Online
2026-05-27,South,Food,Sugar,7,50,350,Retail
2025-01-20,West,Furniture,Table,10,5000,50000,Wholesale
2024-10-06,North,Electronics,Laptop,1,45000,45000,Retail
2024-11-09,East,Clothing,Kurta,10,800,8000,Retail
2024-09-04,South,Food,Oil,4,200,800,Wholesale
2025-11-06,North,Electronics,Headphones,9,2000,18000,Online
2025-05-18,East,Food,Rice,6,100,600,Online
2025-06-01,South,Clothing,T-Shirt,5,500,2500,Retail
2026-01-10,West,Clothing,Kurta,10,800,8000,Online
2025-06-22,East,Clothing,T-Shirt,4,500,2000,Retail
2025-02-19,East,Furniture,Sofa,1,15000,15000,Online
2024-08-31,East,Food,Sugar,1,50,50,Wholesale
2024-10-13,North,Clothing,Jeans,2,1200,2400,Online
2024-09-03,South,Electronics,Laptop,3,45000,135000,Retail
2025-09-07,South,Electronics,Headphones,6,2000,12000,Online
2024-11-03,North,Electronics,Headphones,2,2000,4000,Online
2026-04-15,South,Electronics,Mobile Phone,9,15000,135000,Wholesale
2025-01-05,West,Furniture,Chair,1,3000,3000,Online
2025-04-11,East,Food,Coffee,1,300,300,Retail
2024-12-24,East,Food,Rice,1,100,100,Wholesale
2025-06-07,East,Clothing,Kurta,10,800,8000,Wholesale
2025-12-23,North,Clothing,Saree,8,3000,24000,Wholesale
2024-12-30,South,Electronics,Headphones,2,2000,4000,Retail
2024-12-18,North,Food,Oil,5,200,1000,Retail
2025-08-30,South,Furniture,Sofa,1,15000,15000,Wholesale
2026-02-25,North,Furniture,Table,6,5000,30000,Wholesale
2026-03-15,West,Food,Rice,7,100,700,Wholesale
2026-03-13,West,Food,Sugar,4,50,200,Retail
2026-01-17,North,Furniture,Chair,9,3000,27000,Wholesale
2025-12-26,North,Furniture,Bookshelf,7,4000,28000,Wholesale
2024-08-04,East,Furniture,Bookshelf,9,4000,36000,Online
2025-12-31,West,Furniture,Table,7,5000,35000,Wholesale
2025-07-29,West,Clothing,Jeans,8,1200,9600,Retail
2026-01-02,North,Clothing,Kurta,7,800,5600,Online
2025-02-25,East,Food,Oil,9,200,1800,Online
2024-06-19,East,Clothing,Saree,8,3000,24000,Online
2026-02-04,North,Electronics,Headphones,1,2000,2000,Retail
2025-11-12,North,Electronics,Headphones,6,2000,12000,Retail
2024-11-30,South,Clothing,Kurta,7,800,5600,Wholesale
2025-12-25,West,Furniture,Sofa,6,15000,90000,Retail
2025-04-03,South,Food,Coffee,1,300,300,Retail
2025-12-02,North,Clothing,Saree,6,3000,18000,Wholesale
2025-12-01,South,Electronics,Tablet,3,20000,60000,Retail
2025-05-08,North,Furniture,Table,9,5000,45000,Online
2026-01-13,South,Electronics,Tablet,5,20000,100000,Online
2025-09-21,South,Furniture,Bookshelf,2,4000,8000,Retail
2025-10-30,East,Electronics,Laptop,3,45000,135000,Online
2026-04-11,South,Electronics,Laptop,7,45000,315000,Retail
2024-07-09,North,Food,Sugar,9,50,450,Retail
2025-06-01,South,Electronics,Headphones,6,2000,12000,Wholesale
2025-01-07,West,Furniture,Sofa,5,15000,75000,Wholesale
2026-02-09,North,Furniture,Table,7,5000,35000,Online
2025-08-30,North,Clothing,Saree,4,3000,12000,Retail
2025-10-08,North,Electronics,Laptop,9,45000,405000,Online
2026-04-01,East,Food,Coffee,1,300,300,Wholesale
2024-09-14,North,Electronics,Laptop,6,45000,270000,Online
2025-10-10,West,Clothing,Kurta,5,800,4000,Wholesale
2025-12-23,South,Electronics,Laptop,7,45000,315000,Wholesale
2025-08-15,West,Electronics,Headphones,6,2000,12000,Wholesale
2025-12-14,East,Furniture,Chair,10,3000,30000,Retail
2025-07-08,East,Furniture,Table,2,5000,10000,Retail
2025-10-16,North,Electronics,Mobile Phone,8,15000,120000,Online
2026-03-16,East,Clothing,Jeans,7,1200,8400,Retail
2025-07-13,West,Clothing,T-Shirt,4,500,2000,Online
2024-06-13,South,Clothing,Saree,1,3000,3000,Wholesale
2025-04-30,West,Electronics,Tablet,8,20000,160000,Online
2024-07-20,East,Clothing,Saree,3,3000,9000,Retail
2026-01-31,West,Food,Rice,2,100,200,Online
2026-05-24,South,Furniture,Sofa,8,15000,120000,Online
2026-05-01,West,Furniture,Table,6,5000,30000,Online
2024-11-16,North,Food,Rice,8,100,800,Online
2024-09-09,North,Electronics,Laptop,6,45000,270000,Retail
2025-12-10,South,Food,Rice,9,100,900,Wholesale
2026-05-14,South,Clothing,Jeans,2,1200,2400,Online
2025-12-13,East,Electronics,Headphones,1,2000,2000,Online
2024-12-22,South,Clothing,T-Shirt,9,500,4500,Retail
2024-12-06,East,Electronics,Mobile Phone,10,15000,150000,Online
2024-12-23,North,Food,Sugar,9,50,450,Retail
2025-02-13,West,Electronics,Tablet,1,20000,20000,Wholesale
2025-04-05,West,Furniture,Chair,1,3000,3000,Retail
2024-09-15,East,Food,Coffee,5,300,1500,Wholesale
2025-12-27,West,Furniture,Bookshelf,7,4000,28000,Wholesale
2024-07-26,South,Electronics,Tablet,8,20000,160000,Retail
2024-10-01,West,Food,Coffee,5,300,1500,Wholesale
2025-02-15,North,Food,Rice,7,100,700,Retail
2024-09-06,North,Clothing,Jeans,1,1200,1200,Retail
2025-05-10,East,Furniture,Sofa,7,15000,105000,Online
2025-03-01,East,Food,Sugar,6,50,300,Retail
2026-04-08,West,Food,Rice,6,100,600,Retail
2025-07-28,North,Furniture,Chair,10,3000,30000,Online
2026-05-25,East,Clothing,Kurta,6,800,4800,Online
2024-08-10,South,Furniture,Sofa,2,15000,30000,Wholesale
2025-12-14,North,Food,Sugar,1,50,50,Retail
2026-03-07,North,Food,Oil,7,200,1400,Online
2025-12-09,West,Furniture,Table,7,5000,35000,Online
2025-06-09,North,Electronics,Headphones,7,2000,14000,Online
2026-01-05,South,Furniture,Sofa,8,15000,120000,Retail
2025-06-23,South,Furniture,Bookshelf,4,4000,16000,Online
2026-03-05,South,Clothing,Kurta,8,800,6400,Wholesale
2024-11-15,North,Electronics,Tablet,7,20000,140000,Online
2024-07-17,East,Clothing,Saree,1,3000,3000,Wholesale
2025-05-14,West,Clothing,T-Shirt,3,500,1500,Retail
2025-01-15,West,Clothing,Saree,1,3000,3000,Online
2024-11-20,North,Clothing,Saree,1,3000,3000,Online
2024-11-18,West,Furniture,Table,8,5000,40000,Online
2024-09-14,South,Clothing,Kurta,1,800,800,Online
2024-09-07,East,Furniture,Bookshelf,1,4000,4000,Wholesale
2025-12-31,West,Furniture,Sofa,7,15000,105000,Retail
2024-11-29,South,Furniture,Bookshelf,4,4000,16000,Retail
2024-10-03,South,Furniture,Bookshelf,8,4000,32000,Wholesale
2025-01-27,North,Clothing,Jeans,5,1200,6000,Online
2025-10-02,North,Electronics,Laptop,2,45000,90000,Wholesale
2025-07-26,West,Clothing,T-Shirt,7,500,3500,Wholesale
2024-10-16,South,Electronics,Laptop,9,45000,405000,Online
2024-08-19,West,Electronics,Mobile Phone,4,15000,60000,Retail
2026-01-27,East,Food,Oil,10,200,2000,Wholesale
2025-04-04,South,Food,Rice,10,100,1000,Wholesale
2025-08-23,South,Furniture,Chair,3,3000,9000,Online
2026-03-19,South,Furniture,Table,4,5000,20000,Wholesale
2025-05-22,East,Clothing,T-Shirt,9,500,4500,Retail
2024-10-05,West,Food,Coffee,2,300,600,Wholesale
2025-10-03,North,Food,Coffee,1,300,300,Wholesale
2026-01-31,West,Food,Rice,1,100,100,Online
2024-10-29,West,Clothing,T-Shirt,10,500,5000,Wholesale
2024-06-29,South,Clothing,T-Shirt,7,500,3500,Wholesale
2024-12-26,West,Food,Sugar,8,50,400,Online
2025-03-21,East,Furniture,Sofa,7,15000,105000,Wholesale
2026-02-02,North,Food,Oil,4,200,800,Retail
2025-10-29,West,Clothing,Saree,10,3000,30000,Retail
2025-05-31,South,Food,Oil,10,200,2000,Wholesale
2024-12-24,East,Clothing,T-Shirt,4,500,2000,Retail
2025-12-27,North,Clothing,Jeans,5,1200,6000,Online
2024-12-09,South,Furniture,Sofa,1,15000,15000,Wholesale
2025-07-31,South,Electronics,Tablet,8,20000,160000,Wholesale
2025-12-29,West,Food,Sugar,8,50,400,Online
2025-05-06,South,Clothing,T-Shirt,10,500,5000,Wholesale
2025-10-26,West,Clothing,Jeans,10,1200,12000,Online
2025-07-30,South,Clothing,Kurta,6,800,4800,Online
2024-07-12,North,Food,Oil,1,200,200,Retail
2024-08-16,North,Food,Oil,10,200,2000,Wholesale
2025-11-16,East,Electronics,Headphones,3,2000,6000,Online
2026-01-12,West,Clothing,Saree,9,3000,27000,Online
2024-09-29,East,Food,Oil,10,200,2000,Online
2026-04-26,North,Furniture,Sofa,7,15000,105000,Online
2024-08-17,North,Furniture,Bookshelf,3,4000,12000,Wholesale
2024-10-08,North,Electronics,Tablet,6,20000,120000,Retail
2025-04-27,South,Furniture,Sofa,9,15000,135000,Retail
2024-10-27,East,Electronics,Tablet,9,20000,180000,Wholesale
2025-07-17,South,Clothing,Jeans,10,1200,12000,Online
2025-09-28,East,Clothing,Jeans,6,1200,7200,Retail
2024-12-02,West,Food,Coffee,6,300,1800,Wholesale
2025-03-28,North,Clothing,Jeans,7,1200,8400,Online
2025-03-28,West,Food,Sugar,7,50,350,Retail
2024-12-29,East,Electronics,Laptop,2,45000,90000,Wholesale
2025-07-01,West,Clothing,Saree,9,3000,27000,Wholesale
2024-08-12,South,Furniture,Chair,1,3000,3000,Online
2025-10-10,West,Clothing,Jeans,5,1200,6000,Wholesale
2025-12-22,West,Electronics,Laptop,4,45000,180000,Retail
2024-08-31,North,Clothing,Jeans,3,1200,3600,Wholesale
2024-10-23,South,Electronics,Mobile Phone,10,15000,150000,Online
2025-10-05,East,Clothing,Kurta,2,800,1600,Retail
2025-07-17,West,Electronics,Tablet,1,20000,20000,Retail
2025-03-05,South,Clothing,Kurta,5,800,4000,Online
2025-04-05,West,Food,Sugar,7,50,350,Retail
2025-08-06,West,Electronics,Headphones,5,2000,10000,Retail
2026-05-15,North,Electronics,Laptop,2,45000,90000,Online
2025-11-19,East,Furniture,Chair,9,3000,27000,Retail
2026-04-11,East,Food,Rice,6,100,600,Wholesale
2025-02-13,West,Electronics,Headphones,10,2000,20000,Retail
2026-05-15,East,Clothing,Saree,9,3000,27000,Retail
2026-05-16,East,Food,Sugar,9,50,450,Online
2026-04-07,West,Electronics,Tablet,8,20000,160000,Retail
2025-02-19,North,Clothing,Jeans,6,1200,7200,Wholesale
2025-11-18,North,Furniture,Sofa,8,15000,120000,Wholesale
2025-09-19,North,Food,Coffee,5,300,1500,Online
2024-06-11,South,Furniture,Bookshelf,1,4000,4000,Online
2024-06-30,South,Electronics,Tablet,3,20000,60000,Online
2025-11-03,West,Food,Sugar,2,50,100,Online
2025-03-19,East,Furniture,Bookshelf,10,4000,40000,Wholesale
2026-05-02,West,Electronics,Laptop,5,45000,225000,Online
2026-01-26,West,Food,Rice,6,100,600,Wholesale
2025-02-01,South,Clothing,Jeans,9,1200,10800,Retail
2024-06-09,North,Food,Oil,1,200,200,Online
2025-03-30,North,Furniture,Bookshelf,4,4000,16000,Wholesale
2025-03-09,North,Electronics,Headphones,6,2000,12000,Online
2026-04-22,South,Electronics,Tablet,6,20000,120000,Retail
2025-01-24,South,Furniture,Chair,8,3000,24000,Retail
2024-08-06,South,Food,Sugar,7,50,350,Online
2025-04-19,East,Electronics,Mobile Phone,9,15000,135000,Retail
2024-08-22,East,Furniture,Sofa,3,15000,45000,Retail
2025-07-13,North,Food,Sugar,6,50,300,Retail
2025-03-09,North,Furniture,Table,5,5000,25000,Retail
2026-01-10,South,Furniture,Sofa,9,15000,135000,Online
2025-10-19,West,Electronics,Laptop,5,45000,225000,Wholesale
2024-06-15,North,Electronics,Headphones,9,2000,18000,Wholesale
2025-08-20,West,Furniture,Table,6,5000,30000,Online
2024-11-11,East,Electronics,Mobile Phone,1,15000,15000,Wholesale
2024-06-17,North,Furniture,Chair,7,3000,21000,Retail
2026-02-22,South,Furniture,Chair,6,3000,18000,Retail
2025-01-05,West,Furniture,Sofa,10,15000,150000,Wholesale
2025-06-08,West,Electronics,Mobile Phone,8,15000,120000,Online
2025-06-04,West,Food,Oil,6,200,1200,Online
2025-04-10,South,Electronics,Mobile Phone,7,15000,105000,Retail
2025-01-30,North,Food,Oil,2,200,400,Online
2025-06-21,East,Clothing,T-Shirt,9,500,4500,Wholesale
2025-03-16,South,Food,Rice,10,100,1000,Retail
2025-08-20,North,Furniture,Table,2,5000,10000,Online
2024-08-25,West,Clothing,T-Shirt,9,500,4500,Online
2026-01-23,South,Clothing,Saree,1,3000,3000,Retail
2025-03-24,West,Food,Oil,8,200,1600,Wholesale
2024-09-14,South,Electronics,Laptop,5,45000,225000,Wholesale
2025-04-24,North,Clothing,T-Shirt,5,500,2500,Retail
2025-10-10,West,Clothing,Kurta,4,800,3200,Wholesale
2024-06-21,West,Clothing,Saree,1,3000,3000,Online
2024-08-13,North,Clothing,Saree,9,3000,27000,Retail
2025-04-24,East,Electronics,Tablet,7,20000,140000,Online
2025-06-24,East,Food,Sugar,2,50,100,Wholesale
2025-02-24,West,Clothing,Saree,10,3000,30000,Retail
2025-12-22,North,Food,Rice,5,100,500,Online
2025-02-27,South,Food,Sugar,5,50,250,Retail
2024-09-07,East,Furniture,Bookshelf,6,4000,24000,Retail
2026-04-08,West,Furniture,Bookshelf,7,4000,28000,Online
2025-12-23,South,Food,Sugar,2,50,100,Online
2026-01-30,North,Furniture,Table,7,5000,35000,Retail
2026-02-25,South,Clothing,Saree,7,3000,21000,Online
2025-07-14,South,Electronics,Tablet,3,20000,60000,Online
2025-01-07,South,Electronics,Headphones,5,2000,10000,Retail
2025-10-18,North,Furniture,Sofa,7,15000,105000,Wholesale
2025-07-22,North,Furniture,Chair,2,3000,6000,Retail
2024-10-05,East,Electronics,Mobile Phone,5,15000,75000,Retail
2026-01-18,West,Furniture,Table,7,5000,35000,Wholesale
2025-06-30,East,Electronics,Tablet,7,20000,140000,Wholesale
2024-12-08,South,Food,Coffee,2,300,600,Online
2025-01-04,South,Furniture,Bookshelf,4,4000,16000,Retail
2026-06-03,North,Clothing,Jeans,8,1200,9600,Retail
2025-06-27,North,Food,Oil,4,200,800,Wholesale
2025-09-21,West,Food,Coffee,3,300,900,Retail
2025-11-10,South,Clothing,Kurta,8,800,6400,Wholesale
2024-09-18,West,Furniture,Chair,6,3000,18000,Online
2024-07-12,South,Food,Rice,2,100,200,Online
2026-03-05,East,Furniture,Bookshelf,7,4000,28000,Wholesale
2025-02-27,South,Electronics,Mobile Phone,10,15000,150000,Online
2026-01-31,East,Furniture,Chair,8,3000,24000,Wholesale
2025-09-21,West,Clothing,Kurta,1,800,800,Online
2024-09-03,South,Food,Oil,1,200,200,Retail
2024-10-09,South,Food,Rice,4,100,400,Retail
2024-10-07,North,Furniture,Bookshelf,10,4000,40000,Retail
2026-03-14,East,Electronics,Mobile Phone,5,15000,75000,Retail
2025-06-12,West,Food,Sugar,8,50,400,Retail
2026-01-25,West,Food,Coffee,3,300,900,Wholesale
2024-06-28,West,Food,Coffee,3,300,900,Wholesale
2024-08-27,East,Food,Coffee,5,300,1500,Wholesale
2024-06-03,South,Food,Sugar,3,50,150,Retail
2025-11-24,North,Food,Oil,9,200,1800,Retail
2024-08-29,South,Food,Rice,2,100,200,Wholesale
2024-12-14,South,Clothing,Saree,2,3000,6000,Wholesale
2025-01-25,South,Furniture,Bookshelf,2,4000,8000,Online
2025-11-27,West,Food,Coffee,8,300,2400,Retail
2026-01-29,South,Food,Coffee,2,300,600,Online
2026-03-27,East,Furniture,Chair,2,3000,6000,Wholesale
2025-01-28,North,Electronics,Tablet,3,20000,60000,Online
2024-12-26,South,Clothing,Kurta,6,800,4800,Online
2024-11-06,South,Clothing,Jeans,2,1200,2400,Online
2025-05-24,West,Clothing,Saree,9,3000,27000,Retail
2024-12-15,South,Clothing,T-Shirt,10,500,5000,Retail
2025-06-07,North,Clothing,Saree,4,3000,12000,Online
2025-12-14,West,Clothing,Saree,9,3000,27000,Retail
2025-03-14,South,Clothing,T-Shirt,6,500,3000,Wholesale
2025-11-17,East,Clothing,T-Shirt,6,500,3000,Wholesale
2025-01-10,South,Food,Rice,9,100,900,Wholesale
2024-12-30,West,Electronics,Mobile Phone,6,15000,90000,Online
2024-09-20,West,Electronics,Tablet,7,20000,140000,Retail
2024-06-16,West,Furniture,Table,4,5000,20000,Online
2024-08-16,West,Furniture,Chair,9,3000,27000,Retail
2025-08-20,East,Electronics,Headphones,1,2000,2000,Retail
2024-12-05,East,Furniture,Sofa,8,15000,120000,Online
2024-11-11,North,Furniture,Bookshelf,6,4000,24000,Retail
2026-02-21,North,Electronics,Laptop,8,45000,360000,Online
2024-11-08,East,Furniture,Table,9,5000,45000,Retail
2025-01-09,East,Food,Coffee,10,300,3000,Retail
2026-04-01,South,Clothing,Saree,10,3000,30000,Wholesale
2025-09-25,North,Clothing,Jeans,7,1200,8400,Wholesale
2025-04-27,North,Clothing,Saree,2,3000,6000,Wholesale
2026-03-20,East,Furniture,Table,4,5000,20000,Online
2025-06-09,North,Furniture,Bookshelf,5,4000,20000,Retail
2024-11-01,West,Clothing,Saree,4,3000,12000,Retail
2025-04-30,North,Furniture,Chair,9,3000,27000,Wholesale
2025-04-25,North,Food,Coffee,1,300,300,Retail
2025-05-08,West,Electronics,Tablet,3,20000,60000,Retail
2024-10-19,South,Clothing,Saree,9,3000,27000,Online
2025-04-09,West,Electronics,Mobile Phone,6,15000,90000,Online
2024-07-09,North,Furniture,Table,10,5000,50000,Wholesale
2026-04-07,North,Electronics,Tablet,6,20000,120000,Retail
2026-04-13,South,Furniture,Chair,3,3000,9000,Online
2025-05-01,West,Food,Rice,2,100,200,Retail
2025-11-17,East,Furniture,Chair,8,3000,24000,Online
2025-10-29,East,Furniture,Chair,2,3000,6000,Retail
2024-06-06,West,Food,Rice,8,100,800,Retail
2025-07-09,South,Furniture,Bookshelf,1,4000,4000,Wholesale
2025-09-07,West,Food,Coffee,7,300,2100,Retail
2026-03-03,South,Electronics,Headphones,8,2000,16000,Wholesale
2026-05-26,West,Food,Coffee,10,300,3000,Retail
2026-05-13,North,Electronics,Headphones,2,2000,4000,Wholesale
2025-09-18,West,Electronics,Headphones,4,2000,8000,Retail
2025-11-14,North,Clothing,Kurta,3,800,2400,Online
2024-09-21,South,Food,Oil,8,200,1600,Wholesale
2025-10-28,South,Furniture,Chair,7,3000,21000,Online
2025-08-30,South,Furniture,Bookshelf,3,4000,12000,Wholesale
2024-06-25,North,Clothing,Saree,2,3000,6000,Wholesale
2026-04-29,East,Food,Coffee,4,300,1200,Retail
2025-04-23,North,Clothing,Kurta,5,800,4000,Online
2024-07-11,West,Electronics,Mobile Phone,8,15000,120000,Online
2026-01-06,West,Food,Rice,6,100,600,Retail
2025-01-27,West,Food,Sugar,9,50,450,Retail
2025-03-08,West,Food,Oil,4,200,800,Retail
2025-12-04,East,Food,Oil,6,200,1200,Online
2024-07-29,North,Food,Oil,6,200,1200,Online
2024-09-01,South,Food,Oil,8,200,1600,Retail
2025-08-24,North,Food,Oil,6,200,1200,Wholesale
2026-01-26,East,Food,Coffee,9,300,2700,Online
2026-03-03,North,Furniture,Bookshelf,10,4000,40000,Online
2025-06-24,East,Electronics,Mobile Phone,6,15000,90000,Wholesale
2025-01-18,South,Electronics,Tablet,2,20000,40000,Retail
2025-01-17,North,Clothing,Saree,10,3000,30000,Wholesale
2025-03-17,East,Electronics,Headphones,7,2000,14000,Online
2025-06-07,South,Furniture,Table,1,5000,5000,Wholesale
2024-08-01,North,Food,Coffee,4,300,1200,Retail
2025-10-31,South,Furniture,Sofa,7,15000,105000,Retail
2024-09-08,East,Clothing,Jeans,7,1200,8400,Online
2025-06-28,East,Food,Sugar,9,50,450,Online
2026-03-08,East,Clothing,T-Shirt,9,500,4500,Retail
2026-01-29,West,Clothing,Kurta,1,800,800,Online
2025-10-22,East,Electronics,Mobile Phone,8,15000,120000,Retail
2025-06-06,North,Furniture,Bookshelf,8,4000,32000,Retail
2025-02-17,South,Electronics,Tablet,5,20000,100000,Online
2025-11-12,South,Clothing,Jeans,2,1200,2400,Wholesale
2024-08-23,South,Electronics,Tablet,10,20000,200000,Wholesale
2025-04-06,West,Food,Coffee,7,300,2100,Wholesale
2024-10-31,West,Electronics,Tablet,2,20000,40000,Retail
2025-02-07,East,Furniture,Chair,1,3000,3000,Retail
2025-08-10,East,Food,Rice,4,100,400,Wholesale
2025-12-08,West,Electronics,Headphones,1,2000,2000,Retail
2026-05-07,East,Food,Coffee,10,300,3000,Online
2024-09-25,North,Food,Sugar,2,50,100,Retail
2024-08-20,East,Electronics,Headphones,2,2000,4000,Wholesale
2024-12-31,West,Clothing,T-Shirt,10,500,5000,Retail
2026-02-01,East,Electronics,Mobile Phone,5,15000,75000,Retail
2024-06-12,North,Clothing,Kurta,4,800,3200,Wholesale
2024-12-11,West,Furniture,Sofa,8,15000,120000,Online
2025-05-04,East,Food,Rice,10,100,1000,Retail
2024-08-29,North,Furniture,Bookshelf,4,4000,16000,Retail
2025-05-12,South,Food,Coffee,2,300,600,Online
2024-08-30,South,Clothing,Saree,3,3000,9000,Wholesale
2025-10-23,North,Furniture,Bookshelf,1,4000,4000,Wholesale
2026-01-11,South,Clothing,Kurta,3,800,2400,Online
2024-07-17,West,Furniture,Bookshelf,7,4000,28000,Online
2025-09-26,West,Electronics,Headphones,3,2000,6000,Online
2025-10-18,East,Food,Coffee,2,300,600,Online
2025-12-25,West,Food,Coffee,3,300,900,Wholesale
2025-09-30,East,Clothing,Kurta,6,800,4800,Wholesale
2025-04-06,West,Clothing,Jeans,8,1200,9600,Online
2025-06-19,North,Clothing,Kurta,7,800,5600,Retail
2025-10-18,North,Electronics,Mobile Phone,6,15000,90000,Online
2024-08-18,East,Food,Coffee,3,300,900,Retail
2026-04-05,South,Food,Sugar,9,50,450,Online
2024-10-21,South,Food,Rice,8,100,800,Retail
2025-08-25,South,Electronics,Mobile Phone,2,15000,30000,Wholesale
2025-05-22,East,Furniture,Bookshelf,7,4000,28000,Wholesale
2026-05-25,West,Furniture,Chair,8,3000,24000,Online
2025-05-07,North,Electronics,Headphones,2,2000,4000,Online
2025-03-20,South,Clothing,Saree,7,3000,21000,Online
2025-05-10,South,Food,Rice,4,100,400,Online
2024-10-15,West,Food,Coffee,3,300,900,Wholesale
2024-07-31,North,Furniture,Sofa,8,15000,120000,Wholesale
2025-01-17,North,Electronics,Headphones,6,2000,12000,Wholesale
2024-09-07,North,Clothing,Kurta,2,800,1600,Wholesale
2025-06-07,West,Furniture,Table,5,5000,25000,Online
2024-12-18,North,Electronics,Tablet,3,20000,60000,Retail
2025-06-10,South,Electronics,Tablet,8,20000,160000,Online
2025-09-22,West,Furniture,Bookshelf,4,4000,16000,Retail
2025-07-02,East,Food,Rice,1,100,100,Retail
2025-03-08,South,Clothing,Kurta,6,800,4800,Online
2025-07-25,North,Food,Coffee,6,300,1800,Retail
2024-11-09,West,Clothing,Kurta,1,800,800,Retail
2025-03-01,West,Furniture,Bookshelf,7,4000,28000,Online
2024-09-06,West,Furniture,Chair,5,3000,15000,Retail
2025-01-30,West,Electronics,Mobile Phone,5,15000,75000,Retail
2025-04-19,West,Furniture,Bookshelf,3,4000,12000,Retail
2025-07-10,North,Furniture,Table,2,5000,10000,Online
2025-06-08,East,Furniture,Table,3,5000,15000,Wholesale
2026-01-18,North,Clothing,Saree,5,3000,15000,Online
2025-08-14,East,Furniture,Sofa,7,15000,105000,Online
2025-12-23,East,Food,Rice,6,100,600,Retail
2025-12-01,South,Electronics,Laptop,10,45000,450000,Wholesale
2026-03-24,North,Clothing,Saree,8,3000,24000,Online
2024-08-21,North,Clothing,Jeans,8,1200,9600,Wholesale
2025-10-03,North,Clothing,Kurta,3,800,2400,Retail
2026-05-29,North,Food,Oil,8,200,1600,Retail
2026-05-30,South,Furniture,Sofa,8,15000,120000,Wholesale
2025-02-04,North,Clothing,Jeans,8,1200,9600,Retail
2025-02-16,East,Electronics,Laptop,10,45000,450000,Retail
2025-01-24,South,Electronics,Headphones,3,2000,6000,Online
2025-09-03,East,Clothing,Saree,1,3000,3000,Retail
2025-05-03,East,Food,Coffee,8,300,2400,Online
2024-10-21,North,Clothing,T-Shirt,8,500,4000,Retail
2024-10-08,South,Electronics,Headphones,6,2000,12000,Online
2024-09-09,West,Clothing,Jeans,1,1200,1200,Online
2026-02-20,West,Furniture,Sofa,8,15000,120000,Online
2025-06-10,East,Electronics,Laptop,3,45000,135000,Online
2024-09-29,North,Furniture,Sofa,10,15000,150000,Online
2025-10-06,East,Electronics,Laptop,6,45000,270000,Wholesale
2025-09-02,North,Food,Coffee,3,300,900,Online
2025-06-02,North,Electronics,Tablet,10,20000,200000,Retail
2024-09-30,West,Electronics,Mobile Phone,4,15000,60000,Online
2026-05-05,West,Clothing,Jeans,8,1200,9600,Online
2026-03-23,South,Furniture,Chair,7,3000,21000,Retail
2025-05-29,West,Electronics,Mobile Phone,10,15000,150000,Retail
2024-09-11,East,Clothing,Jeans,8,1200,9600,Wholesale
2025-04-03,East,Food,Oil,4,200,800,Retail
2024-10-25,West,Furniture,Table,4,5000,20000,Wholesale
2025-08-21,West,Electronics,Mobile Phone,5,15000,75000,Wholesale
2024-12-05,South,Food,Oil,7,200,1400,Retail
2024-08-09,West,Food,Rice,5,100,500,Wholesale
2025-08-13,South,Furniture,Table,3,5000,15000,Wholesale
2026-03-01,North,Food,Rice,7,100,700,Online
2025-07-20,North,Clothing,Kurta,8,800,6400,Wholesale
2024-07-30,East,Furniture,Bookshelf,2,4000,8000,Online
2025-08-18,West,Food,Oil,10,200,2000,Online
2025-09-03,West,Clothing,T-Shirt,7,500,3500,Online
2024-11-18,East,Clothing,Jeans,1,1200,1200,Retail
2024-08-08,South,Food,Coffee,10,300,3000,Wholesale
2025-03-25,West,Clothing,Saree,10,3000,30000,Online
2026-06-01,North,Food,Coffee,1,300,300,Online
2025-09-23,East,Clothing,Kurta,10,800,8000,Wholesale
2024-12-10,West,Food,Sugar,1,50,50,Online
2026-05-25,West,Electronics,Mobile Phone,9,15000,135000,Retail
2025-02-11,North,Furniture,Bookshelf,2,4000,8000,Wholesale
2025-09-10,West,Clothing,Kurta,1,800,800,Online
2024-11-06,East,Clothing,Kurta,6,800,4800,Wholesale
2026-02-21,East,Electronics,Mobile Phone,4,15000,60000,Retail
2025-06-02,South,Electronics,Mobile Phone,5,15000,75000,Online
2024-06-23,West,Furniture,Chair,6,3000,18000,Retail
2025-09-06,East,Clothing,Kurta,9,800,7200,Wholesale
2025-04-27,North,Electronics,Headphones,1,2000,2000,Online
2025-05-20,West,Food,Oil,3,200,600,Wholesale
2025-12-09,West,Clothing,Saree,4,3000,12000,Wholesale
2026-01-10,West,Food,Coffee,10,300,3000,Wholesale
2025-09-16,West,Clothing,Saree,3,3000,9000,Retail
2024-11-08,West,Food,Rice,1,100,100,Online
2025-08-17,South,Electronics,Mobile Phone,5,15000,75000,Wholesale
2025-10-02,South,Food,Coffee,10,300,3000,Wholesale
2024-06-17,South,Food,Sugar,4,50,200,Online
2024-06-09,East,Furniture,Bookshelf,10,4000,40000,Retail
2025-10-20,East,Furniture,Table,10,5000,50000,Wholesale
2025-04-24,East,Furniture,Table,7,5000,35000,Retail
2026-02-09,North,Electronics,Laptop,9,45000,405000,Online
2025-02-01,West,Food,Sugar,10,50,500,Online
2025-08-29,East,Furniture,Table,7,5000,35000,Retail
2026-04-19,South,Clothing,Saree,4,3000,12000,Retail
2024-09-04,North,Clothing,Saree,9,3000,27000,Retail
2024-06-11,West,Food,Sugar,5,50,250,Retail
2026-06-01,West,Furniture,Chair,2,3000,6000,Online
2025-04-11,East,Clothing,T-Shirt,1,500,500,Wholesale
2025-12-25,South,Food,Oil,1,200,200,Wholesale
2025-06-25,North,Electronics,Mobile Phone,1,15000,15000,Retail
2025-02-04,East,Clothing,Kurta,6,800,4800,Retail
2026-01-01,East,Furniture,Sofa,1,15000,15000,Online
2024-11-14,North,Food,Oil,9,200,1800,Wholesale
2024-06-25,North,Food,Rice,4,100,400,Wholesale
2025-05-02,South,Food,Rice,3,100,300,Retail
2024-08-04,South,Electronics,Laptop,5,45000,225000,Retail
2026-02-17,North,Furniture,Chair,2,3000,6000,Online
2024-07-23,East,Furniture,Bookshelf,4,4000,16000,Wholesale
2026-02-18,South,Electronics,Mobile Phone,10,15000,150000,Retail
2026-05-22,South,Clothing,Jeans,6,1200,7200,Online
2024-11-16,East,Electronics,Tablet,10,20000,200000,Online
2025-09-26,South,Food,Sugar,5,50,250,Online
2024-12-06,West,Clothing,Saree,5,3000,15000,Retail
2026-04-24,North,Furniture,Sofa,9,15000,135000,Retail
2026-04-15,North,Electronics,Laptop,9,45000,405000,Retail
2025-06-28,South,Clothing,Saree,6,3000,18000,Retail
2025-02-23,South,Food,Coffee,3,300,900,Wholesale
2025-12-19,West,Clothing,Kurta,6,800,4800,Online
2026-05-04,North,Food,Oil,5,200,1000,Retail
2024-11-22,South,Clothing,Jeans,2,1200,2400,Wholesale
2026-02-23,West,Clothing,Saree,6,3000,18000,Retail
2025-01-19,East,Electronics,Laptop,8,45000,360000,Online
2024-12-21,South,Food,Sugar,1,50,50,Wholesale
2025-01-12,North,Food,Rice,10,100,1000,Wholesale
2025-11-08,West,Clothing,T-Shirt,1,500,500,Online
2025-05-02,South,Electronics,Laptop,2,45000,90000,Online
2025-07-30,West,Food,Oil,8,200,1600,Wholesale
2024-06-18,North,Electronics,Laptop,2,45000,90000,Online
2024-11-24,West,Electronics,Headphones,3,2000,6000,Online
2025-03-01,South,Electronics,Mobile Phone,3,15000,45000,Online
2025-10-22,South,Clothing,Saree,6,3000,18000,Wholesale
2025-03-05,South,Food,Coffee,3,300,900,Online
2025-03-08,West,Electronics,Mobile Phone,7,15000,105000,Wholesale
2024-11-02,North,Food,Coffee,6,300,1800,Online
2025-07-03,East,Furniture,Table,3,5000,15000,Wholesale
2025-07-20,North,Clothing,Kurta,2,800,1600,Wholesale
2024-11-13,North,Furniture,Sofa,10,15000,150000,Online
2026-01-14,West,Furniture,Table,1,5000,5000,Wholesale
2026-04-30,West,Furniture,Table,5,5000,25000,Online
2025-12-27,East,Food,Rice,8,100,800,Online
2024-08-23,East,Electronics,Headphones,2,2000,4000,Wholesale
2024-11-09,South,Electronics,Tablet,9,20000,180000,Retail
2024-10-26,West,Clothing,T-Shirt,10,500,5000,Retail
2025-02-27,South,Electronics,Tablet,10,20000,200000,Retail
2026-05-16,East,Clothing,Jeans,6,1200,7200,Wholesale
2025-08-05,North,Food,Coffee,5,300,1500,Online
2025-12-22,West,Electronics,Mobile Phone,2,15000,30000,Wholesale
2024-11-22,West,Electronics,Headphones,4,2000,8000,Wholesale
2025-09-01,East,Food,Rice,7,100,700,Online
2024-06-04,East,Clothing,T-Shirt,1,500,500,Online
2024-06-20,East,Clothing,T-Shirt,6,500,3000,Retail
2025-07-06,East,Food,Coffee,8,300,2400,Retail
2025-01-07,West,Clothing,T-Shirt,5,500,2500,Online
2025-10-16,South,Food,Rice,6,100,600,Online
2024-08-03,South,Food,Rice,7,100,700,Wholesale
2025-07-16,South,Furniture,Table,6,5000,30000,Wholesale
2026-04-04,East,Furniture,Bookshelf,2,4000,8000,Online
2025-12-07,East,Furniture,Chair,2,3000,6000,Wholesale
2025-08-15,South,Food,Rice,6,100,600,Online
2026-02-21,West,Clothing,T-Shirt,4,500,2000,Retail
2024-09-21,West,Clothing,T-Shirt,3,500,1500,Wholesale
2025-12-14,West,Clothing,Kurta,6,800,4800,Wholesale
2025-04-30,North,Food,Coffee,7,300,2100,Wholesale
2025-06-05,North,Clothing,Jeans,5,1200,6000,Online
2025-11-07,West,Electronics,Mobile Phone,10,15000,150000,Wholesale
2024-09-17,East,Electronics,Laptop,3,45000,135000,Wholesale
2025-02-08,East,Food,Oil,2,200,400,Online
2025-05-07,South,Furniture,Bookshelf,7,4000,28000,Online
2025-12-24,South,Furniture,Chair,5,3000,15000,Online
2025-02-25,East,Clothing,T-Shirt,6,500,3000,Wholesale
2026-05-20,West,Electronics,Laptop,2,45000,90000,Wholesale
2024-09-30,West,Electronics,Laptop,7,45000,315000,Wholesale
2025-10-07,North,Clothing,Kurta,7,800,5600,Retail
2025-05-05,West,Food,Rice,3,100,300,Wholesale
2024-11-04,West,Electronics,Laptop,6,45000,270000,Online
2024-09-17,East,Electronics,Headphones,7,2000,14000,Retail
2025-05-03,North,Clothing,Saree,7,3000,21000,Wholesale
2025-10-07,East,Electronics,Laptop,7,45000,315000,Retail
2024-11-15,West,Clothing,Jeans,8,1200,9600,Retail
2025-09-08,West,Electronics,Laptop,4,45000,180000,Online
2026-02-04,West,Clothing,Kurta,2,800,1600,Retail
2026-02-22,North,Food,Coffee,5,300,1500,Wholesale
2025-05-23,South,Food,Sugar,7,50,350,Online
2026-02-08,West,Furniture,Chair,7,3000,21000,Wholesale
2026-01-26,South,Electronics,Laptop,7,45000,315000,Online
2025-09-19,West,Electronics,Tablet,2,20000,40000,Wholesale
2024-08-05,West,Clothing,T-Shirt,9,500,4500,Wholesale
2026-02-28,North,Clothing,Saree,3,3000,9000,Retail
2025-11-19,East,Electronics,Headphones,4,2000,8000,Wholesale
2025-05-24,West,Clothing,Saree,10,3000,30000,Online
2025-11-27,East,Electronics,Tablet,5,20000,100000,Online
2024-09-02,East,Clothing,Saree,9,3000,27000,Wholesale
2025-11-14,East,Furniture,Bookshelf,1,4000,4000,Retail
2025-11-02,North,Furniture,Bookshelf,5,4000,20000,Online
2025-04-10,West,Food,Rice,10,100,1000,Retail
2026-02-12,East,Clothing,Jeans,10,1200,12000,Retail
2024-06-19,East,Electronics,Mobile Phone,1,15000,15000,Online
2025-11-16,North,Clothing,Saree,10,3000,30000,Retail
2025-09-29,East,Clothing,T-Shirt,4,500,2000,Retail
2025-06-23,West,Electronics,Headphones,1,2000,2000,Retail
2025-02-28,West,Furniture,Sofa,3,15000,45000,Wholesale
2025-07-20,East,Food,Coffee,4,300,1200,Wholesale
2025-03-09,North,Food,Oil,10,200,2000,Retail
2025-09-08,West,Electronics,Mobile Phone,6,15000,90000,Retail
2024-10-15,South,Electronics,Headphones,2,2000,4000,Retail
2026-01-10,West,Food,Rice,9,100,900,Online
2024-09-14,West,Clothing,Kurta,2,800,1600,Online
2025-08-31,South,Clothing,Jeans,2,1200,2400,Wholesale
2024-06-19,East,Food,Coffee,5,300,1500,Online
2024-12-23,North,Food,Oil,10,200,2000,Wholesale
2024-09-09,West,Electronics,Headphones,9,2000,18000,Wholesale
2025-08-12,South,Food,Coffee,10,300,3000,Retail
2024-12-10,West,Food,Oil,9,200,1800,Online
2026-05-12,East,Food,Sugar,7,50,350,Online
2026-03-17,West,Food,Sugar,10,50,500,Online
2025-07-21,East,Clothing,Jeans,2,1200,2400,Retail
2026-01-24,West,Food,Coffee,4,300,1200,Online
2026-04-30,North,Food,Oil,10,200,2000,Retail
2025-07-27,West,Furniture,Table,6,5000,30000,Online
2024-08-28,West,Electronics,Mobile Phone,10,15000,150000,Retail
2024-08-30,North,Electronics,Tablet,8,20000,160000,Retail
2025-10-30,South,Furniture,Chair,4,3000,12000,Wholesale
2025-06-29,West,Food,Coffee,10,300,3000,Online
2026-05-24,East,Food,Sugar,8,50,400,Wholesale
2025-09-20,South,Furniture,Table,2,5000,10000,Wholesale
2024-09-27,West,Clothing,T-Shirt,1,500,500,Online
2025-02-12,East,Furniture,Chair,7,3000,21000,Wholesale
2025-12-25,West,Electronics,Mobile Phone,4,15000,60000,Wholesale
2026-01-10,West,Furniture,Table,8,5000,40000,Online
2025-06-20,West,Furniture,Sofa,4,15000,60000,Online
2025-12-16,South,Electronics,Tablet,8,20000,160000,Wholesale
2024-12-24,East,Electronics,Laptop,5,45000,225000,Retail
2025-08-14,South,Electronics,Tablet,3,20000,60000,Online
2024-09-13,South,Food,Oil,5,200,1000,Retail
2025-06-22,North,Furniture,Table,5,5000,25000,Online
2026-01-09,East,Furniture,Chair,8,3000,24000,Online
2025-11-07,West,Clothing,T-Shirt,2,500,1000,Retail
2026-04-20,South,Clothing,Saree,4,3000,12000,Wholesale
2024-09-13,South,Food,Oil,6,200,1200,Online
2025-08-22,East,Food,Oil,3,200,600,Wholesale
2025-04-13,North,Clothing,Jeans,6,1200,7200,Retail
2025-11-04,North,Food,Coffee,4,300,1200,Retail
2025-02-07,West,Food,Oil,1,200,200,Wholesale
2025-12-16,South,Furniture,Bookshelf,2,4000,8000,Wholesale
2026-03-20,West,Clothing,T-Shirt,7,500,3500,Retail
2025-03-08,West,Furniture,Chair,5,3000,15000,Wholesale
2026-01-20,South,Food,Sugar,5,50,250,Retail
2025-11-09,South,Clothing,Kurta,3,800,2400,Wholesale
2025-03-03,South,Food,Sugar,6,50,300,Retail
2024-11-28,North,Furniture,Table,8,5000,40000,Online
2024-07-27,South,Furniture,Chair,10,3000,30000,Online
2025-02-28,North,Clothing,Saree,2,3000,6000,Retail
2025-08-31,North,Furniture,Chair,7,3000,21000,Retail
2024-07-21,East,Clothing,T-Shirt,1,500,500,Retail
2025-06-23,West,Food,Rice,2,100,200,Retail
2025-04-24,North,Electronics,Headphones,2,2000,4000,Wholesale
2025-05-07,North,Food,Oil,6,200,1200,Online
2025-10-18,West,Furniture,Table,6,5000,30000,Wholesale
2025-12-28,West,Electronics,Mobile Phone,1,15000,15000,Online
2025-05-17,North,Food,Rice,7,100,700,Online
2026-02-16,North,Food,Oil,5,200,1000,Online
2024-09-08,West,Food,Sugar,2,50,100,Retail
2026-03-10,North,Clothing,Kurta,3,800,2400,Online
2025-11-15,West,Electronics,Tablet,10,20000,200000,Online
2025-04-13,East,Clothing,Kurta,6,800,4800,Retail
2024-08-08,South,Food,Sugar,9,50,450,Retail
2026-01-10,South,Clothing,Saree,4,3000,12000,Online
2024-07-29,South,Food,Coffee,4,300,1200,Retail
2024-12-04,East,Clothing,Jeans,9,1200,10800,Online
2025-11-14,South,Food,Oil,7,200,1400,Wholesale
2024-11-03,North,Food,Oil,7,200,1400,Online
2025-06-11,North,Clothing,Jeans,8,1200,9600,Retail
2025-04-25,North,Electronics,Tablet,6,20000,120000,Retail
2025-01-12,West,Clothing,Kurta,9,800,7200,Retail
2025-04-18,South,Food,Sugar,4,50,200,Retail
2025-05-27,South,Furniture,Sofa,10,15000,150000,Online
2025-04-02,North,Food,Coffee,7,300,2100,Wholesale
2026-01-18,North,Clothing,Kurta,10,800,8000,Wholesale
2024-08-30,West,Food,Rice,6,100,600,Retail
2024-09-16,East,Food,Coffee,1,300,300,Retail
2024-11-01,East,Furniture,Table,3,5000,15000,Online
2025-04-04,North,Furniture,Chair,6,3000,18000,Retail
2024-11-04,West,Clothing,Saree,8,3000,24000,Online
2024-11-27,West,Furniture,Table,10,5000,50000,Wholesale
2025-05-02,East,Furniture,Sofa,6,15000,90000,Wholesale
2026-03-18,West,Furniture,Table,10,5000,50000,Wholesale
2024-10-01,West,Furniture,Chair,7,3000,21000,Wholesale
2024-07-11,West,Food,Coffee,10,300,3000,Retail
2025-02-09,West,Furniture,Table,7,5000,35000,Online
2025-08-27,North,Furniture,Table,10,5000,50000,Retail
2024-08-16,West,Food,Coffee,2,300,600,Retail
2026-01-31,East,Furniture,Sofa,3,15000,45000,Retail
2026-04-27,North,Food,Coffee,1,300,300,Online
2026-06-01,South,Furniture,Sofa,4,15000,60000,Wholesale
2024-08-09,South,Electronics,Tablet,2,20000,40000,Online
2024-10-24,South,Food,Rice,7,100,700,Online
2025-10-12,East,Clothing,Jeans,4,1200,4800,Retail
2024-09-23,West,Food,Coffee,4,300,1200,Wholesale
2025-08-26,North,Electronics,Laptop,8,45000,360000,Online
2024-12-14,East,Furniture,Table,5,5000,25000,Retail
2026-03-24,South,Electronics,Mobile Phone,3,15000,45000,Online
2025-12-19,West,Clothing,Jeans,4,1200,4800,Online
2024-11-21,West,Furniture,Table,5,5000,25000,Wholesale
2025-08-10,North,Electronics,Mobile Phone,2,15000,30000,Wholesale
2025-11-11,South,Clothing,Jeans,1,1200,1200,Wholesale
2025-11-02,East,Electronics,Mobile Phone,4,15000,60000,Online
2025-11-08,South,Furniture,Bookshelf,10,4000,40000,Online
2024-10-09,South,Furniture,Table,10,5000,50000,Wholesale
2024-10-26,West,Clothing,Kurta,10,800,8000,Online
2025-05-10,South,Furniture,Chair,10,3000,30000,Retail
2026-03-25,East,Clothing,T-Shirt,5,500,2500,Wholesale
2025-01-17,North,Clothing,Kurta,9,800,7200,Online
2026-04-19,South,Furniture,Table,10,5000,50000,Online
2026-01-19,East,Furniture,Bookshelf,10,4000,40000,Online
2025-11-25,South,Electronics,Headphones,7,2000,14000,Retail
2026-01-26,West,Electronics,Mobile Phone,4,15000,60000,Retail
2024-08-07,North,Furniture,Chair,8,3000,24000,Online
2024-07-04,South,Food,Oil,8,200,1600,Retail
2025-09-11,North,Clothing,T-Shirt,3,500,1500,Wholesale
2024-10-31,West,Furniture,Bookshelf,9,4000,36000,Retail
2025-05-15,North,Clothing,Kurta,3,800,2400,Online
2024-06-15,West,Furniture,Bookshelf,7,4000,28000,Retail
2025-04-08,West,Electronics,Mobile Phone,4,15000,60000,Wholesale
2025-07-27,East,Clothing,Kurta,10,800,8000,Wholesale
2026-01-27,North,Furniture,Chair,9,3000,27000,Online
2026-03-18,West,Furniture,Sofa,7,15000,105000,Retail
2024-11-05,North,Furniture,Sofa,6,15000,90000,Wholesale
2024-11-25,South,Electronics,Headphones,4,2000,8000,Retail
2025-09-17,East,Furniture,Chair,4,3000,12000,Wholesale
2026-04-22,North,Clothing,Kurta,1,800,800,Online
2025-06-09,West,Furniture,Bookshelf,2,4000,8000,Online
2025-02-18,South,Furniture,Chair,5,3000,15000,Wholesale
2024-12-08,East,Furniture,Chair,10,3000,30000,Retail
2025-06-06,West,Electronics,Headphones,6,2000,12000,Wholesale
2024-06-18,East,Furniture,Sofa,3,15000,45000,Retail
2026-05-27,West,Food,Oil,8,200,1600,Retail
2025-09-18,West,Electronics,Laptop,9,45000,405000,Retail
2026-01-31,West,Furniture,Sofa,1,15000,15000,Online
2026-02-05,North,Furniture,Table,4,5000,20000,Online
2024-08-09,East,Clothing,Jeans,7,1200,8400,Wholesale
2025-07-22,East,Food,Rice,4,100,400,Online
2025-04-13,West,Electronics,Headphones,4,2000,8000,Wholesale
2026-01-14,South,Electronics,Headphones,5,2000,10000,Online
2025-07-15,South,Food,Oil,2,200,400,Retail
2025-10-26,South,Food,Oil,1,200,200,Online
2025-08-19,South,Furniture,Sofa,5,15000,75000,Wholesale
2025-04-13,North,Food,Oil,9,200,1800,Retail
2026-04-24,East,Electronics,Headphones,3,2000,6000,Online
2025-12-03,South,Clothing,T-Shirt,9,500,4500,Online
2024-09-12,West,Furniture,Bookshelf,8,4000,32000,Online
2026-03-10,North,Food,Sugar,4,50,200,Retail
2024-09-19,North,Furniture,Sofa,3,15000,45000,Wholesale
2025-05-25,East,Food,Coffee,2,300,600,Retail
2024-06-20,North,Clothing,Kurta,10,800,8000,Online
2025-05-19,West,Electronics,Laptop,8,45000,360000,Online
2025-07-10,West,Clothing,Jeans,3,1200,3600,Online
2025-04-13,South,Electronics,Mobile Phone,4,15000,60000,Wholesale
2025-08-06,North,Food,Rice,1,100,100,Online
2025-07-12,West,Food,Sugar,9,50,450,Retail
2026-04-15,East,Clothing,Saree,5,3000,15000,Online
2024-09-20,North,Electronics,Headphones,3,2000,6000,Retail
2026-02-07,East,Food,Coffee,4,300,1200,Retail
2025-02-15,North,Furniture,Table,1,5000,5000,Retail
2026-03-10,North,Electronics,Laptop,2,45000,90000,Wholesale
2026-02-08,West,Furniture,Bookshelf,10,4000,40000,Retail
2025-08-24,North,Furniture,Chair,2,3000,6000,Online
2024-12-01,East,Clothing,Kurta,3,800,2400,Online
2025-04-14,North,Clothing,Jeans,10,1200,12000,Online
2025-05-26,South,Food,Sugar,8,50,400,Retail
2024-07-23,North,Food,Oil,10,200,2000,Online
2025-06-04,East,Food,Sugar,2,50,100,Online
2025-05-01,North,Electronics,Tablet,5,20000,100000,Wholesale
2024-09-06,North,Clothing,T-Shirt,7,500,3500,Wholesale
2025-09-10,East,Furniture,Table,5,5000,25000,Retail
2024-11-14,East,Electronics,Headphones,3,2000,6000,Online
2024-08-15,South,Food,Oil,6,200,1200,Online
2024-08-14,West,Food,Coffee,5,300,1500,Retail
2024-11-02,South,Clothing,T-Shirt,4,500,2000,Retail
2024-09-02,East,Food,Oil,1,200,200,Online
2025-09-26,East,Clothing,Saree,1,3000,3000,Wholesale
2024-06-23,East,Furniture,Chair,3,3000,9000,Wholesale
2026-05-27,South,Clothing,Kurta,6,800,4800,Retail
2025-11-28,North,Clothing,Saree,2,3000,6000,Online
2024-06-09,East,Food,Sugar,5,50,250,Online
2024-07-12,South,Electronics,Tablet,10,20000,200000,Retail
2025-10-16,North,Food,Sugar,10,50,500,Retail
2025-06-09,North,Furniture,Chair,1,3000,3000,Retail
2024-12-01,West,Clothing,Kurta,3,800,2400,Online
2025-10-12,East,Food,Oil,8,200,1600,Wholesale
2025-01-09,South,Furniture,Table,4,5000,20000,Wholesale
2024-10-09,North,Electronics,Laptop,8,45000,360000,Online
2024-12-26,South,Clothing,Jeans,4,1200,4800,Retail
2024-11-15,South,Furniture,Table,3,5000,15000,Online
2024-12-03,South,Electronics,Headphones,7,2000,14000,Retail
2025-05-17,North,Food,Sugar,8,50,400,Wholesale
2024-11-17,South,Clothing,Kurta,6,800,4800,Online
2026-04-10,North,Electronics,Mobile Phone,7,15000,105000,Wholesale
2026-01-23,North,Electronics,Tablet,5,20000,100000,Retail
2025-03-01,East,Food,Sugar,4,50,200,Wholesale
2025-03-09,West,Electronics,Laptop,10,45000,450000,Retail
2025-06-04,West,Electronics,Tablet,4,20000,80000,Wholesale
2025-09-03,West,Food,Sugar,1,50,50,Retail
2026-05-12,South,Furniture,Sofa,8,15000,120000,Wholesale
2025-08-27,West,Furniture,Bookshelf,4,4000,16000,Online
2026-05-09,North,Clothing,Jeans,2,1200,2400,Online
2026-01-05,West,Food,Coffee,7,300,2100,Online
2024-07-12,East,Clothing,Jeans,6,1200,7200,Wholesale
2025-03-06,North,Food,Oil,5,200,1000,Online
2026-03-03,West,Food,Rice,5,100,500,Online
2026-04-05,West,Clothing,Kurta,4,800,3200,Wholesale
2026-05-03,North,Electronics,Laptop,9,45000,405000,Online
2026-01-02,West,Clothing,T-Shirt,10,500,5000,Retail
2025-09-28,West,Electronics,Headphones,2,2000,4000,Online
2025-02-01,South,Electronics,Tablet,7,20000,140000,Wholesale
2025-11-03,South,Clothing,Kurta,3,800,2400,Retail
2024-12-19,South,Electronics,Laptop,6,45000,270000,Online
2025-10-10,North,Clothing,T-Shirt,5,500,2500,Online
2025-02-09,North,Furniture,Bookshelf,3,4000,12000,Wholesale
2026-05-15,East,Furniture,Bookshelf,5,4000,20000,Retail
2025-04-27,South,Clothing,Jeans,1,1200,1200,Wholesale
2025-07-17,South,Food,Oil,9,200,1800,Retail
2026-02-14,South,Electronics,Mobile Phone,5,15000,75000,Wholesale
2026-01-05,West,Food,Oil,8,200,1600,Online
2025-06-19,North,Furniture,Sofa,6,15000,90000,Retail
2024-09-04,West,Food,Oil,8,200,1600,Retail
2025-07-10,West,Electronics,Laptop,7,45000,315000,Retail
2024-11-28,East,Food,Coffee,10,300,3000,Retail
2025-03-31,South,Furniture,Sofa,10,15000,150000,Retail
2024-08-02,East,Food,Rice,4,100,400,Retail
2026-05-19,East,Clothing,Saree,8,3000,24000,Online
2024-07-23,West,Food,Sugar,4,50,200,Online
2025-05-07,South,Electronics,Mobile Phone,4,15000,60000,Online
2025-04-28,West,Food,Oil,2,200,400,Wholesale
2025-10-31,North,Furniture,Sofa,5,15000,75000,Wholesale
2024-10-25,South,Food,Coffee,1,300,300,Wholesale
2026-04-12,South,Electronics,Laptop,10,45000,450000,Wholesale
2025-03-03,North,Electronics,Headphones,5,2000,10000,Online
2025-08-12,East,Clothing,T-Shirt,5,500,2500,Wholesale
2026-02-03,East,Food,Oil,3,200,600,Online
2026-05-15,North,Clothing,Saree,3,3000,9000,Wholesale
2025-01-05,North,Food,Coffee,8,300,2400,Retail
2024-08-30,North,Food,Coffee,6,300,1800,Wholesale
2024-07-07,West,Food,Oil,2,200,400,Wholesale
2025-04-17,North,Electronics,Tablet,7,20000,140000,Online
2024-07-21,North,Furniture,Chair,1,3000,3000,Wholesale
2025-06-29,West,Electronics,Headphones,1,2000,2000,Wholesale
2025-10-18,West,Electronics,Laptop,5,45000,225000,Online
2025-12-22,South,Food,Sugar,3,50,150,Online
2024-07-15,South,Furniture,Bookshelf,1,4000,4000,Online
2025-03-05,North,Electronics,Headphones,8,2000,16000,Wholesale
2025-07-10,North,Furniture,Chair,6,3000,18000,Online
2024-06-27,East,Clothing,T-Shirt,2,500,1000,Wholesale
2026-01-04,West,Food,Coffee,7,300,2100,Retail
2024-07-19,West,Furniture,Chair,1,3000,3000,Retail
2024-11-10,West,Furniture,Sofa,5,15000,75000,Retail
2025-10-17,North,Clothing,Jeans,2,1200,2400,Retail
2025-12-21,West,Furniture,Chair,1,3000,3000,Online
2024-08-21,North,Food,Oil,9,200,1800,Online
2024-12-25,South,Food,Rice,8,100,800,Wholesale
2025-06-30,East,Electronics,Mobile Phone,3,15000,45000,Wholesale
2025-02-24,North,Furniture,Sofa,4,15000,60000,Online
2026-04-06,East,Electronics,Laptop,3,45000,135000,Wholesale
2026-01-01,East,Clothing,T-Shirt,8,500,4000,Retail
2025-06-16,North,Food,Coffee,2,300,600,Online
2025-09-24,South,Clothing,Jeans,4,1200,4800,Retail
2026-01-12,West,Electronics,Laptop,1,45000,45000,Retail
2025-11-09,East,Furniture,Sofa,8,15000,120000,Wholesale
2024-11-08,South,Electronics,Mobile Phone,5,15000,75000,Online
2025-09-30,East,Furniture,Chair,1,3000,3000,Online
2025-04-08,North,Clothing,Kurta,4,800,3200,Retail
2026-05-11,North,Clothing,Jeans,9,1200,10800,Retail
2026-04-12,East,Electronics,Mobile Phone,3,15000,45000,Retail
2025-06-25,West,Food,Rice,7,100,700,Retail
2024-12-07,East,Food,Sugar,5,50,250,Retail
2025-08-16,South,Food,Oil,3,200,600,Retail
2025-02-14,South,Electronics,Mobile Phone,3,15000,45000,Wholesale
2024-10-21,East,Clothing,Kurta,1,800,800,Online
2026-06-02,North,Clothing,Jeans,1,1200,1200,Online
2025-06-05,West,Clothing,Jeans,10,1200,12000,Retail
2024-10-10,South,Food,Oil,7,200,1400,Online
2025-12-03,West,Clothing,Saree,5,3000,15000,Retail
2025-02-19,South,Electronics,Headphones,9,2000,18000,Retail
2024-06-03,East,Electronics,Mobile Phone,5,15000,75000,Online
2025-07-10,South,Food,Rice,2,100,200,Wholesale
2024-10-15,South,Clothing,Kurta,2,800,1600,Wholesale
2025-06-20,East,Furniture,Table,7,5000,35000,Online
2025-08-13,South,Food,Rice,5,100,500,Online
2025-10-20,South,Food,Oil,10,200,2000,Retail
2026-01-31,North,Food,Rice,8,100,800,Retail
2026-03-14,West,Furniture,Table,8,5000,40000,Online
2024-08-06,West,Furniture,Bookshelf,5,4000,20000,Retail
2025-06-26,South,Food,Coffee,2,300,600,Retail
2025-08-04,North,Electronics,Laptop,1,45000,45000,Online
2025-05-25,South,Electronics,Mobile Phone,10,15000,150000,Retail
2025-01-31,South,Clothing,Jeans,9,1200,10800,Online
2026-06-02,West,Furniture,Bookshelf,5,4000,20000,Wholesale
2024-10-28,South,Electronics,Tablet,2,20000,40000,Retail
2026-02-28,North,Clothing,Kurta,10,800,8000,Retail
2026-01-17,South,Furniture,Bookshelf,9,4000,36000,Wholesale
2025-07-04,South,Food,Coffee,2,300,600,Wholesale
2025-03-26,West,Furniture,Bookshelf,5,4000,20000,Wholesale
2025-04-13,West,Electronics,Headphones,10,2000,20000,Retail
2025-02-15,North,Electronics,Headphones,4,2000,8000,Online
2026-05-03,East,Furniture,Table,2,5000,10000,Wholesale
2025-12-10,South,Clothing,T-Shirt,2,500,1000,Retail
2025-12-19,West,Clothing,Saree,10,3000,30000,Online
2024-11-16,West,Furniture,Table,4,5000,20000,Online
2024-09-03,North,Clothing,T-Shirt,10,500,5000,Wholesale
2025-07-16,West,Food,Sugar,10,50,500,Retail
2025-10-19,West,Clothing,T-Shirt,1,500,500,Online
2024-09-01,West,Food,Rice,4,100,400,Retail
2024-11-15,South,Electronics,Headphones,1,2000,2000,Retail
2026-06-01,North,Food,Oil,10,200,2000,Retail
2024-06-03,North,Clothing,T-Shirt,5,500,2500,Online
2025-08-13,North,Furniture,Sofa,9,15000,135000,Wholesale
2024-10-25,North,Food,Coffee,8,300,2400,Wholesale
2025-07-23,North,Furniture,Sofa,8,15000,120000,Wholesale
2024-10-02,East,Food,Sugar,4,50,200,Wholesale
2025-01-09,West,Furniture,Bookshelf,7,4000,28000,Online
2025-07-10,South,Clothing,Kurta,9,800,7200,Wholesale
2024-08-30,South,Furniture,Chair,2,3000,6000,Online
2025-12-14,West,Electronics,Mobile Phone,8,15000,120000,Wholesale
2024-07-16,East,Food,Sugar,9,50,450,Online
2024-08-30,West,Furniture,Chair,7,3000,21000,Wholesale
2025-01-03,East,Clothing,Jeans,10,1200,12000,Retail
2025-01-21,West,Clothing,Jeans,7,1200,8400,Online
2025-03-28,East,Electronics,Mobile Phone,9,15000,135000,Retail
2024-07-15,North,Food,Coffee,8,300,2400,Wholesale
2026-02-04,East,Electronics,Laptop,4,45000,180000,Wholesale
2025-01-15,West,Clothing,T-Shirt,3,500,1500,Online
2025-12-13,South,Electronics,Mobile Phone,1,15000,15000,Online
2024-07-09,West,Electronics,Laptop,9,45000,405000,Online
2024-12-06,South,Food,Oil,8,200,1600,Online
2024-11-06,South,Furniture,Table,5,5000,25000,Wholesale
2026-05-30,East,Electronics,Tablet,6,20000,120000,Retail
2024-12-26,West,Food,Oil,10,200,2000,Wholesale
2024-08-27,East,Furniture,Sofa,9,15000,135000,Wholesale
2025-10-30,South,Clothing,Saree,7,3000,21000,Retail
2025-09-21,North,Clothing,Jeans,6,1200,7200,Online
2024-12-17,West,Electronics,Tablet,4,20000,80000,Online
2026-04-03,South,Clothing,Kurta,3,800,2400,Online
2024-08-12,North,Electronics,Headphones,3,2000,6000,Retail
2025-10-21,West,Food,Coffee,5,300,1500,Online
2026-02-14,West,Food,Oil,8,200,1600,Retail
2026-05-02,South,Furniture,Chair,2,3000,6000,Online
2025-03-14,North,Clothing,T-Shirt,3,500,1500,Wholesale
2025-05-01,South,Clothing,T-Shirt,5,500,2500,Wholesale
2025-02-18,West,Clothing,T-Shirt,7,500,3500,Retail
2024-12-01,East,Clothing,Kurta,2,800,1600,Wholesale
2024-07-16,East,Electronics,Tablet,4,20000,80000,Online
2025-05-08,North,Furniture,Chair,2,3000,6000,Wholesale
2026-04-09,West,Clothing,Saree,5,3000,15000,Online
2026-01-09,East,Furniture,Table,7,5000,35000,Wholesale
2024-12-04,East,Furniture,Bookshelf,2,4000,8000,Online
2026-01-16,East,Furniture,Bookshelf,3,4000,12000,Online
2025-12-23,North,Clothing,Jeans,9,1200,10800,Online
2024-11-22,South,Clothing,Jeans,6,1200,7200,Wholesale
2024-09-25,South,Food,Sugar,2,50,100,Online
2024-11-14,East,Electronics,Tablet,5,20000,100000,Retail
2026-05-31,North,Electronics,Headphones,3,2000,6000,Retail
2024-06-12,West,Furniture,Table,5,5000,25000,Online
2024-09-09,North,Food,Rice,7,100,700,Retail
2025-01-05,East,Clothing,T-Shirt,6,500,3000,Online
2025-03-30,West,Clothing,Jeans,10,1200,12000,Retail
2024-08-06,North,Clothing,Saree,1,3000,3000,Retail
2025-12-10,East,Food,Oil,5,200,1000,Online
2024-10-03,West,Food,Coffee,10,300,3000,Retail
2025-10-06,East,Clothing,Kurta,8,800,6400,Retail
2025-03-02,South,Food,Rice,4,100,400,Online
2025-06-05,East,Electronics,Tablet,9,20000,180000,Retail
2026-04-09,West,Food,Coffee,5,300,1500,Wholesale
2025-05-24,West,Electronics,Tablet,4,20000,80000,Online
2024-11-05,South,Electronics,Mobile Phone,4,15000,60000,Online
2025-12-26,West,Food,Sugar,6,50,300,Online
2025-07-15,South,Furniture,Chair,9,3000,27000,Online
2025-12-22,North,Clothing,Kurta,6,800,4800,Wholesale
2025-11-11,South,Food,Coffee,3,300,900,Online
2025-09-17,South,Food,Rice,8,100,800,Online
2024-11-29,South,Clothing,T-Shirt,3,500,1500,Retail
2025-06-28,North,Food,Coffee,1,300,300,Wholesale
2024-11-08,West,Clothing,Jeans,8,1200,9600,Wholesale
2025-10-29,West,Clothing,Saree,6,3000,18000,Online
2025-09-08,North,Electronics,Laptop,8,45000,360000,Online
2025-05-28,North,Food,Oil,2,200,400,Wholesale
2025-05-01,North,Electronics,Laptop,7,45000,315000,Retail
2025-04-09,South,Food,Oil,2,200,400,Wholesale
2025-03-07,South,Food,Sugar,8,50,400,Wholesale
2025-02-14,South,Furniture,Chair,10,3000,30000,Online
2024-06-17,South,Food,Rice,2,100,200,Wholesale
2025-07-10,West,Food,Sugar,8,50,400,Wholesale
2025-07-15,South,Food,Rice,2,100,200,Wholesale
2024-12-25,South,Clothing,T-Shirt,2,500,1000,Online
2025-04-30,South,Furniture,Table,5,5000,25000,Online
2025-03-06,East,Furniture,Sofa,6,15000,90000,Wholesale
2025-03-10,South,Clothing,Jeans,8,1200,9600,Wholesale
2025-04-04,North,Food,Oil,10,200,2000,Wholesale
2024-08-14,North,Furniture,Table,1,5000,5000,Wholesale
2026-03-02,South,Food,Sugar,6,50,300,Retail
2025-10-01,South,Food,Sugar,9,50,450,Retail
2025-07-01,West,Furniture,Bookshelf,2,4000,8000,Wholesale
2026-03-18,East,Electronics,Tablet,3,20000,60000,Online
2024-08-30,East,Electronics,Headphones,3,2000,6000,Online
2025-08-09,South,Furniture,Bookshelf,10,4000,40000,Wholesale
2026-03-15,North,Food,Oil,6,200,1200,Wholesale
2026-02-14,North,Food,Coffee,6,300,1800,Wholesale
2024-12-21,North,Clothing,T-Shirt,1,500,500,Wholesale
2025-11-04,South,Food,Sugar,7,50,350,Wholesale
2025-04-11,East,Clothing,T-Shirt,5,500,2500,Retail
2024-09-17,West,Furniture,Table,7,5000,35000,Retail
2025-12-04,West,Food,Sugar,2,50,100,Retail
2024-06-11,West,Furniture,Sofa,1,15000,15000,Retail
2024-09-24,South,Furniture,Bookshelf,7,4000,28000,Wholesale
2025-08-20,West,Food,Sugar,3,50,150,Wholesale
2024-12-23,South,Electronics,Mobile Phone,3,15000,45000,Online
2024-10-28,West,Clothing,Kurta,9,800,7200,Retail
2026-02-25,North,Food,Oil,6,200,1200,Wholesale
2025-02-24,East,Electronics,Tablet,3,20000,60000,Online
2025-08-25,West,Clothing,Saree,6,3000,18000,Online
2024-12-16,North,Furniture,Sofa,6,15000,90000,Online
2026-01-21,West,Clothing,Saree,8,3000,24000,Online
2026-05-16,East,Clothing,Kurta,4,800,3200,Wholesale
2025-10-14,East,Furniture,Sofa,5,15000,75000,Retail
2025-10-27,West,Clothing,Kurta,3,800,2400,Retail
2026-04-08,West,Food,Oil,7,200,1400,Retail
2025-06-25,East,Food,Sugar,10,50,500,Online
2025-12-03,North,Food,Sugar,5,50,250,Wholesale
2026-05-17,East,Food,Sugar,5,50,250,Retail
2025-04-28,North,Clothing,Saree,3,3000,9000,Online
2025-12-04,East,Clothing,Kurta,10,800,8000,Online
2026-01-10,South,Clothing,Kurta,4,800,3200,Wholesale
2024-10-20,West,Furniture,Sofa,5,15000,75000,Wholesale
2025-10-29,South,Clothing,Saree,7,3000,21000,Wholesale
2025-11-25,South,Clothing,Saree,3,3000,9000,Online
2025-08-26,South,Electronics,Mobile Phone,5,15000,75000,Retail
2025-11-05,East,Food,Oil,5,200,1000,Retail
2025-10-31,East,Food,Coffee,4,300,1200,Wholesale
2025-12-14,West,Furniture,Chair,3,3000,9000,Wholesale
2026-04-07,South,Clothing,Kurta,7,800,5600,Retail
2026-02-03,West,Electronics,Headphones,2,2000,4000,Retail
2025-01-04,South,Furniture,Bookshelf,7,4000,28000,Wholesale
2025-05-30,North,Furniture,Chair,10,3000,30000,Online
2024-09-19,East,Food,Oil,6,200,1200,Online
2025-12-01,East,Food,Rice,9,100,900,Retail
2026-04-28,South,Food,Coffee,5,300,1500,Online
2024-08-10,North,Electronics,Mobile Phone,7,15000,105000,Online
2025-04-14,East,Furniture,Chair,1,3000,3000,Wholesale
2024-08-13,West,Electronics,Tablet,4,20000,80000,Wholesale
2025-07-11,South,Food,Oil,10,200,2000,Retail
2025-02-06,North,Clothing,T-Shirt,2,500,1000,Wholesale
2026-04-18,West,Furniture,Table,8,5000,40000,Retail
2024-12-14,East,Food,Sugar,2,50,100,Wholesale
2025-01-05,West,Clothing,T-Shirt,7,500,3500,Wholesale
2026-02-19,West,Furniture,Bookshelf,9,4000,36000,Retail
2026-05-23,South,Food,Coffee,3,300,900,Wholesale
2025-05-15,East,Furniture,Table,1,5000,5000,Wholesale
2024-11-30,North,Furniture,Table,5,5000,25000,Wholesale
2024-10-25,West,Furniture,Sofa,3,15000,45000,Online
2025-03-17,South,Clothing,T-Shirt,8,500,4000,Online
2025-03-05,North,Electronics,Mobile Phone,4,15000,60000,Retail
2025-08-29,West,Food,Coffee,3,300,900,Retail
2025-12-04,West,Clothing,Kurta,8,800,6400,Retail
2025-07-17,North,Electronics,Laptop,4,45000,180000,Retail
2025-12-15,North,Food,Coffee,10,300,3000,Wholesale
2024-12-29,South,Food,Oil,9,200,1800,Wholesale
2024-09-15,West,Clothing,Saree,6,3000,18000,Retail
2025-03-25,South,Food,Oil,8,200,1600,Online
2025-11-06,North,Furniture,Chair,4,3000,12000,Wholesale
2024-06-16,North,Clothing,Kurta,8,800,6400,Online
2024-08-23,South,Food,Sugar,7,50,350,Wholesale
2024-08-14,East,Clothing,Saree,8,3000,24000,Online
2025-06-15,North,Clothing,T-Shirt,3,500,1500,Wholesale
2026-02-25,South,Food,Sugar,4,50,200,Online
2025-11-08,North,Clothing,Jeans,6,1200,7200,Retail
2026-01-31,West,Electronics,Mobile Phone,1,15000,15000,Wholesale
2025-12-03,East,Furniture,Bookshelf,1,4000,4000,Online
2026-05-03,South,Electronics,Mobile Phone,5,15000,75000,Retail
2024-07-11,South,Electronics,Headphones,9,2000,18000,Retail
2025-09-25,South,Electronics,Tablet,8,20000,160000,Online
2024-09-25,East,Clothing,T-Shirt,10,500,5000,Online
2025-03-25,North,Clothing,T-Shirt,10,500,5000,Retail
2024-06-30,East,Furniture,Sofa,8,15000,120000,Retail
2025-11-26,West,Food,Coffee,4,300,1200,Retail
2025-06-04,North,Food,Rice,1,100,100,Wholesale
2026-02-27,East,Food,Sugar,3,50,150,Wholesale
2025-12-21,South,Clothing,T-Shirt,9,500,4500,Online
2025-09-30,East,Clothing,Jeans,5,1200,6000,Wholesale
2025-02-22,East,Electronics,Headphones,8,2000,16000,Online
2025-05-28,West,Electronics,Laptop,1,45000,45000,Retail
2024-10-05,West,Clothing,T-Shirt,10,500,5000,Wholesale
2026-03-19,East,Furniture,Bookshelf,1,4000,4000,Online
2024-11-19,East,Furniture,Table,6,5000,30000,Retail
2025-08-08,North,Furniture,Chair,9,3000,27000,Retail
2026-04-03,South,Food,Oil,10,200,2000,Wholesale
2024-10-07,North,Furniture,Table,7,5000,35000,Online
2025-10-06,East,Furniture,Sofa,8,15000,120000,Wholesale
2025-09-18,West,Furniture,Sofa,8,15000,120000,Online
2024-10-07,West,Electronics,Mobile Phone,3,15000,45000,Online
2025-04-20,East,Food,Coffee,9,300,2700,Retail
2025-10-16,North,Furniture,Sofa,10,15000,150000,Wholesale
2025-06-20,East,Clothing,Saree,4,3000,12000,Online
2025-10-18,North,Electronics,Mobile Phone,5,15000,75000,Retail
2025-12-08,North,Clothing,Jeans,4,1200,4800,Retail
2024-12-01,North,Food,Rice,6,100,600,Online
2024-11-01,West,Electronics,Laptop,9,45000,405000,Online
2025-09-24,South,Food,Rice,7,100,700,Retail
2025-02-18,East,Clothing,Jeans,5,1200,6000,Wholesale
2025-12-08,West,Furniture,Bookshelf,7,4000,28000,Retail
2025-04-04,South,Electronics,Tablet,5,20000,100000,Wholesale
2025-02-01,South,Electronics,Laptop,2,45000,90000,Retail
2025-05-02,West,Electronics,Headphones,2,2000,4000,Online
2026-02-13,East,Clothing,Saree,9,3000,27000,Online
2025-01-16,West,Clothing,T-Shirt,1,500,500,Wholesale
2025-08-13,East,Electronics,Mobile Phone,6,15000,90000,Online
2026-03-29,North,Food,Oil,9,200,1800,Online
2026-03-15,West,Clothing,T-Shirt,8,500,4000,Wholesale
2024-12-10,North,Clothing,Kurta,1,800,800,Retail
2026-05-11,North,Furniture,Bookshelf,5,4000,20000,Wholesale
2024-07-01,East,Clothing,T-Shirt,9,500,4500,Retail
2025-03-10,East,Food,Oil,6,200,1200,Wholesale
2025-04-24,South,Furniture,Chair,8,3000,24000,Wholesale
2025-12-25,North,Food,Coffee,10,300,3000,Wholesale
2024-12-25,East,Clothing,Kurta,7,800,5600,Retail
2025-11-01,South,Food,Oil,6,200,1200,Online
2025-08-09,South,Furniture,Sofa,5,15000,75000,Online
2025-01-23,South,Furniture,Chair,9,3000,27000,Retail
2026-04-10,East,Food,Oil,9,200,1800,Retail
2024-09-26,South,Clothing,T-Shirt,8,500,4000,Online
2026-04-29,South,Clothing,Jeans,9,1200,10800,Retail
2026-02-12,West,Furniture,Bookshelf,9,4000,36000,Online
2025-04-01,West,Clothing,Kurta,5,800,4000,Online
2025-11-27,East,Clothing,Jeans,2,1200,2400,Online
2026-05-02,South,Clothing,Kurta,6,800,4800,Retail
2025-03-30,South,Electronics,Laptop,9,45000,405000,Retail
2024-08-22,North,Furniture,Table,9,5000,45000,Wholesale
2024-09-08,West,Furniture,Sofa,1,15000,15000,Retail
2025-11-22,West,Clothing,T-Shirt,3,500,1500,Retail
2025-02-10,East,Food,Oil,10,200,2000,Retail
2025-04-25,North,Clothing,Kurta,5,800,4000,Online
2024-12-01,North,Electronics,Tablet,8,20000,160000,Wholesale
2026-04-22,East,Clothing,Jeans,7,1200,8400,Wholesale
2026-02-23,East,Furniture,Chair,6,3000,18000,Online
2025-02-09,North,Clothing,Kurta,1,800,800,Retail
2025-02-07,West,Furniture,Table,10,5000,50000,Online
2025-05-24,South,Electronics,Tablet,3,20000,60000,Retail
2025-01-31,West,Electronics,Laptop,7,45000,315000,Online
2026-02-10,South,Food,Oil,5,200,1000,Wholesale
2026-01-04,East,Electronics,Laptop,9,45000,405000,Retail
2025-02-18,West,Electronics,Laptop,3,45000,135000,Wholesale
2025-03-16,West,Furniture,Bookshelf,2,4000,8000,Online
2026-04-08,East,Electronics,Laptop,1,45000,45000,Online
2024-07-13,East,Food,Rice,2,100,200,Online
2024-07-23,West,Food,Rice,2,100,200,Wholesale
2024-12-31,South,Electronics,Headphones,2,2000,4000,Online
2024-10-26,South,Food,Sugar,5,50,250,Online
2025-01-06,North,Furniture,Chair,8,3000,24000,Online
2025-08-03,North,Furniture,Table,5,5000,25000,Retail
2025-02-21,West,Food,Rice,10,100,1000,Wholesale
2025-06-16,East,Food,Sugar,6,50,300,Wholesale
2025-09-23,North,Clothing,Saree,5,3000,15000,Online
2024-11-03,North,Furniture,Table,10,5000,50000,Retail
2025-05-16,North,Electronics,Headphones,9,2000,18000,Retail
2025-04-20,South,Clothing,T-Shirt,10,500,5000,Wholesale
2025-03-17,South,Food,Oil,5,200,1000,Online
2025-12-26,East,Furniture,Sofa,10,15000,150000,Wholesale
2025-10-01,South,Clothing,Jeans,1,1200,1200,Online
2025-09-26,East,Furniture,Table,4,5000,20000,Retail
2025-08-08,East,Electronics,Mobile Phone,2,15000,30000,Wholesale
2025-04-24,North,Food,Oil,9,200,1800,Retail
2025-09-12,West,Clothing,Jeans,7,1200,8400,Retail
2025-09-06,West,Electronics,Headphones,9,2000,18000,Online
2024-07-12,West,Furniture,Bookshelf,6,4000,24000,Wholesale
2025-06-29,East,Electronics,Tablet,9,20000,180000,Online
2024-11-17,South,Electronics,Laptop,1,45000,45000,Wholesale
2025-02-04,West,Food,Sugar,7,50,350,Online
2025-04-02,South,Food,Rice,3,100,300,Online
2025-12-03,South,Food,Coffee,2,300,600,Wholesale
2026-02-12,North,Food,Sugar,8,50,400,Online
2024-07-02,East,Furniture,Chair,3,3000,9000,Wholesale
2025-04-11,West,Clothing,Kurta,1,800,800,Retail
2025-11-27,South,Electronics,Headphones,5,2000,10000,Wholesale
2025-10-30,West,Electronics,Tablet,6,20000,120000,Retail
2025-02-04,West,Food,Oil,7,200,1400,Wholesale
2025-07-08,North,Clothing,T-Shirt,5,500,2500,Online
2025-04-18,West,Furniture,Bookshelf,10,4000,40000,Wholesale
2024-11-19,East,Furniture,Bookshelf,8,4000,32000,Retail
2026-05-12,West,Furniture,Table,6,5000,30000,Wholesale
2026-03-02,South,Electronics,Headphones,4,2000,8000,Online
2025-01-01,South,Furniture,Bookshelf,9,4000,36000,Wholesale
2026-01-14,North,Electronics,Laptop,9,45000,405000,Retail
2025-06-26,North,Furniture,Sofa,10,15000,150000,Retail
2025-10-04,West,Furniture,Table,3,5000,15000,Online
2024-12-01,South,Furniture,Table,9,5000,45000,Wholesale
2025-12-25,North,Furniture,Sofa,8,15000,120000,Retail
2025-11-27,East,Food,Coffee,5,300,1500,Retail
2025-08-21,South,Food,Rice,9,100,900,Retail
2025-03-08,North,Furniture,Bookshelf,3,4000,12000,Online
2026-04-14,South,Clothing,Jeans,8,1200,9600,Wholesale
2025-03-11,West,Electronics,Headphones,7,2000,14000,Wholesale
2026-03-24,South,Furniture,Table,7,5000,35000,Wholesale
2026-01-25,West,Clothing,Kurta,8,800,6400,Wholesale
2025-07-02,East,Furniture,Chair,1,3000,3000,Wholesale
2026-04-13,East,Food,Sugar,1,50,50,Retail
2026-03-01,West,Electronics,Mobile Phone,3,15000,45000,Retail
2026-01-19,North,Food,Oil,9,200,1800,Wholesale
2024-06-06,East,Food,Sugar,10,50,500,Online
2026-04-29,North,Furniture,Chair,1,3000,3000,Online
2025-09-26,North,Electronics,Tablet,4,20000,80000,Wholesale
2025-06-12,East,Electronics,Tablet,10,20000,200000,Wholesale
2025-12-12,South,Clothing,T-Shirt,6,500,3000,Wholesale
2024-06-10,North,Clothing,Jeans,7,1200,8400,Retail
2025-02-28,West,Clothing,Saree,9,3000,27000,Online
2024-07-15,East,Furniture,Table,9,5000,45000,Wholesale
2025-10-24,West,Furniture,Sofa,3,15000,45000,Online
2025-10-25,West,Electronics,Headphones,9,2000,18000,Online
2026-03-17,West,Furniture,Sofa,8,15000,120000,Wholesale
2025-01-21,West,Electronics,Mobile Phone,2,15000,30000,Wholesale
2024-09-30,West,Furniture,Bookshelf,10,4000,40000,Wholesale
2024-06-08,South,Clothing,Saree,6,3000,18000,Retail
2026-05-12,North,Food,Coffee,6,300,1800,Online
2025-11-05,North,Electronics,Mobile Phone,9,15000,135000,Online
2025-02-16,West,Electronics,Headphones,5,2000,10000,Wholesale
2026-04-22,South,Electronics,Tablet,2,20000,40000,Wholesale
2025-06-12,West,Clothing,Saree,1,3000,3000,Wholesale
2024-12-19,West,Food,Coffee,9,300,2700,Wholesale
2024-10-06,South,Food,Sugar,5,50,250,Retail
2025-09-04,East,Electronics,Laptop,6,45000,270000,Online
2025-02-20,South,Food,Sugar,8,50,400,Online
2024-11-16,West,Furniture,Chair,6,3000,18000,Retail
2025-04-25,West,Clothing,Saree,3,3000,9000,Retail
2025-06-17,South,Furniture,Bookshelf,7,4000,28000,Online
2024-06-16,South,Electronics,Tablet,9,20000,180000,Retail
2024-08-14,South,Food,Oil,8,200,1600,Online
2025-12-30,East,Food,Coffee,2,300,600,Online
2025-08-12,East,Electronics,Tablet,9,20000,180000,Online
2026-05-23,North,Food,Rice,10,100,1000,Wholesale
2024-09-06,West,Electronics,Mobile Phone,4,15000,60000,Retail
2024-12-07,East,Clothing,Jeans,7,1200,8400,Wholesale
2025-12-07,North,Furniture,Sofa,10,15000,150000,Wholesale
2025-06-18,North,Electronics,Mobile Phone,6,15000,90000,Online
2025-03-20,South,Electronics,Laptop,6,45000,270000,Retail
2026-01-10,South,Clothing,Saree,9,3000,27000,Online
2024-07-16,North,Food,Sugar,10,50,500,Online
2024-09-02,East,Furniture,Chair,8,3000,24000,Wholesale
2024-08-06,South,Furniture,Sofa,3,15000,45000,Retail
2025-07-22,South,Clothing,Kurta,7,800,5600,Online
2024-09-29,West,Clothing,T-Shirt,1,500,500,Online
2025-12-25,West,Furniture,Table,2,5000,10000,Online
2025-10-11,South,Food,Coffee,2,300,600,Online
2025-05-07,West,Clothing,Kurta,6,800,4800,Retail
2025-08-28,East,Electronics,Tablet,10,20000,200000,Wholesale
2024-06-08,South,Furniture,Sofa,3,15000,45000,Retail
2025-03-12,North,Food,Sugar,6,50,300,Wholesale
2024-10-28,South,Clothing,T-Shirt,1,500,500,Retail
2024-06-05,East,Electronics,Tablet,7,20000,140000,Wholesale
2025-11-28,West,Furniture,Sofa,3,15000,45000,Retail
2026-03-12,East,Food,Coffee,5,300,1500,Wholesale
2025-08-26,East,Electronics,Tablet,1,20000,20000,Online
2025-04-25,East,Electronics,Tablet,8,20000,160000,Online
2025-10-08,East,Clothing,Kurta,4,800,3200,Retail
2025-01-27,North,Clothing,T-Shirt,1,500,500,Retail
2025-10-09,East,Clothing,T-Shirt,7,500,3500,Online
2026-05-27,South,Furniture,Bookshelf,5,4000,20000,Wholesale
2024-07-12,East,Clothing,Kurta,5,800,4000,Wholesale
2025-10-29,East,Electronics,Headphones,8,2000,16000,Online
2025-05-21,North,Food,Oil,10,200,2000,Wholesale
2024-08-03,West,Furniture,Bookshelf,7,4000,28000,Wholesale
2025-12-12,East,Food,Coffee,3,300,900,Online
2025-11-21,East,Clothing,Jeans,10,1200,12000,Online
2026-05-16,East,Furniture,Bookshelf,4,4000,16000,Online
2025-07-11,North,Clothing,Saree,4,3000,12000,Wholesale
2026-01-27,North,Furniture,Chair,7,3000,21000,Online
2024-08-29,East,Food,Oil,2,200,400,Retail
2025-03-11,South,Food,Oil,10,200,2000,Wholesale
2024-10-04,South,Electronics,Laptop,1,45000,45000,Online
2025-12-10,North,Furniture,Chair,6,3000,18000,Retail
2025-09-28,South,Clothing,Jeans,3,1200,3600,Online
2025-09-26,East,Food,Coffee,10,300,3000,Online
2025-02-10,South,Food,Rice,10,100,1000,Wholesale
2024-07-21,North,Electronics,Mobile Phone,9,15000,135000,Retail
2026-04-19,West,Furniture,Table,9,5000,45000,Wholesale
2026-04-07,East,Electronics,Tablet,7,20000,140000,Wholesale
2025-01-17,West,Food,Rice,5,100,500,Retail
2025-08-11,North,Food,Sugar,2,50,100,Online
2025-03-02,East,Electronics,Tablet,3,20000,60000,Retail
2024-08-18,North,Clothing,Jeans,10,1200,12000,Retail
2025-01-17,South,Food,Coffee,7,300,2100,Retail
2024-12-03,East,Furniture,Table,2,5000,10000,Wholesale
2026-04-03,West,Electronics,Headphones,1,2000,2000,Wholesale
2025-06-25,South,Electronics,Tablet,6,20000,120000,Wholesale
2024-10-10,West,Food,Oil,1,200,200,Wholesale
2026-02-28,East,Furniture,Sofa,10,15000,150000,Online
2026-05-22,East,Clothing,T-Shirt,10,500,5000,Retail
2026-01-11,West,Clothing,Jeans,6,1200,7200,Retail
2025-04-17,East,Furniture,Bookshelf,7,4000,28000,Online
2026-02-24,West,Electronics,Laptop,3,45000,135000,Wholesale
2025-02-22,West,Electronics,Headphones,5,2000,10000,Wholesale
2025-06-21,South,Electronics,Tablet,4,20000,80000,Retail
2024-06-03,West,Food,Coffee,5,300,1500,Wholesale
2025-04-02,East,Electronics,Tablet,1,20000,20000,Retail
2025-08-10,South,Electronics,Headphones,7,2000,14000,Retail
2026-03-10,West,Clothing,Jeans,2,1200,2400,Retail
2024-10-18,North,Clothing,Jeans,10,1200,12000,Wholesale
2025-07-09,North,Clothing,Saree,1,3000,3000,Online
2026-04-18,East,Electronics,Laptop,3,45000,135000,Retail
2026-01-25,West,Food,Rice,8,100,800,Wholesale
2025-06-09,West,Clothing,Kurta,6,800,4800,Retail
2026-05-12,South,Furniture,Bookshelf,7,4000,28000,Retail
2026-03-03,West,Electronics,Headphones,1,2000,2000,Wholesale
2026-04-29,East,Clothing,T-Shirt,7,500,3500,Online
2024-07-23,East,Electronics,Tablet,1,20000,20000,Wholesale
2024-07-04,East,Furniture,Bookshelf,2,4000,8000,Online
2025-02-21,South,Clothing,Saree,2,3000,6000,Online
2025-05-13,West,Furniture,Table,10,5000,50000,Online
2024-10-21,West,Food,Rice,7,100,700,Wholesale
2026-02-12,South,Furniture,Table,7,5000,35000,Retail
2026-02-07,East,Food,Sugar,7,50,350,Retail
2025-05-07,West,Electronics,Headphones,2,2000,4000,Retail
2024-10-06,East,Food,Coffee,10,300,3000,Retail
2025-02-14,West,Food,Sugar,5,50,250,Online
2026-01-18,East,Food,Rice,6,100,600,Retail
2026-03-13,South,Furniture,Chair,4,3000,12000,Online
2025-12-21,South,Electronics,Mobile Phone,8,15000,120000,Online
2025-05-21,East,Furniture,Bookshelf,9,4000,36000,Online
2025-11-05,North,Food,Rice,4,100,400,Online
2026-05-17,West,Food,Oil,4,200,800,Retail
2025-01-09,North,Clothing,Jeans,10,1200,12000,Online
2026-01-03,North,Food,Coffee,1,300,300,Retail
2025-01-27,West,Electronics,Headphones,1,2000,2000,Online
2026-05-03,North,Electronics,Laptop,6,45000,270000,Wholesale
2025-03-01,North,Furniture,Chair,1,3000,3000,Online
2025-03-22,North,Food,Oil,7,200,1400,Online
2024-09-29,East,Clothing,Saree,4,3000,12000,Retail
2026-03-20,West,Electronics,Tablet,6,20000,120000,Wholesale
2025-10-15,South,Furniture,Sofa,3,15000,45000,Wholesale
2024-11-09,North,Furniture,Bookshelf,8,4000,32000,Online
2024-11-19,South,Electronics,Laptop,2,45000,90000,Online
2025-02-12,North,Clothing,Jeans,10,1200,12000,Retail
2026-03-16,East,Food,Oil,2,200,400,Retail
2025-07-17,East,Furniture,Bookshelf,10,4000,40000,Wholesale
2024-08-14,North,Food,Oil,4,200,800,Wholesale
2026-05-13,East,Electronics,Tablet,7,20000,140000,Retail
2026-01-30,South,Clothing,Jeans,9,1200,10800,Online
2024-06-17,West,Food,Coffee,9,300,2700,Wholesale
2025-11-27,South,Electronics,Headphones,1,2000,2000,Retail
2025-03-01,South,Electronics,Mobile Phone,5,15000,75000,Retail
2026-04-11,West,Food,Sugar,2,50,100,Wholesale
2026-01-02,North,Clothing,T-Shirt,2,500,1000,Online
2024-06-30,West,Electronics,Laptop,7,45000,315000,Online
2025-08-25,North,Food,Sugar,2,50,100,Retail
2024-08-12,North,Clothing,T-Shirt,10,500,5000,Online
2026-03-16,East,Food,Sugar,3,50,150,Online
2024-06-22,South,Furniture,Bookshelf,10,4000,40000,Online
2025-10-18,East,Food,Oil,9,200,1800,Retail
2024-10-05,East,Electronics,Laptop,10,45000,450000,Wholesale
2025-05-18,West,Clothing,Jeans,9,1200,10800,Online
2025-03-20,West,Electronics,Mobile Phone,5,15000,75000,Retail
2026-05-05,West,Electronics,Mobile Phone,2,15000,30000,Wholesale
2025-01-14,West,Electronics,Laptop,2,45000,90000,Online
2025-09-11,North,Electronics,Mobile Phone,5,15000,75000,Retail
2026-02-24,East,Clothing,T-Shirt,8,500,4000,Online
2025-08-03,North,Electronics,Laptop,8,45000,360000,Online
2024-12-31,South,Clothing,Jeans,3,1200,3600,Online
2024-12-13,South,Food,Sugar,2,50,100,Retail
2024-09-09,East,Clothing,T-Shirt,9,500,4500,Online
2025-12-01,South,Furniture,Table,1,5000,5000,Retail
2025-06-22,South,Furniture,Table,5,5000,25000,Retail
2025-02-15,North,Food,Oil,7,200,1400,Retail
2024-10-02,South,Clothing,Jeans,6,1200,7200,Wholesale
2024-10-28,South,Furniture,Sofa,1,15000,15000,Wholesale
2024-08-27,East,Clothing,T-Shirt,7,500,3500,Online
2024-06-06,North,Furniture,Bookshelf,6,4000,24000,Online
2025-03-01,West,Electronics,Mobile Phone,8,15000,120000,Online
2024-08-21,South,Clothing,Saree,10,3000,30000,Wholesale
2024-08-09,West,Furniture,Bookshelf,9,4000,36000,Online
2025-02-12,South,Furniture,Chair,7,3000,21000,Online
2025-03-29,South,Furniture,Chair,6,3000,18000,Wholesale
2026-01-11,North,Food,Rice,5,100,500,Online
2025-01-22,South,Food,Coffee,8,300,2400,Wholesale
2024-08-08,East,Furniture,Table,1,5000,5000,Online
2026-05-15,West,Electronics,Headphones,8,2000,16000,Online
2025-10-08,West,Clothing,Saree,1,3000,3000,Wholesale
2026-01-26,North,Food,Oil,2,200,400,Retail
2025-06-14,North,Clothing,Kurta,10,800,8000,Online
2025-08-07,East,Food,Rice,10,100,1000,Retail
2024-09-24,East,Electronics,Headphones,9,2000,18000,Retail
2025-09-11,South,Furniture,Bookshelf,6,4000,24000,Online
2025-12-27,West,Food,Coffee,2,300,600,Wholesale
2025-08-12,West,Food,Rice,9,100,900,Wholesale
2026-02-06,West,Food,Rice,5,100,500,Wholesale
2025-03-18,West,Food,Sugar,2,50,100,Retail
2026-04-01,South,Furniture,Sofa,7,15000,105000,Online
2024-10-16,West,Furniture,Chair,5,3000,15000,Online
2025-01-10,South,Food,Rice,2,100,200,Wholesale
2025-01-09,North,Electronics,Headphones,7,2000,14000,Online
2025-04-29,South,Clothing,Jeans,5,1200,6000,Online
2024-08-29,West,Food,Coffee,1,300,300,Retail
2025-02-09,South,Food,Coffee,1,300,300,Retail
2024-11-16,West,Clothing,Kurta,9,800,7200,Retail
2024-07-13,South,Electronics,Headphones,1,2000,2000,Retail
2025-12-11,East,Electronics,Tablet,8,20000,160000,Retail
2026-02-01,East,Electronics,Tablet,8,20000,160000,Wholesale
2025-11-03,North,Furniture,Bookshelf,4,4000,16000,Wholesale
2024-10-24,South,Food,Oil,8,200,1600,Online
2025-01-07,North,Furniture,Chair,5,3000,15000,Retail
2025-07-03,West,Furniture,Chair,6,3000,18000,Retail
2026-02-20,East,Electronics,Tablet,1,20000,20000,Wholesale
2026-03-15,West,Food,Oil,4,200,800,Wholesale
2025-03-17,South,Furniture,Table,7,5000,35000,Retail
2026-03-28,North,Food,Sugar,8,50,400,Online
2025-04-20,South,Clothing,Jeans,5,1200,6000,Wholesale
2026-03-18,East,Furniture,Table,4,5000,20000,Online
2024-09-12,West,Electronics,Laptop,8,45000,360000,Retail
2025-11-03,South,Clothing,Kurta,9,800,7200,Online
2025-01-07,South,Clothing,Kurta,10,800,8000,Retail
2024-10-30,West,Furniture,Table,10,5000,50000,Retail
2024-12-26,West,Furniture,Table,1,5000,5000,Retail
2025-02-14,South,Furniture,Sofa,1,15000,15000,Wholesale
2025-11-16,West,Electronics,Headphones,9,2000,18000,Online
2025-07-13,South,Electronics,Tablet,7,20000,140000,Wholesale
2025-10-28,South,Furniture,Table,8,5000,40000,Online
2025-12-28,East,Food,Sugar,1,50,50,Retail
2024-08-17,South,Electronics,Tablet,4,20000,80000,Wholesale
2024-09-11,South,Clothing,Saree,3,3000,9000,Retail
2024-07-31,North,Food,Coffee,1,300,300,Retail
2025-06-28,West,Food,Oil,2,200,400,Online
2025-12-12,East,Furniture,Chair,8,3000,24000,Online
2025-11-23,East,Food,Oil,10,200,2000,Retail
2025-03-06,North,Furniture,Chair,8,3000,24000,Wholesale
2025-09-27,South,Electronics,Laptop,2,45000,90000,Online
2025-01-04,East,Food,Sugar,2,50,100,Online
2025-03-30,East,Furniture,Table,7,5000,35000,Online
2025-01-31,West,Electronics,Laptop,10,45000,450000,Online
2024-09-15,North,Clothing,Kurta,2,800,1600,Retail
2025-09-09,North,Clothing,Kurta,8,800,6400,Retail
2026-05-21,East,Furniture,Bookshelf,10,4000,40000,Retail
2026-05-29,North,Electronics,Mobile Phone,6,15000,90000,Online
2025-08-08,South,Clothing,Saree,3,3000,9000,Online
2025-02-02,North,Food,Oil,3,200,600,Retail
2024-08-11,West,Electronics,Laptop,7,45000,315000,Online
2024-11-04,South,Furniture,Table,4,5000,20000,Online
2024-06-08,North,Food,Coffee,2,300,600,Wholesale
2025-03-07,West,Clothing,Saree,4,3000,12000,Retail
2025-05-30,South,Electronics,Tablet,4,20000,80000,Retail
2025-01-27,South,Food,Sugar,4,50,200,Online
2024-12-17,West,Electronics,Headphones,5,2000,10000,Retail
2025-12-11,West,Electronics,Tablet,8,20000,160000,Retail
2024-06-23,North,Clothing,Jeans,7,1200,8400,Retail
2026-03-25,East,Electronics,Laptop,3,45000,135000,Wholesale
2025-09-14,South,Food,Oil,8,200,1600,Wholesale
2025-03-14,South,Electronics,Laptop,7,45000,315000,Retail
2025-10-08,South,Clothing,T-Shirt,9,500,4500,Online
2025-12-27,West,Electronics,Mobile Phone,2,15000,30000,Online
2025-04-22,West,Electronics,Mobile Phone,9,15000,135000,Retail
2025-05-06,East,Electronics,Tablet,10,20000,200000,Retail
2025-03-19,West,Clothing,Saree,2,3000,6000,Retail
2024-08-27,South,Food,Rice,2,100,200,Wholesale
2025-09-20,North,Furniture,Sofa,8,15000,120000,Wholesale
2025-04-19,East,Electronics,Laptop,10,45000,450000,Retail
2025-07-15,South,Clothing,Saree,10,3000,30000,Online
2025-08-12,West,Electronics,Mobile Phone,8,15000,120000,Retail
2024-08-12,East,Electronics,Tablet,8,20000,160000,Online
2026-05-02,West,Food,Oil,5,200,1000,Wholesale
2025-06-01,South,Electronics,Laptop,6,45000,270000,Retail
2024-11-26,West,Food,Rice,5,100,500,Wholesale
2024-09-02,East,Furniture,Chair,8,3000,24000,Wholesale
2026-04-11,West,Clothing,Jeans,8,1200,9600,Wholesale
2024-12-09,West,Clothing,T-Shirt,7,500,3500,Wholesale
2024-07-19,West,Clothing,Saree,10,3000,30000,Online
2025-12-24,North,Furniture,Table,4,5000,20000,Wholesale
2025-05-06,East,Food,Oil,9,200,1800,Wholesale
2025-05-24,West,Food,Sugar,9,50,450,Online
2025-03-11,East,Clothing,T-Shirt,1,500,500,Online
2026-04-19,South,Clothing,Jeans,2,1200,2400,Online
2026-04-24,West,Clothing,Saree,6,3000,18000,Wholesale
2025-06-28,West,Clothing,T-Shirt,7,500,3500,Retail
2024-11-06,South,Clothing,Saree,9,3000,27000,Wholesale
2026-05-25,South,Furniture,Chair,6,3000,18000,Retail
2024-08-09,North,Furniture,Chair,8,3000,24000,Wholesale
2025-12-12,West,Clothing,Jeans,7,1200,8400,Wholesale
2025-05-21,North,Furniture,Table,10,5000,50000,Retail
2025-08-17,East,Food,Oil,8,200,1600,Online
2024-08-25,South,Electronics,Laptop,3,45000,135000,Online
2024-12-18,West,Clothing,Jeans,2,1200,2400,Online
2025-08-17,West,Furniture,Table,2,5000,10000,Retail
2024-08-24,East,Clothing,Jeans,8,1200,9600,Online
2024-09-02,West,Furniture,Table,1,5000,5000,Wholesale
2025-06-16,East,Clothing,Kurta,1,800,800,Online
2026-03-31,West,Food,Coffee,3,300,900,Retail
2025-02-08,North,Clothing,Kurta,4,800,3200,Retail
2025-08-20,East,Clothing,Jeans,7,1200,8400,Online
2024-09-25,South,Clothing,T-Shirt,4,500,2000,Retail
2025-04-25,North,Electronics,Headphones,9,2000,18000,Retail
2026-03-02,East,Electronics,Mobile Phone,7,15000,105000,Retail
2025-01-21,West,Electronics,Tablet,3,20000,60000,Wholesale
2024-06-04,North,Electronics,Tablet,4,20000,80000,Retail
2025-02-26,West,Electronics,Headphones,9,2000,18000,Online
2025-09-14,North,Furniture,Sofa,9,15000,135000,Wholesale
2026-04-13,East,Clothing,T-Shirt,6,500,3000,Online
2026-05-16,East,Food,Coffee,5,300,1500,Online
2025-08-27,North,Food,Oil,4,200,800,Wholesale
2025-09-28,East,Furniture,Table,6,5000,30000,Wholesale
2024-08-10,North,Clothing,Saree,5,3000,15000,Retail
2024-12-20,North,Electronics,Tablet,4,20000,80000,Wholesale
2025-07-31,West,Electronics,Laptop,3,45000,135000,Wholesale
2025-10-05,North,Electronics,Laptop,5,45000,225000,Retail
2026-01-09,North,Food,Rice,8,100,800,Online
2024-09-23,North,Food,Coffee,2,300,600,Retail
2025-05-28,West,Food,Coffee,10,300,3000,Retail
2025-02-24,South,Electronics,Mobile Phone,7,15000,105000,Retail
2025-07-28,North,Furniture,Table,4,5000,20000,Online
2024-10-07,North,Food,Oil,4,200,800,Wholesale
2024-11-08,East,Food,Coffee,2,300,600,Retail
2026-04-09,North,Clothing,T-Shirt,6,500,3000,Online
2025-05-11,North,Food,Rice,7,100,700,Retail
2024-08-10,North,Food,Sugar,4,50,200,Online
2025-03-20,North,Electronics,Mobile Phone,5,15000,75000,Online
2025-07-21,East,Furniture,Chair,5,3000,15000,Retail
2024-10-10,South,Food,Sugar,3,50,150,Online
2024-06-15,West,Clothing,Jeans,6,1200,7200,Retail
2026-02-17,South,Clothing,Saree,2,3000,6000,Retail
2024-08-08,East,Furniture,Bookshelf,7,4000,28000,Wholesale
2026-05-26,North,Electronics,Tablet,3,20000,60000,Wholesale
2025-10-17,East,Food,Coffee,3,300,900,Wholesale
2024-06-23,North,Electronics,Mobile Phone,1,15000,15000,Online
2024-09-14,South,Electronics,Headphones,1,2000,2000,Retail
2025-08-15,West,Food,Coffee,2,300,600,Wholesale
2025-04-30,North,Food,Oil,2,200,400,Wholesale
2025-05-14,North,Electronics,Headphones,1,2000,2000,Wholesale
2024-10-22,East,Furniture,Table,1,5000,5000,Retail
2024-07-02,East,Electronics,Headphones,6,2000,12000,Wholesale
2025-09-03,West,Clothing,Kurta,10,800,8000,Wholesale
2025-08-21,North,Furniture,Chair,4,3000,12000,Retail
2025-07-14,West,Clothing,Jeans,9,1200,10800,Wholesale
2025-12-13,North,Electronics,Mobile Phone,10,15000,150000,Online
2026-01-06,North,Furniture,Table,4,5000,20000,Wholesale
2025-05-07,South,Clothing,Saree,7,3000,21000,Retail
2025-10-09,North,Food,Rice,10,100,1000,Wholesale
2024-06-13,North,Electronics,Headphones,3,2000,6000,Online
2025-07-20,North,Furniture,Chair,6,3000,18000,Online
2025-08-14,West,Electronics,Mobile Phone,3,15000,45000,Retail
2025-05-16,East,Clothing,T-Shirt,5,500,2500,Retail
2024-12-30,West,Furniture,Sofa,2,15000,30000,Online
2025-11-30,North,Food,Sugar,9,50,450,Wholesale
2026-01-10,West,Food,Coffee,5,300,1500,Retail
2025-10-10,West,Clothing,T-Shirt,6,500,3000,Retail
2026-03-13,West,Furniture,Table,1,5000,5000,Retail
2025-12-03,East,Furniture,Chair,8,3000,24000,Online
2026-03-07,North,Clothing,Saree,3,3000,9000,Online
2025-07-30,East,Furniture,Chair,9,3000,27000,Online
2024-09-09,West,Clothing,Saree,8,3000,24000,Wholesale
2024-08-06,West,Clothing,T-Shirt,5,500,2500,Online
2025-06-08,West,Furniture,Chair,10,3000,30000,Retail
2025-06-19,East,Electronics,Laptop,9,45000,405000,Wholesale
2025-09-18,West,Electronics,Headphones,9,2000,18000,Retail
2025-05-04,West,Furniture,Bookshelf,7,4000,28000,Retail
2024-07-27,West,Food,Sugar,4,50,200,Wholesale
2025-11-13,East,Furniture,Sofa,6,15000,90000,Wholesale
2025-08-25,North,Furniture,Bookshelf,7,4000,28000,Retail
2024-07-20,West,Food,Rice,1,100,100,Online
2025-04-25,South,Food,Oil,7,200,1400,Online
2024-12-06,East,Food,Rice,8,100,800,Online
2025-08-13,West,Clothing,Saree,6,3000,18000,Retail
2024-06-08,North,Food,Sugar,8,50,400,Retail
2025-06-07,North,Food,Sugar,8,50,400,Wholesale
2024-11-08,South,Furniture,Table,6,5000,30000,Wholesale
2025-10-21,North,Electronics,Laptop,1,45000,45000,Wholesale
2026-02-24,West,Clothing,Jeans,1,1200,1200,Wholesale
2025-07-29,South,Clothing,Kurta,5,800,4000,Wholesale
2024-12-12,North,Clothing,Kurta,3,800,2400,Retail
2024-08-08,East,Clothing,Kurta,7,800,5600,Wholesale
2025-08-25,North,Furniture,Bookshelf,2,4000,8000,Wholesale
2024-11-21,West,Electronics,Headphones,10,2000,20000,Online
2024-07-09,South,Electronics,Headphones,6,2000,12000,Online
2025-04-10,South,Furniture,Table,5,5000,25000,Retail
2025-09-09,East,Clothing,Kurta,2,800,1600,Wholesale
2025-02-05,North,Food,Rice,3,100,300,Online
2025-03-04,South,Clothing,Jeans,10,1200,12000,Retail
2026-03-16,West,Clothing,Saree,4,3000,12000,Online
2024-09-18,West,Electronics,Tablet,2,20000,40000,Retail
2024-06-27,West,Furniture,Bookshelf,8,4000,32000,Online
2025-08-23,East,Clothing,T-Shirt,1,500,500,Online
2025-03-31,South,Clothing,T-Shirt,5,500,2500,Online
2025-06-29,East,Food,Rice,4,100,400,Wholesale
2025-05-22,West,Electronics,Headphones,6,2000,12000,Wholesale
2024-10-08,South,Clothing,T-Shirt,2,500,1000,Online
2024-07-28,North,Clothing,Kurta,4,800,3200,Retail
2024-09-16,North,Food,Coffee,7,300,2100,Retail
2025-10-30,North,Food,Rice,5,100,500,Retail
2025-05-05,West,Food,Oil,1,200,200,Online
2024-07-06,North,Electronics,Mobile Phone,2,15000,30000,Retail
2024-07-24,East,Electronics,Mobile Phone,4,15000,60000,Wholesale
2025-09-19,West,Furniture,Bookshelf,3,4000,12000,Retail
2025-03-31,East,Food,Oil,5,200,1000,Retail
2025-02-10,East,Clothing,Kurta,8,800,6400,Online
2024-12-12,North,Food,Coffee,7,300,2100,Wholesale
2025-11-26,South,Food,Rice,8,100,800,Online
2025-07-04,South,Clothing,Jeans,1,1200,1200,Retail
2025-12-16,West,Electronics,Laptop,5,45000,225000,Online
2025-11-02,South,Food,Coffee,10,300,3000,Online
2025-04-29,North,Food,Rice,6,100,600,Retail
2024-11-05,North,Clothing,Saree,2,3000,6000,Wholesale
2024-09-11,North,Electronics,Laptop,6,45000,270000,Retail
2024-08-10,East,Furniture,Table,6,5000,30000,Online
2025-02-03,West,Electronics,Tablet,9,20000,180000,Retail
2025-04-07,South,Furniture,Sofa,1,15000,15000,Wholesale
2024-11-17,North,Clothing,Kurta,6,800,4800,Retail
2025-07-13,West,Electronics,Laptop,9,45000,405000,Retail
2024-07-10,East,Electronics,Laptop,4,45000,180000,Wholesale
2026-04-27,South,Clothing,T-Shirt,7,500,3500,Online
2025-02-20,South,Furniture,Chair,7,3000,21000,Retail
2025-04-01,South,Furniture,Chair,3,3000,9000,Retail
2024-08-26,South,Food,Oil,9,200,1800,Online
2024-12-02,West,Food,Oil,2,200,400,Online
2024-06-06,West,Furniture,Chair,7,3000,21000,Wholesale
2025-02-24,South,Food,Sugar,5,50,250,Retail
2025-10-02,South,Clothing,Kurta,9,800,7200,Online
2025-12-15,West,Clothing,T-Shirt,4,500,2000,Retail
2026-03-16,West,Clothing,Jeans,1,1200,1200,Retail
2025-07-27,South,Clothing,Saree,6,3000,18000,Retail
2025-08-24,North,Furniture,Chair,2,3000,6000,Wholesale
2024-09-01,West,Clothing,Kurta,9,800,7200,Wholesale
2025-01-08,North,Furniture,Bookshelf,1,4000,4000,Retail
2025-04-10,East,Electronics,Headphones,3,2000,6000,Retail
2025-09-13,West,Electronics,Laptop,10,45000,450000,Online
2025-10-24,South,Clothing,Saree,4,3000,12000,Online
2024-09-11,East,Food,Oil,9,200,1800,Online
2025-02-25,East,Furniture,Chair,6,3000,18000,Retail
2025-07-07,North,Electronics,Mobile Phone,7,15000,105000,Wholesale
2026-04-28,South,Food,Oil,6,200,1200,Online
2024-10-08,South,Furniture,Table,6,5000,30000,Retail
2024-09-16,West,Furniture,Table,7,5000,35000,Wholesale
2025-07-29,West,Food,Sugar,8,50,400,Wholesale
2026-01-18,East,Clothing,Kurta,9,800,7200,Online
2026-03-11,West,Clothing,Saree,3,3000,9000,Wholesale
2026-05-03,South,Furniture,Sofa,8,15000,120000,Retail
2024-07-10,East,Electronics,Mobile Phone,5,15000,75000,Retail
2025-07-05,East,Furniture,Table,3,5000,15000,Online
2024-08-06,South,Food,Coffee,2,300,600,Wholesale
2026-01-21,North,Furniture,Bookshelf,6,4000,24000,Wholesale
2024-06-21,East,Furniture,Bookshelf,5,4000,20000,Retail
2025-07-22,West,Food,Rice,9,100,900,Wholesale
2025-03-24,East,Electronics,Laptop,8,45000,360000,Retail
2025-08-15,South,Electronics,Headphones,4,2000,8000,Retail
2025-11-05,East,Food,Oil,9,200,1800,Wholesale
2026-02-05,South,Clothing,Saree,1,3000,3000,Online
2025-04-16,West,Electronics,Tablet,2,20000,40000,Wholesale
2024-10-27,South,Food,Rice,3,100,300,Retail
2025-02-22,North,Furniture,Bookshelf,4,4000,16000,Wholesale
2024-12-19,East,Clothing,Kurta,7,800,5600,Wholesale
2026-02-03,South,Food,Coffee,7,300,2100,Wholesale
2025-08-29,West,Electronics,Headphones,3,2000,6000,Wholesale
2026-05-18,East,Food,Rice,2,100,200,Online
2025-07-01,East,Clothing,T-Shirt,5,500,2500,Wholesale
2025-09-05,North,Electronics,Headphones,4,2000,8000,Retail
2025-09-09,South,Furniture,Chair,6,3000,18000,Wholesale
2025-12-01,West,Electronics,Mobile Phone,6,15000,90000,Wholesale
2024-08-22,East,Furniture,Sofa,7,15000,105000,Retail
2024-07-07,West,Electronics,Tablet,9,20000,180000,Retail
2025-01-10,East,Electronics,Mobile Phone,4,15000,60000,Wholesale
2025-01-07,North,Furniture,Bookshelf,4,4000,16000,Online
2025-05-27,South,Clothing,Saree,10,3000,30000,Online
2025-02-01,North,Food,Coffee,6,300,1800,Online
2025-05-25,South,Furniture,Chair,9,3000,27000,Online
2025-09-22,West,Furniture,Sofa,8,15000,120000,Wholesale
2025-12-11,West,Electronics,Laptop,5,45000,225000,Retail
2026-03-16,West,Clothing,T-Shirt,8,500,4000,Online
2025-02-01,West,Furniture,Table,8,5000,40000,Online
2025-02-03,West,Food,Coffee,8,300,2400,Online
2024-10-03,South,Electronics,Laptop,8,45000,360000,Wholesale
2025-09-08,South,Electronics,Laptop,7,45000,315000,Wholesale
2025-09-29,South,Electronics,Headphones,7,2000,14000,Online
2025-07-18,West,Clothing,Jeans,7,1200,8400,Retail
2026-04-06,West,Clothing,Jeans,9,1200,10800,Wholesale
2024-07-07,West,Clothing,Jeans,5,1200,6000,Retail
2026-02-24,North,Furniture,Bookshelf,7,4000,28000,Wholesale
2026-01-11,West,Furniture,Bookshelf,5,4000,20000,Wholesale
2026-02-02,South,Clothing,Kurta,10,800,8000,Retail
2025-06-10,North,Food,Oil,5,200,1000,Online
2024-06-29,West,Furniture,Sofa,7,15000,105000,Online
2025-05-15,West,Food,Oil,7,200,1400,Online
2026-04-06,West,Food,Oil,10,200,2000,Online
2025-11-21,South,Clothing,T-Shirt,6,500,3000,Wholesale
2026-03-14,East,Clothing,T-Shirt,7,500,3500,Wholesale
2025-01-06,North,Food,Coffee,6,300,1800,Online
2024-10-13,West,Furniture,Table,10,5000,50000,Wholesale
2025-02-05,East,Clothing,T-Shirt,3,500,1500,Wholesale
2026-01-03,West,Food,Coffee,5,300,1500,Online
2025-05-21,North,Food,Sugar,1,50,50,Online
2026-02-28,West,Electronics,Tablet,8,20000,160000,Wholesale
2026-01-03,South,Electronics,Laptop,2,45000,90000,Online
2025-03-22,East,Clothing,T-Shirt,2,500,1000,Wholesale
2025-09-02,North,Food,Rice,2,100,200,Retail
2024-06-07,West,Clothing,Kurta,3,800,2400,Retail
2025-04-26,South,Furniture,Bookshelf,8,4000,32000,Online
2025-11-01,North,Clothing,Jeans,8,1200,9600,Online
2025-04-27,East,Food,Sugar,3,50,150,Retail
2026-04-03,South,Food,Rice,10,100,1000,Wholesale
2024-10-18,West,Electronics,Laptop,1,45000,45000,Retail
2025-10-22,South,Furniture,Table,10,5000,50000,Retail
2026-03-25,West,Furniture,Sofa,3,15000,45000,Online
2024-11-14,West,Clothing,Jeans,2,1200,2400,Retail
2026-03-09,South,Clothing,T-Shirt,2,500,1000,Wholesale
2025-10-26,West,Electronics,Mobile Phone,7,15000,105000,Online
2025-03-12,North,Clothing,Kurta,9,800,7200,Wholesale
2026-04-29,West,Clothing,Saree,5,3000,15000,Retail
2025-10-24,West,Electronics,Headphones,9,2000,18000,Wholesale
2025-02-19,North,Food,Rice,5,100,500,Wholesale
2025-09-01,North,Clothing,Kurta,5,800,4000,Retail
2025-08-05,East,Furniture,Chair,6,3000,18000,Online
2025-07-04,West,Electronics,Mobile Phone,5,15000,75000,Wholesale
2025-03-27,East,Clothing,T-Shirt,7,500,3500,Wholesale
2025-08-04,South,Clothing,Saree,5,3000,15000,Wholesale
2025-04-03,West,Food,Rice,4,100,400,Online
2024-08-06,West,Electronics,Mobile Phone,3,15000,45000,Retail
2024-08-28,West,Electronics,Headphones,4,2000,8000,Online
2025-12-09,South,Food,Rice,1,100,100,Retail
2024-08-22,East,Clothing,Saree,8,3000,24000,Retail
2024-09-28,East,Clothing,T-Shirt,2,500,1000,Wholesale
2024-11-05,West,Electronics,Laptop,6,45000,270000,Wholesale
2025-12-29,East,Electronics,Mobile Phone,1,15000,15000,Online
2025-01-02,East,Electronics,Laptop,9,45000,405000,Retail
2025-08-11,West,Electronics,Laptop,7,45000,315000,Online
2025-07-18,South,Furniture,Chair,1,3000,3000,Retail
2024-06-07,East,Furniture,Bookshelf,3,4000,12000,Retail
2025-02-15,West,Food,Sugar,6,50,300,Retail
2024-08-15,North,Clothing,Kurta,9,800,7200,Online
2026-02-24,East,Furniture,Chair,9,3000,27000,Online
2025-04-15,East,Clothing,T-Shirt,8,500,4000,Wholesale
2025-05-14,East,Electronics,Tablet,9,20000,180000,Online
2025-12-14,South,Electronics,Mobile Phone,7,15000,105000,Retail
2024-07-19,West,Furniture,Sofa,2,15000,30000,Online
2025-01-17,South,Furniture,Table,8,5000,40000,Wholesale
2026-04-20,South,Clothing,Saree,9,3000,27000,Retail
2024-08-02,South,Furniture,Sofa,6,15000,90000,Retail
2025-04-22,North,Furniture,Table,10,5000,50000,Wholesale
2025-01-20,West,Food,Oil,5,200,1000,Wholesale
2025-06-07,East,Electronics,Laptop,9,45000,405000,Wholesale
2024-09-21,South,Furniture,Table,6,5000,30000,Wholesale
2026-03-29,West,Food,Sugar,4,50,200,Wholesale
2026-02-23,West,Furniture,Sofa,6,15000,90000,Online
2025-10-29,East,Electronics,Mobile Phone,7,15000,105000,Wholesale
2024-11-18,East,Electronics,Tablet,2,20000,40000,Online
2025-01-09,East,Food,Rice,9,100,900,Online
2024-11-06,West,Food,Oil,4,200,800,Wholesale
2024-08-27,East,Clothing,Saree,5,3000,15000,Online
2025-12-03,West,Clothing,Saree,9,3000,27000,Wholesale
2024-11-10,North,Food,Coffee,4,300,1200,Online
2024-11-18,East,Electronics,Laptop,6,45000,270000,Online
2026-05-29,North,Furniture,Table,5,5000,25000,Wholesale
2024-07-21,North,Clothing,Kurta,10,800,8000,Retail
2026-02-16,North,Clothing,Jeans,2,1200,2400,Wholesale
2025-04-06,North,Clothing,Jeans,2,1200,2400,Online
2024-06-26,West,Food,Oil,10,200,2000,Online
2025-10-19,East,Food,Sugar,1,50,50,Retail
2026-05-20,South,Food,Oil,9,200,1800,Wholesale
2025-07-30,North,Clothing,T-Shirt,10,500,5000,Online
2025-05-10,East,Furniture,Sofa,3,15000,45000,Online
2024-12-31,North,Food,Coffee,6,300,1800,Retail
2025-06-17,South,Electronics,Mobile Phone,1,15000,15000,Retail
2025-09-16,South,Electronics,Laptop,8,45000,360000,Retail
2026-03-15,East,Electronics,Headphones,5,2000,10000,Retail
2025-03-21,East,Clothing,Kurta,7,800,5600,Retail
2026-04-11,South,Clothing,T-Shirt,6,500,3000,Wholesale
2025-10-30,East,Electronics,Mobile Phone,5,15000,75000,Wholesale
2024-12-27,East,Clothing,T-Shirt,5,500,2500,Online
2025-05-04,North,Food,Oil,2,200,400,Wholesale
2025-08-25,West,Electronics,Mobile Phone,1,15000,15000,Online
2025-03-30,West,Electronics,Headphones,10,2000,20000,Wholesale
2025-07-14,West,Food,Coffee,5,300,1500,Retail
2025-12-05,East,Electronics,Tablet,6,20000,120000,Wholesale
2025-04-12,North,Electronics,Headphones,8,2000,16000,Retail
2024-08-03,West,Food,Coffee,2,300,600,Online
2024-11-29,North,Food,Oil,5,200,1000,Online
2026-02-22,North,Electronics,Headphones,10,2000,20000,Online
2024-11-24,West,Furniture,Table,2,5000,10000,Wholesale
2026-05-07,West,Electronics,Laptop,9,45000,405000,Retail
2025-08-05,West,Food,Sugar,9,50,450,Online
2024-11-25,West,Clothing,Kurta,8,800,6400,Wholesale
2026-01-03,East,Food,Oil,5,200,1000,Online
2026-02-17,West,Electronics,Laptop,8,45000,360000,Online
2025-09-19,North,Food,Rice,1,100,100,Retail
2026-04-14,West,Food,Coffee,6,300,1800,Wholesale
2026-01-07,West,Food,Sugar,2,50,100,Retail
2026-04-09,South,Furniture,Bookshelf,3,4000,12000,Online
2025-06-16,South,Clothing,Kurta,8,800,6400,Retail
2025-12-25,West,Food,Rice,2,100,200,Retail
2024-08-11,West,Clothing,Saree,8,3000,24000,Wholesale
2024-06-30,North,Furniture,Chair,8,3000,24000,Online
2026-03-22,East,Clothing,Kurta,3,800,2400,Wholesale
2026-01-15,West,Electronics,Headphones,10,2000,20000,Retail
2025-07-15,South,Electronics,Laptop,9,45000,405000,Wholesale
2024-09-29,South,Furniture,Table,10,5000,50000,Retail
2025-01-19,North,Food,Oil,2,200,400,Retail
2026-05-20,East,Food,Rice,8,100,800,Wholesale
2024-06-28,East,Electronics,Mobile Phone,3,15000,45000,Retail
2025-10-11,South,Electronics,Tablet,3,20000,60000,Online
2025-02-27,West,Furniture,Chair,10,3000,30000,Retail
2024-08-27,South,Food,Sugar,8,50,400,Retail
2026-02-25,West,Food,Rice,4,100,400,Wholesale
2025-08-02,West,Food,Coffee,10,300,3000,Wholesale
2026-01-24,West,Food,Sugar,4,50,200,Retail
2024-09-24,East,Clothing,Kurta,8,800,6400,Online
2025-12-13,South,Food,Sugar,2,50,100,Wholesale
2025-08-21,West,Electronics,Laptop,10,45000,450000,Online
2025-04-12,West,Clothing,Jeans,5,1200,6000,Wholesale
2025-02-22,East,Electronics,Tablet,3,20000,60000,Retail
2025-02-27,North,Furniture,Bookshelf,3,4000,12000,Retail
2025-11-03,East,Food,Oil,4,200,800,Wholesale
2025-06-12,North,Electronics,Tablet,10,20000,200000,Wholesale
2024-07-08,East,Furniture,Chair,4,3000,12000,Retail
2026-04-04,West,Electronics,Tablet,2,20000,40000,Wholesale
2024-06-11,West,Clothing,Jeans,1,1200,1200,Retail
2024-07-03,South,Clothing,T-Shirt,8,500,4000,Retail
2026-03-24,South,Furniture,Bookshelf,7,4000,28000,Online
2024-11-12,East,Clothing,Saree,1,3000,3000,Online
2025-06-22,South,Food,Coffee,1,300,300,Wholesale
2025-05-24,East,Electronics,Headphones,9,2000,18000,Online
2026-02-02,East,Food,Oil,3,200,600,Wholesale
2026-04-10,North,Clothing,Jeans,6,1200,7200,Retail
2025-04-24,North,Clothing,Jeans,1,1200,1200,Wholesale
2025-12-26,East,Food,Sugar,1,50,50,Retail
2024-08-29,South,Clothing,Saree,6,3000,18000,Retail
2024-09-16,North,Clothing,T-Shirt,6,500,3000,Wholesale
2025-01-31,East,Furniture,Sofa,7,15000,105000,Wholesale
2025-03-05,West,Food,Coffee,6,300,1800,Wholesale
2025-07-09,West,Clothing,Jeans,6,1200,7200,Wholesale
2025-08-12,North,Food,Coffee,9,300,2700,Online
2025-03-31,East,Clothing,Jeans,3,1200,3600,Retail
2026-04-04,East,Furniture,Bookshelf,1,4000,4000,Wholesale
2026-04-22,North,Furniture,Bookshelf,4,4000,16000,Wholesale
2025-11-25,East,Electronics,Headphones,10,2000,20000,Retail
2026-03-19,South,Furniture,Sofa,9,15000,135000,Wholesale
2024-06-07,East,Furniture,Bookshelf,8,4000,32000,Wholesale
2025-05-07,South,Clothing,Saree,9,3000,27000,Wholesale
2024-07-09,East,Clothing,Saree,2,3000,6000,Retail
2026-04-18,East,Food,Coffee,3,300,900,Online
2025-05-01,North,Furniture,Table,6,5000,30000,Wholesale
2024-11-03,South,Clothing,Kurta,3,800,2400,Retail
2025-07-20,East,Clothing,Saree,3,3000,9000,Online
2026-04-09,North,Clothing,Jeans,3,1200,3600,Wholesale
2025-12-30,West,Furniture,Chair,2,3000,6000,Wholesale
2025-10-24,South,Furniture,Chair,4,3000,12000,Online
2025-08-20,East,Furniture,Table,7,5000,35000,Online
2024-08-23,West,Clothing,Saree,7,3000,21000,Online
2024-06-08,South,Electronics,Mobile Phone,9,15000,135000,Online
2025-08-11,South,Clothing,T-Shirt,1,500,500,Online
2026-01-05,North,Electronics,Headphones,1,2000,2000,Wholesale
2025-10-22,East,Food,Coffee,8,300,2400,Online
2025-02-21,South,Clothing,T-Shirt,10,500,5000,Wholesale
2024-09-05,South,Food,Sugar,1,50,50,Wholesale
2024-08-21,South,Electronics,Tablet,6,20000,120000,Wholesale
2025-04-24,East,Furniture,Chair,4,3000,12000,Wholesale
2026-06-03,North,Electronics,Headphones,2,2000,4000,Retail
2025-08-21,South,Food,Sugar,10,50,500,Retail
2024-10-09,East,Electronics,Headphones,3,2000,6000,Retail
2025-03-10,East,Electronics,Headphones,8,2000,16000,Online
2025-03-30,South,Electronics,Tablet,3,20000,60000,Online
2024-12-15,West,Food,Sugar,7,50,350,Wholesale
2025-08-05,North,Electronics,Laptop,2,45000,90000,Online
2025-01-24,East,Electronics,Headphones,5,2000,10000,Online
2025-05-04,West,Furniture,Table,4,5000,20000,Wholesale
2026-04-15,East,Clothing,Saree,2,3000,6000,Online
2026-03-13,East,Food,Coffee,10,300,3000,Retail
2024-11-27,South,Clothing,Kurta,8,800,6400,Online
2024-09-11,South,Furniture,Sofa,9,15000,135000,Wholesale
2024-10-24,North,Clothing,Saree,6,3000,18000,Wholesale
2024-09-19,East,Electronics,Tablet,5,20000,100000,Wholesale
2025-07-08,West,Clothing,Jeans,2,1200,2400,Online
2026-04-16,West,Food,Rice,6,100,600,Wholesale
2025-01-06,West,Food,Rice,5,100,500,Online
2024-09-03,North,Clothing,Kurta,6,800,4800,Online
2024-06-17,South,Electronics,Tablet,4,20000,80000,Online
2025-01-22,West,Food,Rice,9,100,900,Retail
2024-11-26,East,Clothing,T-Shirt,8,500,4000,Online
2025-03-10,West,Electronics,Tablet,3,20000,60000,Retail
2026-03-14,North,Electronics,Laptop,10,45000,450000,Retail
2025-06-21,North,Furniture,Bookshelf,6,4000,24000,Online
2025-06-08,West,Electronics,Laptop,6,45000,270000,Wholesale
2026-05-19,South,Furniture,Bookshelf,2,4000,8000,Wholesale
2026-05-07,North,Food,Coffee,1,300,300,Online
2024-10-16,East,Furniture,Chair,10,3000,30000,Wholesale
2024-09-18,West,Food,Rice,1,100,100,Retail
2026-03-06,East,Electronics,Tablet,9,20000,180000,Online
2026-04-01,North,Food,Oil,9,200,1800,Wholesale
2024-12-15,East,Furniture,Sofa,10,15000,150000,Wholesale
2024-11-30,West,Furniture,Bookshelf,4,4000,16000,Online
2024-07-23,South,Clothing,Kurta,5,800,4000,Wholesale
2025-03-21,South,Clothing,Jeans,10,1200,12000,Online
2025-07-07,North,Clothing,Saree,4,3000,12000,Retail
2024-09-12,South,Furniture,Sofa,9,15000,135000,Online
2025-02-28,South,Food,Oil,5,200,1000,Wholesale
2024-10-25,West,Electronics,Headphones,3,2000,6000,Retail
2026-03-27,South,Electronics,Headphones,2,2000,4000,Online
2024-11-07,East,Furniture,Sofa,1,15000,15000,Wholesale
2025-02-28,North,Clothing,Saree,3,3000,9000,Wholesale
2025-07-31,North,Food,Sugar,10,50,500,Online
2025-03-22,East,Electronics,Mobile Phone,6,15000,90000,Online
2025-01-21,East,Furniture,Chair,1,3000,3000,Wholesale
2025-04-13,North,Furniture,Chair,1,3000,3000,Wholesale
2025-09-26,South,Clothing,Jeans,4,1200,4800,Retail
2026-01-20,South,Electronics,Headphones,7,2000,14000,Online
2025-08-27,East,Clothing,Saree,7,3000,21000,Retail
2024-09-16,East,Clothing,Jeans,7,1200,8400,Wholesale
2026-01-01,South,Electronics,Tablet,10,20000,200000,Wholesale
2025-05-12,North,Electronics,Laptop,10,45000,450000,Retail
2024-11-10,South,Electronics,Tablet,3,20000,60000,Wholesale
2024-11-18,West,Clothing,Saree,5,3000,15000,Wholesale
2024-09-23,North,Furniture,Bookshelf,6,4000,24000,Online
2024-09-04,West,Furniture,Table,8,5000,40000,Wholesale
2025-06-12,West,Food,Sugar,6,50,300,Online
2024-10-25,North,Electronics,Tablet,5,20000,100000,Online
2024-12-29,North,Electronics,Laptop,9,45000,405000,Wholesale
2025-08-31,East,Clothing,T-Shirt,6,500,3000,Retail
2025-03-04,South,Clothing,Saree,8,3000,24000,Retail
2024-08-26,East,Furniture,Chair,1,3000,3000,Retail
2025-12-01,North,Electronics,Headphones,6,2000,12000,Online
2025-10-18,East,Food,Coffee,10,300,3000,Retail
2024-12-16,North,Food,Oil,3,200,600,Wholesale
2026-05-23,South,Clothing,T-Shirt,9,500,4500,Retail
2025-07-11,South,Electronics,Mobile Phone,9,15000,135000,Retail
2026-03-01,North,Electronics,Laptop,5,45000,225000,Wholesale
2024-12-23,East,Clothing,Jeans,7,1200,8400,Wholesale
2026-05-05,North,Furniture,Table,4,5000,20000,Retail
2025-05-10,East,Food,Coffee,1,300,300,Retail
2025-06-30,North,Food,Coffee,5,300,1500,Online
2025-09-21,South,Food,Rice,4,100,400,Retail
2026-04-17,South,Clothing,Saree,5,3000,15000,Online
2024-10-13,West,Food,Sugar,9,50,450,Wholesale
2025-03-23,South,Clothing,T-Shirt,6,500,3000,Wholesale
2025-11-15,East,Food,Coffee,7,300,2100,Retail
2026-03-05,South,Furniture,Bookshelf,6,4000,24000,Wholesale
2024-07-24,South,Clothing,Jeans,9,1200,10800,Wholesale
2025-06-04,South,Furniture,Chair,8,3000,24000,Online
2024-09-02,East,Electronics,Tablet,10,20000,200000,Wholesale
2024-06-27,South,Food,Oil,9,200,1800,Online
2024-08-12,East,Furniture,Bookshelf,6,4000,24000,Online
2025-10-11,North,Electronics,Laptop,4,45000,180000,Retail
2025-11-22,North,Furniture,Table,4,5000,20000,Wholesale
2026-02-20,West,Furniture,Bookshelf,2,4000,8000,Online
2025-02-09,West,Furniture,Bookshelf,2,4000,8000,Online
2025-01-24,East,Clothing,Saree,2,3000,6000,Online
2026-02-18,North,Food,Rice,10,100,1000,Online
2026-01-18,West,Furniture,Chair,4,3000,12000,Retail
2024-12-18,East,Furniture,Sofa,7,15000,105000,Retail
2025-05-10,West,Furniture,Chair,10,3000,30000,Retail
2024-11-04,North,Clothing,Saree,10,3000,30000,Wholesale
2025-03-25,South,Clothing,Jeans,6,1200,7200,Wholesale
2025-06-08,North,Electronics,Laptop,1,45000,45000,Wholesale
2025-01-28,East,Furniture,Sofa,2,15000,30000,Online
2025-12-31,North,Food,Oil,4,200,800,Retail
2025-06-19,North,Electronics,Tablet,5,20000,100000,Retail
2026-05-11,West,Food,Coffee,7,300,2100,Retail
2024-10-18,North,Food,Coffee,5,300,1500,Online
2025-04-17,West,Electronics,Laptop,4,45000,180000,Online
2026-01-05,East,Clothing,T-Shirt,4,500,2000,Online
2024-08-31,South,Food,Coffee,7,300,2100,Online
2024-10-14,East,Food,Coffee,2,300,600,Retail
2025-05-31,North,Clothing,Kurta,6,800,4800,Retail
2025-05-21,South,Clothing,T-Shirt,6,500,3000,Retail
2024-07-11,East,Furniture,Chair,1,3000,3000,Online
2025-11-11,East,Clothing,Jeans,8,1200,9600,Online
2026-05-28,East,Food,Rice,6,100,600,Online
2024-08-09,West,Electronics,Mobile Phone,4,15000,60000,Retail
2024-11-21,West,Food,Rice,10,100,1000,Wholesale
2025-02-08,South,Food,Oil,7,200,1400,Retail
2026-01-19,East,Electronics,Tablet,1,20000,20000,Retail
2025-05-07,East,Electronics,Mobile Phone,8,15000,120000,Online
2024-06-15,South,Clothing,Jeans,6,1200,7200,Online
2025-12-15,North,Clothing,T-Shirt,8,500,4000,Wholesale
2025-08-31,West,Food,Coffee,10,300,3000,Wholesale
2024-08-04,West,Electronics,Tablet,5,20000,100000,Retail
2024-08-07,West,Food,Sugar,4,50,200,Wholesale
2026-06-02,West,Food,Oil,6,200,1200,Online
2025-07-05,South,Food,Sugar,4,50,200,Online
2026-06-01,North,Clothing,Jeans,1,1200,1200,Online
2026-01-03,North,Clothing,Kurta,9,800,7200,Online
2024-09-19,East,Food,Sugar,10,50,500,Online
2025-07-04,North,Clothing,T-Shirt,2,500,1000,Retail
2026-04-22,West,Clothing,T-Shirt,5,500,2500,Retail
2024-10-29,South,Clothing,Saree,9,3000,27000,Wholesale
2024-09-16,West,Furniture,Sofa,7,15000,105000,Wholesale
2025-05-30,East,Electronics,Headphones,8,2000,16000,Wholesale
2025-09-11,North,Furniture,Bookshelf,10,4000,40000,Wholesale
2025-06-15,West,Electronics,Laptop,7,45000,315000,Retail
2025-01-16,West,Food,Oil,7,200,1400,Retail
2024-06-12,South,Electronics,Tablet,7,20000,140000,Online
2024-11-02,West,Clothing,Saree,1,3000,3000,Retail
2024-10-18,East,Furniture,Sofa,7,15000,105000,Retail
2025-12-30,East,Furniture,Chair,9,3000,27000,Retail
2026-04-19,South,Food,Oil,9,200,1800,Wholesale
2025-06-05,East,Clothing,Kurta,10,800,8000,Wholesale
2025-02-05,South,Clothing,Kurta,4,800,3200,Wholesale
2026-04-25,West,Furniture,Bookshelf,9,4000,36000,Online
2025-01-28,West,Food,Rice,4,100,400,Retail
2024-08-08,West,Clothing,T-Shirt,4,500,2000,Wholesale
2025-08-27,East,Clothing,T-Shirt,7,500,3500,Retail
2025-12-19,East,Clothing,Saree,2,3000,6000,Wholesale
2025-03-08,West,Furniture,Sofa,1,15000,15000,Online
2025-12-08,North,Clothing,T-Shirt,1,500,500,Online
2024-06-08,East,Electronics,Tablet,10,20000,200000,Retail
2024-11-21,West,Furniture,Sofa,7,15000,105000,Online
2025-09-07,West,Clothing,Saree,1,3000,3000,Retail
2025-09-04,North,Food,Rice,2,100,200,Wholesale
2026-05-08,South,Clothing,T-Shirt,9,500,4500,Wholesale
2025-04-29,West,Food,Sugar,3,50,150,Online
2026-01-05,West,Furniture,Chair,8,3000,24000,Online
2025-12-12,West,Furniture,Chair,7,3000,21000,Wholesale
2024-07-09,West,Electronics,Mobile Phone,6,15000,90000,Wholesale
2025-05-06,South,Furniture,Bookshelf,2,4000,8000,Wholesale
2025-07-11,East,Furniture,Table,7,5000,35000,Wholesale
2024-11-09,South,Clothing,Kurta,5,800,4000,Wholesale
2025-11-20,North,Clothing,Saree,9,3000,27000,Wholesale
2024-09-14,East,Food,Coffee,7,300,2100,Online
2026-04-09,West,Furniture,Table,8,5000,40000,Retail
2025-01-24,North,Clothing,T-Shirt,10,500,5000,Wholesale
2025-07-08,North,Clothing,Saree,2,3000,6000,Wholesale
2024-09-21,North,Electronics,Mobile Phone,5,15000,75000,Online
2025-12-25,West,Clothing,T-Shirt,9,500,4500,Wholesale
2025-01-16,East,Clothing,Kurta,7,800,5600,Retail
2026-03-31,South,Electronics,Tablet,3,20000,60000,Online
2026-05-20,North,Furniture,Chair,6,3000,18000,Wholesale
2025-01-16,North,Clothing,Kurta,9,800,7200,Online
2026-02-28,East,Furniture,Table,2,5000,10000,Wholesale
2026-01-29,South,Food,Sugar,8,50,400,Online
2024-10-17,East,Electronics,Headphones,6,2000,12000,Online
2025-03-06,South,Furniture,Table,7,5000,35000,Wholesale
2025-09-05,South,Electronics,Laptop,2,45000,90000,Online
2024-11-20,East,Electronics,Mobile Phone,8,15000,120000,Wholesale
2025-06-29,East,Electronics,Tablet,4,20000,80000,Wholesale
2026-01-20,West,Electronics,Headphones,9,2000,18000,Online
2025-11-01,South,Furniture,Sofa,4,15000,60000,Online
2024-07-23,East,Clothing,Kurta,10,800,8000,Wholesale
2024-11-11,East,Clothing,Jeans,6,1200,7200,Online
2025-08-03,North,Electronics,Mobile Phone,10,15000,150000,Wholesale
2024-06-21,North,Food,Sugar,3,50,150,Wholesale
2025-02-01,North,Furniture,Bookshelf,10,4000,40000,Online
2024-09-16,South,Electronics,Laptop,2,45000,90000,Wholesale
2026-05-19,West,Electronics,Headphones,4,2000,8000,Retail
2025-07-29,South,Food,Oil,6,200,1200,Wholesale
2024-12-01,South,Food,Oil,7,200,1400,Wholesale
2025-12-24,West,Electronics,Mobile Phone,2,15000,30000,Online
2025-09-16,South,Electronics,Headphones,7,2000,14000,Online
2025-03-20,South,Furniture,Chair,5,3000,15000,Retail
2025-06-14,West,Furniture,Sofa,10,15000,150000,Wholesale
2025-10-15,East,Clothing,Jeans,10,1200,12000,Online
2025-09-25,South,Furniture,Bookshelf,4,4000,16000,Retail
2025-04-20,South,Food,Oil,2,200,400,Wholesale
2024-10-29,South,Clothing,Kurta,7,800,5600,Wholesale
2024-07-23,North,Food,Oil,5,200,1000,Wholesale
2026-01-25,West,Food,Sugar,7,50,350,Retail
2024-09-16,West,Clothing,T-Shirt,7,500,3500,Online
2026-05-05,North,Electronics,Headphones,8,2000,16000,Online
2026-01-09,South,Clothing,Jeans,5,1200,6000,Online
2025-10-03,North,Furniture,Bookshelf,1,4000,4000,Online
2025-12-12,North,Furniture,Chair,6,3000,18000,Retail
2025-06-27,West,Furniture,Table,2,5000,10000,Online
2024-06-03,South,Clothing,Saree,7,3000,21000,Retail
2025-04-25,West,Furniture,Table,2,5000,10000,Online
2026-01-24,South,Food,Oil,9,200,1800,Wholesale
2025-11-27,East,Furniture,Table,7,5000,35000,Retail
2025-02-11,South,Clothing,Saree,1,3000,3000,Online
2025-09-16,West,Electronics,Laptop,4,45000,180000,Retail
2025-08-22,South,Clothing,Jeans,5,1200,6000,Online
2025-04-01,East,Furniture,Sofa,2,15000,30000,Retail
2025-09-10,West,Clothing,Jeans,4,1200,4800,Retail
2024-08-23,South,Electronics,Tablet,8,20000,160000,Online
2025-02-25,West,Food,Oil,7,200,1400,Retail
2025-06-23,South,Food,Oil,4,200,800,Wholesale
2024-11-07,South,Food,Sugar,10,50,500,Retail
2025-04-11,East,Food,Coffee,6,300,1800,Online
2026-04-18,East,Clothing,Saree,1,3000,3000,Online
2026-01-29,West,Clothing,Saree,4,3000,12000,Retail
2025-08-27,South,Food,Coffee,7,300,2100,Retail
2025-10-05,South,Clothing,T-Shirt,3,500,1500,Retail
2025-03-19,West,Furniture,Chair,5,3000,15000,Retail
2024-07-11,East,Furniture,Sofa,8,15000,120000,Online
2026-03-09,North,Electronics,Laptop,7,45000,315000,Retail
2024-12-20,South,Food,Oil,7,200,1400,Wholesale
2025-11-18,South,Clothing,Jeans,2,1200,2400,Online
2024-11-21,North,Furniture,Chair,7,3000,21000,Online
2025-01-16,West,Furniture,Sofa,8,15000,120000,Retail
2025-10-23,East,Electronics,Headphones,8,2000,16000,Online
2025-12-09,North,Furniture,Sofa,2,15000,30000,Online
2026-05-20,East,Clothing,Saree,5,3000,15000,Wholesale
2025-10-11,West,Food,Coffee,8,300,2400,Online
2025-06-29,North,Food,Oil,4,200,800,Wholesale
2025-04-23,West,Clothing,Saree,8,3000,24000,Online
2024-06-05,South,Clothing,T-Shirt,10,500,5000,Wholesale
2024-07-12,East,Clothing,T-Shirt,5,500,2500,Wholesale
2024-08-06,North,Furniture,Bookshelf,4,4000,16000,Wholesale
2024-08-02,South,Clothing,Jeans,4,1200,4800,Retail
2024-07-12,North,Furniture,Bookshelf,5,4000,20000,Wholesale
2025-08-11,West,Clothing,Kurta,2,800,1600,Retail
2025-01-29,South,Electronics,Tablet,4,20000,80000,Retail
2024-10-09,North,Food,Coffee,4,300,1200,Online
2026-02-06,South,Furniture,Bookshelf,5,4000,20000,Retail
2025-06-13,West,Food,Sugar,6,50,300,Retail
2025-05-03,North,Electronics,Tablet,10,20000,200000,Online
2024-06-21,North,Clothing,T-Shirt,2,500,1000,Wholesale
2026-01-13,West,Electronics,Tablet,3,20000,60000,Online
2025-02-17,West,Food,Coffee,9,300,2700,Retail
2025-09-24,South,Furniture,Sofa,6,15000,90000,Wholesale
2026-04-19,East,Food,Rice,10,100,1000,Online
2025-06-25,West,Electronics,Tablet,1,20000,20000,Wholesale
2025-04-04,West,Food,Rice,3,100,300,Retail
2026-01-24,North,Furniture,Sofa,2,15000,30000,Retail
2025-12-24,South,Furniture,Sofa,4,15000,60000,Wholesale
2025-10-28,East,Furniture,Chair,8,3000,24000,Wholesale
2025-07-16,West,Food,Sugar,7,50,350,Wholesale
2025-09-24,East,Clothing,Saree,1,3000,3000,Wholesale
2026-01-27,East,Food,Rice,1,100,100,Retail
2024-11-19,South,Electronics,Mobile Phone,9,15000,135000,Wholesale
2026-05-11,West,Furniture,Chair,7,3000,21000,Online
2025-10-24,North,Electronics,Tablet,9,20000,180000,Wholesale
2025-04-17,West,Clothing,Saree,8,3000,24000,Online
2025-11-08,North,Food,Oil,5,200,1000,Wholesale
2024-06-03,West,Clothing,Jeans,9,1200,10800,Online
2026-06-02,North,Furniture,Sofa,7,15000,105000,Wholesale
2025-01-05,West,Electronics,Headphones,1,2000,2000,Wholesale
2025-05-01,North,Food,Rice,2,100,200,Online
2024-12-21,South,Food,Oil,1,200,200,Retail
2025-07-27,North,Food,Coffee,5,300,1500,Wholesale
2026-05-12,South,Clothing,Kurta,10,800,8000,Wholesale
2025-12-10,South,Electronics,Headphones,7,2000,14000,Online
2024-11-25,East,Furniture,Chair,7,3000,21000,Wholesale
2026-05-28,East,Electronics,Mobile Phone,4,15000,60000,Online
2025-02-24,North,Furniture,Bookshelf,6,4000,24000,Retail
2026-05-31,East,Furniture,Chair,5,3000,15000,Wholesale
2024-07-10,South,Electronics,Tablet,10,20000,200000,Retail
2024-12-18,East,Furniture,Chair,4,3000,12000,Retail
2024-12-14,South,Food,Rice,8,100,800,Online
2024-09-18,West,Food,Oil,7,200,1400,Online
2024-07-20,North,Food,Oil,6,200,1200,Wholesale
2024-07-31,South,Clothing,Kurta,2,800,1600,Wholesale
2025-07-19,East,Electronics,Headphones,6,2000,12000,Online
2024-12-13,East,Food,Oil,1,200,200,Wholesale
2025-01-06,East,Clothing,T-Shirt,8,500,4000,Online
2024-10-08,West,Furniture,Chair,5,3000,15000,Wholesale
2025-01-05,South,Electronics,Tablet,1,20000,20000,Online
2025-12-03,South,Electronics,Mobile Phone,8,15000,120000,Retail
2024-11-12,North,Electronics,Mobile Phone,3,15000,45000,Retail
2024-09-21,East,Food,Sugar,8,50,400,Wholesale
2026-01-25,West,Furniture,Chair,9,3000,27000,Online
2025-01-26,East,Furniture,Table,5,5000,25000,Retail
2024-10-24,South,Clothing,T-Shirt,5,500,2500,Online
2024-12-24,South,Electronics,Tablet,3,20000,60000,Wholesale
2024-07-07,West,Electronics,Mobile Phone,10,15000,150000,Online
2025-08-20,West,Electronics,Headphones,3,2000,6000,Wholesale
2024-09-12,North,Electronics,Headphones,9,2000,18000,Wholesale
2024-08-07,East,Electronics,Headphones,9,2000,18000,Retail
2025-11-20,South,Furniture,Chair,3,3000,9000,Online
2026-05-27,North,Furniture,Sofa,7,15000,105000,Online
2025-03-02,North,Food,Oil,4,200,800,Wholesale
2024-07-02,South,Food,Oil,6,200,1200,Wholesale
2025-12-10,North,Furniture,Table,4,5000,20000,Online
2024-09-25,East,Clothing,Kurta,1,800,800,Wholesale
2025-12-29,North,Electronics,Mobile Phone,3,15000,45000,Retail
2025-12-07,North,Clothing,Kurta,4,800,3200,Wholesale
2025-01-13,South,Clothing,Kurta,1,800,800,Retail
2025-05-08,West,Clothing,Jeans,4,1200,4800,Retail
2025-04-03,North,Electronics,Mobile Phone,4,15000,60000,Wholesale
2025-10-15,North,Food,Oil,5,200,1000,Wholesale
2025-06-26,South,Electronics,Tablet,5,20000,100000,Wholesale
2026-03-24,North,Food,Oil,1,200,200,Wholesale
2025-06-30,West,Furniture,Bookshelf,9,4000,36000,Retail
2025-07-23,West,Furniture,Bookshelf,4,4000,16000,Online
2025-05-13,East,Electronics,Tablet,9,20000,180000,Retail
2026-02-26,East,Furniture,Bookshelf,7,4000,28000,Wholesale
2025-03-30,West,Food,Coffee,4,300,1200,Online
2025-12-29,East,Furniture,Sofa,6,15000,90000,Retail
2025-09-19,West,Clothing,T-Shirt,8,500,4000,Online
2024-06-25,West,Food,Rice,5,100,500,Retail
2026-01-31,West,Furniture,Table,3,5000,15000,Retail
2024-08-02,North,Food,Rice,10,100,1000,Retail
2025-06-30,South,Clothing,Kurta,2,800,1600,Wholesale
2026-03-02,East,Food,Rice,4,100,400,Retail
2026-02-14,North,Electronics,Tablet,10,20000,200000,Retail
2026-03-07,West,Furniture,Bookshelf,6,4000,24000,Retail
2024-07-24,East,Furniture,Bookshelf,5,4000,20000,Retail
2024-06-16,North,Food,Sugar,7,50,350,Online
2025-02-16,East,Electronics,Headphones,5,2000,10000,Online
2025-07-06,East,Food,Rice,5,100,500,Retail
2024-12-25,East,Food,Coffee,1,300,300,Retail
2025-07-15,South,Food,Rice,10,100,1000,Wholesale
2024-08-13,West,Electronics,Laptop,10,45000,450000,Retail
2025-09-14,South,Furniture,Table,4,5000,20000,Online
2024-08-13,West,Furniture,Table,8,5000,40000,Wholesale
2025-06-09,North,Clothing,Jeans,9,1200,10800,Online
2026-04-29,East,Food,Rice,8,100,800,Wholesale
2024-12-15,West,Electronics,Mobile Phone,6,15000,90000,Online
2026-03-07,East,Furniture,Sofa,3,15000,45000,Online
2025-01-23,West,Electronics,Tablet,2,20000,40000,Online
2025-11-28,South,Furniture,Table,7,5000,35000,Wholesale
2024-12-25,South,Clothing,Kurta,2,800,1600,Wholesale
2025-10-26,South,Food,Sugar,7,50,350,Online
2024-12-09,West,Food,Rice,9,100,900,Online
2024-12-14,South,Furniture,Bookshelf,9,4000,36000,Online
2026-02-09,South,Clothing,Jeans,8,1200,9600,Wholesale
2024-06-25,North,Electronics,Laptop,10,45000,450000,Wholesale
2026-04-23,North,Electronics,Laptop,8,45000,360000,Wholesale
2024-09-23,West,Clothing,T-Shirt,7,500,3500,Wholesale
2025-11-28,South,Electronics,Laptop,4,45000,180000,Wholesale
2025-05-04,West,Electronics,Headphones,9,2000,18000,Retail
2025-05-05,South,Electronics,Headphones,10,2000,20000,Retail
2024-07-27,East,Clothing,Saree,1,3000,3000,Online
2026-02-18,East,Furniture,Chair,4,3000,12000,Retail
2025-07-07,West,Electronics,Laptop,10,45000,450000,Online
2026-04-05,West,Food,Rice,10,100,1000,Online
2025-03-01,West,Furniture,Sofa,6,15000,90000,Online
2024-10-16,North,Electronics,Laptop,9,45000,405000,Retail
2026-01-08,West,Food,Oil,7,200,1400,Online
2026-01-06,East,Furniture,Chair,9,3000,27000,Online
2025-06-10,East,Food,Coffee,4,300,1200,Retail
2024-09-22,North,Electronics,Headphones,1,2000,2000,Retail
2026-05-31,West,Food,Rice,6,100,600,Retail
2026-02-16,East,Food,Coffee,7,300,2100,Retail
2025-12-31,West,Furniture,Chair,4,3000,12000,Wholesale
2026-06-03,West,Furniture,Bookshelf,2,4000,8000,Online
2025-05-29,West,Furniture,Chair,9,3000,27000,Retail
2025-09-24,West,Furniture,Chair,5,3000,15000,Retail
2026-04-20,North,Food,Coffee,2,300,600,Retail
2024-06-11,South,Electronics,Tablet,5,20000,100000,Retail
2026-03-13,South,Electronics,Laptop,8,45000,360000,Online
2024-11-08,West,Electronics,Laptop,7,45000,315000,Retail
2025-06-07,North,Electronics,Tablet,7,20000,140000,Online
2024-06-06,North,Furniture,Table,5,5000,25000,Retail
2025-11-21,West,Furniture,Bookshelf,7,4000,28000,Retail
2025-06-20,East,Electronics,Laptop,2,45000,90000,Wholesale
2025-01-14,East,Furniture,Sofa,1,15000,15000,Retail
2025-04-23,East,Electronics,Mobile Phone,8,15000,120000,Online
2026-06-01,West,Clothing,T-Shirt,9,500,4500,Wholesale
2025-11-22,West,Food,Rice,7,100,700,Wholesale
2026-05-23,North,Clothing,Jeans,2,1200,2400,Online
2025-02-06,West,Clothing,T-Shirt,8,500,4000,Retail
2025-04-01,West,Food,Oil,5,200,1000,Wholesale
2025-07-27,North,Furniture,Table,7,5000,35000,Retail
2025-07-14,West,Furniture,Sofa,8,15000,120000,Wholesale
2025-10-14,West,Electronics,Tablet,5,20000,100000,Retail
2025-05-02,West,Furniture,Table,8,5000,40000,Online
2024-11-15,East,Electronics,Tablet,10,20000,200000,Online
2026-05-25,North,Food,Rice,6,100,600,Retail
2024-12-01,South,Electronics,Mobile Phone,5,15000,75000,Wholesale
2025-10-05,North,Electronics,Headphones,5,2000,10000,Wholesale
2025-02-17,North,Food,Oil,7,200,1400,Retail
2026-06-03,South,Electronics,Headphones,2,2000,4000,Retail
2026-04-29,South,Electronics,Tablet,5,20000,100000,Retail
2025-08-11,East,Food,Coffee,6,300,1800,Retail
2024-11-09,West,Food,Coffee,5,300,1500,Wholesale
2026-03-26,West,Furniture,Sofa,2,15000,30000,Retail
2025-11-03,East,Electronics,Headphones,10,2000,20000,Retail
2025-05-01,North,Electronics,Mobile Phone,3,15000,45000,Wholesale
2026-02-07,East,Electronics,Headphones,2,2000,4000,Wholesale
2026-01-29,East,Electronics,Headphones,7,2000,14000,Online
2025-12-13,West,Furniture,Sofa,2,15000,30000,Online
2026-02-23,South,Furniture,Table,6,5000,30000,Online
2025-12-08,North,Clothing,T-Shirt,3,500,1500,Retail
2024-06-03,East,Clothing,Kurta,8,800,6400,Wholesale
2025-12-11,South,Clothing,Saree,4,3000,12000,Retail
2025-01-12,East,Furniture,Table,7,5000,35000,Retail
2025-12-06,South,Electronics,Mobile Phone,9,15000,135000,Wholesale
2025-09-19,North,Electronics,Headphones,5,2000,10000,Wholesale
2024-11-11,South,Furniture,Bookshelf,9,4000,36000,Wholesale
2025-01-29,North,Clothing,Kurta,4,800,3200,Retail
2024-10-12,East,Electronics,Tablet,6,20000,120000,Wholesale
2025-01-03,East,Clothing,Saree,8,3000,24000,Online
2026-03-15,East,Furniture,Sofa,6,15000,90000,Online
2025-05-22,North,Food,Oil,6,200,1200,Retail
2024-12-14,East,Electronics,Headphones,4,2000,8000,Online
2024-12-03,South,Clothing,Jeans,9,1200,10800,Retail
2026-04-08,North,Electronics,Headphones,6,2000,12000,Online
2024-06-03,South,Electronics,Tablet,2,20000,40000,Online
2024-12-24,South,Food,Oil,7,200,1400,Online
2025-01-14,North,Clothing,Kurta,5,800,4000,Retail
2025-11-30,East,Electronics,Mobile Phone,5,15000,75000,Wholesale
2025-09-15,South,Clothing,Kurta,4,800,3200,Online
2025-01-24,South,Clothing,T-Shirt,3,500,1500,Retail
2026-03-28,South,Food,Sugar,5,50,250,Retail
2025-01-26,North,Clothing,Kurta,8,800,6400,Retail
2026-01-02,East,Clothing,Kurta,8,800,6400,Retail
2025-10-04,West,Furniture,Chair,2,3000,6000,Wholesale
2025-06-10,North,Food,Oil,1,200,200,Retail
2024-11-12,West,Electronics,Tablet,1,20000,20000,Retail
2026-03-05,North,Clothing,Jeans,2,1200,2400,Online
2026-03-30,North,Food,Sugar,7,50,350,Wholesale
2025-02-14,East,Furniture,Sofa,8,15000,120000,Online
2024-07-30,South,Electronics,Headphones,10,2000,20000,Retail
2024-10-16,South,Electronics,Headphones,5,2000,10000,Wholesale
2025-02-06,East,Electronics,Mobile Phone,10,15000,150000,Online
2024-10-24,South,Electronics,Tablet,8,20000,160000,Wholesale
2025-06-26,South,Electronics,Headphones,5,2000,10000,Retail
2024-08-23,East,Food,Coffee,8,300,2400,Online
2025-11-07,South,Clothing,T-Shirt,7,500,3500,Online
2026-04-30,South,Food,Sugar,10,50,500,Retail
2026-02-26,East,Food,Oil,3,200,600,Wholesale
2025-01-23,East,Food,Rice,7,100,700,Online
2024-07-01,West,Clothing,Saree,6,3000,18000,Online
2024-12-17,West,Food,Coffee,7,300,2100,Retail
2025-09-26,South,Clothing,T-Shirt,4,500,2000,Retail
2025-01-16,East,Electronics,Laptop,1,45000,45000,Online
2026-04-19,South,Food,Sugar,4,50,200,Online
2025-04-19,West,Clothing,Saree,9,3000,27000,Online
2025-07-23,West,Electronics,Laptop,5,45000,225000,Online
2025-09-14,South,Furniture,Chair,6,3000,18000,Retail
2024-06-11,South,Food,Sugar,7,50,350,Wholesale
2025-04-30,North,Furniture,Sofa,9,15000,135000,Retail
2025-05-02,East,Food,Oil,9,200,1800,Online
2026-02-08,South,Food,Sugar,6,50,300,Wholesale
2025-08-23,South,Electronics,Mobile Phone,3,15000,45000,Online
2025-10-08,West,Food,Rice,2,100,200,Online
2025-03-23,North,Clothing,Kurta,7,800,5600,Wholesale
2026-02-28,East,Electronics,Mobile Phone,9,15000,135000,Retail
2026-02-12,East,Electronics,Tablet,5,20000,100000,Retail
2025-01-25,North,Clothing,Kurta,3,800,2400,Wholesale
2025-04-26,East,Clothing,T-Shirt,1,500,500,Wholesale
2024-09-02,West,Furniture,Table,8,5000,40000,Retail
2025-02-26,South,Clothing,Jeans,8,1200,9600,Retail
2026-03-21,West,Furniture,Table,8,5000,40000,Online
2025-05-07,North,Food,Rice,8,100,800,Online
2024-09-11,South,Electronics,Laptop,4,45000,180000,Wholesale
2024-09-28,South,Electronics,Mobile Phone,8,15000,120000,Wholesale
2024-06-27,South,Furniture,Table,3,5000,15000,Online
2025-08-19,East,Clothing,Saree,3,3000,9000,Retail
2025-10-29,West,Electronics,Tablet,3,20000,60000,Wholesale
2025-07-12,East,Food,Rice,3,100,300,Retail
2026-03-24,North,Electronics,Laptop,3,45000,135000,Retail
2026-04-14,West,Food,Sugar,9,50,450,Wholesale
2025-06-15,North,Furniture,Table,6,5000,30000,Retail
2025-11-17,North,Electronics,Mobile Phone,10,15000,150000,Online
2025-08-03,East,Food,Rice,6,100,600,Wholesale
2024-09-13,North,Electronics,Laptop,5,45000,225000,Online
2025-06-09,North,Clothing,T-Shirt,3,500,1500,Retail
2024-07-15,North,Clothing,Saree,4,3000,12000,Online
2024-08-15,South,Clothing,Saree,7,3000,21000,Wholesale
2024-10-31,East,Food,Rice,7,100,700,Wholesale
2025-07-12,South,Clothing,Kurta,6,800,4800,Retail
2024-07-04,North,Food,Sugar,6,50,300,Wholesale
2025-03-30,South,Clothing,Saree,9,3000,27000,Wholesale
2024-09-23,East,Food,Oil,3,200,600,Retail
2025-03-27,East,Clothing,Jeans,7,1200,8400,Wholesale
2025-07-31,South,Electronics,Tablet,10,20000,200000,Wholesale
2025-08-19,East,Food,Rice,4,100,400,Retail
2024-11-02,South,Electronics,Tablet,9,20000,180000,Online
2026-05-13,South,Electronics,Headphones,8,2000,16000,Online
2025-12-14,South,Electronics,Headphones,8,2000,16000,Retail
2026-04-11,South,Food,Rice,7,100,700,Wholesale
2025-11-25,North,Clothing,Saree,10,3000,30000,Online
2025-08-05,North,Clothing,Kurta,6,800,4800,Online
2025-01-11,North,Food,Sugar,2,50,100,Wholesale
2025-04-08,West,Furniture,Chair,8,3000,24000,Wholesale
2025-01-12,South,Clothing,Saree,3,3000,9000,Online
2024-06-09,West,Clothing,T-Shirt,8,500,4000,Retail
2026-01-16,West,Electronics,Mobile Phone,8,15000,120000,Retail
2025-10-09,West,Furniture,Sofa,9,15000,135000,Online
2025-02-26,North,Clothing,T-Shirt,4,500,2000,Wholesale
2025-10-16,East,Clothing,Kurta,4,800,3200,Online
2025-02-02,West,Furniture,Chair,8,3000,24000,Retail
2025-03-26,West,Food,Sugar,2,50,100,Retail
2026-03-22,North,Electronics,Tablet,10,20000,200000,Online
2024-08-01,West,Electronics,Laptop,9,45000,405000,Wholesale
2025-04-05,North,Food,Rice,8,100,800,Wholesale
2026-02-28,East,Electronics,Tablet,2,20000,40000,Wholesale
2026-01-07,North,Electronics,Headphones,1,2000,2000,Online
2025-02-15,South,Furniture,Bookshelf,7,4000,28000,Retail
2024-07-30,South,Electronics,Laptop,9,45000,405000,Online
2026-05-18,South,Furniture,Bookshelf,5,4000,20000,Retail
2024-12-11,West,Electronics,Laptop,1,45000,45000,Wholesale
2024-09-28,South,Food,Coffee,5,300,1500,Online
2024-12-21,West,Furniture,Chair,4,3000,12000,Retail
2025-07-20,West,Food,Rice,5,100,500,Retail
2025-06-17,South,Food,Oil,2,200,400,Wholesale
2025-10-25,North,Electronics,Tablet,4,20000,80000,Online
2025-11-13,West,Furniture,Table,1,5000,5000,Retail
2025-07-07,South,Electronics,Mobile Phone,6,15000,90000,Retail
2025-02-12,East,Clothing,Saree,2,3000,6000,Wholesale
2025-05-14,East,Electronics,Mobile Phone,8,15000,120000,Retail
2025-07-25,South,Electronics,Mobile Phone,4,15000,60000,Online
2026-01-30,North,Electronics,Mobile Phone,8,15000,120000,Online
2025-11-24,North,Furniture,Chair,7,3000,21000,Online
2026-05-13,South,Clothing,Kurta,4,800,3200,Online
2026-03-06,South,Furniture,Bookshelf,9,4000,36000,Wholesale
2026-04-01,South,Furniture,Sofa,10,15000,150000,Retail
2024-06-17,East,Food,Coffee,3,300,900,Retail
2026-05-19,North,Furniture,Bookshelf,5,4000,20000,Online
2026-03-05,East,Furniture,Table,10,5000,50000,Online
2026-05-08,South,Clothing,T-Shirt,6,500,3000,Online
2025-08-20,East,Food,Oil,6,200,1200,Wholesale
2026-03-04,East,Electronics,Mobile Phone,5,15000,75000,Retail
2024-11-27,North,Food,Rice,3,100,300,Online
2025-06-14,East,Electronics,Mobile Phone,3,15000,45000,Retail
2024-09-20,West,Clothing,Jeans,10,1200,12000,Online
2024-08-29,South,Food,Rice,8,100,800,Retail
2024-08-01,South,Clothing,Kurta,10,800,8000,Retail
2024-09-10,West,Clothing,T-Shirt,9,500,4500,Wholesale
2026-02-14,North,Food,Rice,8,100,800,Online
2024-07-17,West,Electronics,Headphones,8,2000,16000,Retail
2024-12-29,West,Clothing,T-Shirt,2,500,1000,Wholesale
2024-10-29,West,Food,Coffee,8,300,2400,Wholesale
2025-11-23,East,Food,Oil,1,200,200,Retail
2025-09-08,East,Furniture,Sofa,2,15000,30000,Online
2025-06-08,North,Furniture,Table,4,5000,20000,Wholesale
2025-10-18,East,Furniture,Sofa,5,15000,75000,Wholesale
2026-05-22,North,Furniture,Bookshelf,7,4000,28000,Online
2026-02-10,South,Furniture,Bookshelf,4,4000,16000,Retail
2025-01-30,West,Furniture,Table,2,5000,10000,Retail
2025-02-21,South,Furniture,Sofa,5,15000,75000,Wholesale
2025-07-27,South,Food,Sugar,2,50,100,Online
2025-12-18,West,Food,Coffee,3,300,900,Wholesale
2025-04-14,East,Furniture,Table,7,5000,35000,Online
2025-02-05,East,Electronics,Tablet,2,20000,40000,Retail
2025-04-06,South,Furniture,Bookshelf,9,4000,36000,Online
2025-04-02,North,Furniture,Table,3,5000,15000,Online
2025-10-07,South,Electronics,Headphones,3,2000,6000,Retail
2026-05-27,North,Furniture,Table,5,5000,25000,Wholesale
2025-07-04,West,Electronics,Laptop,10,45000,450000,Online
2024-11-03,West,Furniture,Sofa,2,15000,30000,Online
2024-12-17,East,Electronics,Headphones,6,2000,12000,Wholesale
2026-02-04,East,Food,Rice,7,100,700,Retail
2026-02-28,West,Electronics,Headphones,5,2000,10000,Wholesale
2024-11-30,South,Clothing,T-Shirt,10,500,5000,Wholesale
2026-05-17,West,Clothing,Saree,1,3000,3000,Retail
2024-07-07,West,Clothing,Jeans,9,1200,10800,Online
2026-05-26,North,Clothing,T-Shirt,1,500,500,Online
2025-01-13,West,Food,Rice,8,100,800,Wholesale
2025-10-24,East,Clothing,Jeans,5,1200,6000,Wholesale
2025-07-10,South,Clothing,Saree,9,3000,27000,Wholesale
2024-11-06,North,Food,Sugar,7,50,350,Online
2024-08-23,South,Furniture,Sofa,1,15000,15000,Online
2026-01-04,North,Furniture,Sofa,10,15000,150000,Retail
2024-07-06,South,Clothing,T-Shirt,9,500,4500,Wholesale
2025-02-13,South,Electronics,Headphones,5,2000,10000,Wholesale
2025-11-11,North,Food,Rice,2,100,200,Online
2024-12-17,East,Furniture,Bookshelf,2,4000,8000,Online
2025-05-29,West,Clothing,Kurta,9,800,7200,Retail
2025-01-17,West,Clothing,Jeans,9,1200,10800,Retail
2025-09-09,South,Electronics,Mobile Phone,6,15000,90000,Wholesale
2024-12-30,East,Furniture,Table,10,5000,50000,Wholesale
2025-11-29,West,Electronics,Mobile Phone,3,15000,45000,Online
2025-10-29,South,Furniture,Table,2,5000,10000,Wholesale
2025-08-04,West,Electronics,Tablet,9,20000,180000,Wholesale
2025-10-11,North,Food,Oil,10,200,2000,Retail
2025-10-18,East,Electronics,Mobile Phone,4,15000,60000,Online
2026-01-22,East,Food,Rice,9,100,900,Retail
2025-02-03,South,Food,Rice,7,100,700,Wholesale
2025-11-01,South,Food,Sugar,7,50,350,Retail
2025-06-16,North,Clothing,Saree,9,3000,27000,Online
2026-04-02,South,Furniture,Table,9,5000,45000,Wholesale
2026-03-04,East,Furniture,Chair,10,3000,30000,Wholesale
2026-02-15,East,Furniture,Bookshelf,9,4000,36000,Retail
2026-02-19,East,Clothing,Saree,5,3000,15000,Retail
2024-09-03,South,Clothing,Saree,4,3000,12000,Wholesale
2024-10-29,South,Clothing,Kurta,2,800,1600,Retail
2024-10-10,West,Food,Rice,1,100,100,Retail
2025-09-16,North,Food,Sugar,5,50,250,Retail
2024-10-12,South,Electronics,Mobile Phone,7,15000,105000,Online
2025-08-01,West,Food,Sugar,10,50,500,Retail
2025-08-02,North,Food,Coffee,7,300,2100,Online
2024-08-05,North,Clothing,T-Shirt,4,500,2000,Wholesale
2024-11-11,West,Furniture,Table,4,5000,20000,Online
2024-12-08,North,Furniture,Sofa,1,15000,15000,Wholesale
2026-04-19,East,Food,Coffee,3,300,900,Online
2025-03-28,East,Electronics,Laptop,5,45000,225000,Retail
2025-02-27,North,Clothing,Kurta,8,800,6400,Online
2024-11-12,East,Electronics,Tablet,3,20000,60000,Wholesale
2025-10-03,East,Food,Coffee,10,300,3000,Wholesale
2024-06-23,North,Food,Oil,6,200,1200,Online
2025-01-17,East,Electronics,Mobile Phone,1,15000,15000,Retail
2024-08-18,East,Electronics,Laptop,4,45000,180000,Wholesale
2025-06-14,East,Electronics,Laptop,4,45000,180000,Online
2024-07-09,East,Electronics,Laptop,8,45000,360000,Online
2024-08-27,East,Clothing,Kurta,7,800,5600,Online
2024-08-03,South,Food,Oil,4,200,800,Wholesale
2024-10-31,West,Clothing,Saree,10,3000,30000,Retail
2025-06-06,North,Electronics,Laptop,2,45000,90000,Retail
2025-02-27,East,Furniture,Bookshelf,5,4000,20000,Online
2026-05-24,South,Furniture,Table,5,5000,25000,Online
2025-01-10,North,Furniture,Chair,10,3000,30000,Online
2025-08-05,North,Clothing,T-Shirt,3,500,1500,Wholesale
2024-08-25,West,Electronics,Mobile Phone,6,15000,90000,Online
2025-02-17,East,Clothing,Jeans,8,1200,9600,Online
2026-02-13,South,Food,Coffee,1,300,300,Retail
2024-07-28,North,Food,Oil,7,200,1400,Wholesale
2025-07-06,North,Electronics,Tablet,6,20000,120000,Retail
2025-07-09,South,Electronics,Mobile Phone,7,15000,105000,Online
2025-12-07,West,Furniture,Table,10,5000,50000,Retail
2024-10-26,West,Furniture,Chair,9,3000,27000,Online
2025-03-16,West,Furniture,Sofa,6,15000,90000,Wholesale
2024-06-15,North,Furniture,Bookshelf,4,4000,16000,Online
2025-02-18,North,Electronics,Tablet,8,20000,160000,Retail
2025-10-27,West,Furniture,Table,8,5000,40000,Wholesale
2025-06-04,West,Food,Coffee,7,300,2100,Wholesale
2025-12-01,North,Clothing,Kurta,3,800,2400,Online
2024-11-13,West,Clothing,T-Shirt,2,500,1000,Retail
2024-11-22,North,Furniture,Bookshelf,2,4000,8000,Online
2025-05-07,North,Furniture,Chair,2,3000,6000,Retail
2025-07-16,East,Electronics,Mobile Phone,7,15000,105000,Wholesale
2025-05-04,East,Clothing,Saree,6,3000,18000,Online
2025-12-31,East,Food,Rice,5,100,500,Wholesale
2025-09-02,West,Clothing,Kurta,4,800,3200,Retail
2026-03-07,South,Furniture,Table,4,5000,20000,Retail
2025-02-17,South,Food,Sugar,9,50,450,Online
2024-08-29,South,Furniture,Chair,8,3000,24000,Retail
2024-09-25,North,Electronics,Headphones,5,2000,10000,Wholesale
2025-01-29,North,Clothing,T-Shirt,7,500,3500,Retail
2024-06-08,East,Electronics,Mobile Phone,2,15000,30000,Retail
2025-03-09,West,Furniture,Chair,8,3000,24000,Online
2026-03-13,South,Electronics,Laptop,1,45000,45000,Retail
2026-04-05,East,Food,Rice,5,100,500,Retail
2026-03-16,West,Electronics,Tablet,5,20000,100000,Wholesale
2026-04-20,South,Furniture,Table,1,5000,5000,Wholesale
2026-02-09,South,Furniture,Bookshelf,8,4000,32000,Online
2024-10-04,East,Furniture,Table,9,5000,45000,Wholesale
2025-03-09,East,Clothing,Saree,7,3000,21000,Wholesale
2024-08-03,South,Clothing,T-Shirt,10,500,5000,Retail
2024-06-16,West,Furniture,Chair,2,3000,6000,Retail
2024-09-07,North,Furniture,Chair,4,3000,12000,Retail
2026-03-22,West,Food,Oil,5,200,1000,Wholesale
2026-01-27,South,Food,Rice,6,100,600,Wholesale
2025-10-04,South,Furniture,Sofa,2,15000,30000,Online
2025-12-27,South,Food,Rice,2,100,200,Retail
2025-04-08,South,Food,Sugar,5,50,250,Online
2025-04-01,North,Clothing,Kurta,1,800,800,Wholesale
2025-09-21,North,Electronics,Tablet,7,20000,140000,Retail
2024-06-24,South,Furniture,Table,8,5000,40000,Retail
2026-01-23,South,Furniture,Bookshelf,2,4000,8000,Wholesale
2025-09-29,West,Clothing,Kurta,7,800,5600,Retail
2024-10-17,North,Furniture,Table,10,5000,50000,Retail
2025-09-29,East,Food,Coffee,5,300,1500,Wholesale
2025-05-08,East,Electronics,Headphones,4,2000,8000,Online
2025-03-19,North,Food,Sugar,10,50,500,Wholesale
2025-06-15,South,Food,Oil,3,200,600,Online
2024-08-08,North,Electronics,Headphones,9,2000,18000,Wholesale
2025-06-04,North,Clothing,Kurta,10,800,8000,Online
2026-03-13,East,Furniture,Sofa,7,15000,105000,Online
2025-03-22,South,Food,Sugar,3,50,150,Wholesale
2024-11-06,North,Clothing,Jeans,1,1200,1200,Retail
2025-02-23,North,Electronics,Headphones,3,2000,6000,Online
2025-09-23,East,Electronics,Headphones,9,2000,18000,Online
2026-03-20,East,Clothing,Kurta,1,800,800,Online
2026-03-15,North,Furniture,Bookshelf,4,4000,16000,Retail
2026-04-05,North,Electronics,Tablet,10,20000,200000,Wholesale
2025-02-26,East,Clothing,Jeans,2,1200,2400,Online
2024-09-10,East,Clothing,Kurta,7,800,5600,Retail
2024-11-03,North,Food,Coffee,4,300,1200,Online
2025-10-12,West,Electronics,Tablet,10,20000,200000,Retail
2025-07-20,North,Clothing,Kurta,10,800,8000,Wholesale
2024-06-03,South,Food,Sugar,1,50,50,Retail
2026-04-14,West,Electronics,Headphones,7,2000,14000,Wholesale
2025-07-21,West,Food,Sugar,6,50,300,Online
2025-07-24,South,Food,Sugar,9,50,450,Retail
2025-02-18,West,Furniture,Table,2,5000,10000,Retail
2026-04-30,South,Furniture,Chair,5,3000,15000,Online
2024-12-08,West,Food,Oil,9,200,1800,Retail
2025-10-20,South,Electronics,Laptop,4,45000,180000,Wholesale
2026-02-21,West,Clothing,T-Shirt,1,500,500,Wholesale
2026-02-07,South,Clothing,Saree,2,3000,6000,Online
2026-04-10,West,Clothing,Jeans,9,1200,10800,Online
2026-03-09,West,Furniture,Table,3,5000,15000,Online
2026-01-06,South,Electronics,Headphones,3,2000,6000,Online
2024-12-01,North,Furniture,Sofa,4,15000,60000,Wholesale
2025-08-27,South,Electronics,Laptop,10,45000,450000,Retail
2025-01-11,East,Electronics,Tablet,10,20000,200000,Retail
2025-10-03,West,Furniture,Bookshelf,2,4000,8000,Retail
2024-07-24,South,Furniture,Chair,8,3000,24000,Wholesale
2025-12-09,North,Electronics,Mobile Phone,8,15000,120000,Online
2025-01-29,North,Electronics,Mobile Phone,8,15000,120000,Wholesale
2024-11-13,North,Food,Coffee,1,300,300,Retail
2025-01-27,West,Furniture,Bookshelf,5,4000,20000,Wholesale
2025-12-11,North,Clothing,T-Shirt,5,500,2500,Online
2025-02-06,South,Furniture,Sofa,10,15000,150000,Online
2025-04-18,East,Furniture,Sofa,1,15000,15000,Retail
2025-12-14,West,Furniture,Bookshelf,6,4000,24000,Online
2025-02-19,West,Clothing,Saree,5,3000,15000,Wholesale
2024-06-30,East,Furniture,Table,9,5000,45000,Wholesale
2026-04-16,West,Electronics,Mobile Phone,3,15000,45000,Wholesale
2025-02-20,South,Electronics,Headphones,6,2000,12000,Online
2024-10-07,South,Clothing,Kurta,6,800,4800,Retail
2026-01-26,North,Electronics,Mobile Phone,1,15000,15000,Wholesale
2024-09-09,South,Clothing,Kurta,8,800,6400,Wholesale
2026-05-06,South,Clothing,Saree,8,3000,24000,Retail
2025-02-02,North,Food,Sugar,1,50,50,Retail
2024-10-01,East,Food,Coffee,5,300,1500,Online
2025-03-29,East,Clothing,Kurta,10,800,8000,Wholesale
2024-12-26,South,Clothing,Kurta,1,800,800,Retail
2024-10-18,South,Furniture,Bookshelf,9,4000,36000,Online
2025-03-06,North,Clothing,Saree,2,3000,6000,Retail
2024-07-20,North,Electronics,Headphones,7,2000,14000,Online
2025-12-19,South,Furniture,Bookshelf,7,4000,28000,Retail
2024-06-16,North,Electronics,Laptop,10,45000,450000,Retail
2026-02-07,East,Furniture,Table,8,5000,40000,Retail
2024-09-12,North,Food,Sugar,8,50,400,Wholesale
2026-03-10,North,Clothing,Kurta,3,800,2400,Retail
2025-09-18,East,Clothing,T-Shirt,2,500,1000,Wholesale
2026-04-04,East,Electronics,Tablet,6,20000,120000,Wholesale
2025-05-07,North,Electronics,Mobile Phone,9,15000,135000,Retail
2025-01-19,West,Furniture,Sofa,1,15000,15000,Retail
2024-10-05,South,Food,Oil,2,200,400,Online
2025-06-17,East,Clothing,Saree,2,3000,6000,Online
2025-09-09,West,Clothing,Jeans,4,1200,4800,Online
2024-11-07,North,Electronics,Tablet,5,20000,100000,Wholesale
2025-12-29,South,Clothing,Saree,7,3000,21000,Retail
2025-10-26,North,Food,Rice,1,100,100,Online
2025-11-27,North,Furniture,Bookshelf,2,4000,8000,Retail
2026-01-10,West,Clothing,T-Shirt,4,500,2000,Retail
2024-09-22,North,Furniture,Table,10,5000,50000,Online
2025-06-17,North,Food,Coffee,7,300,2100,Retail
2024-12-15,South,Clothing,T-Shirt,6,500,3000,Retail
2025-05-12,South,Food,Oil,3,200,600,Wholesale
2025-07-17,South,Electronics,Headphones,9,2000,18000,Wholesale
2025-01-22,West,Food,Coffee,4,300,1200,Online
2025-06-01,North,Clothing,Kurta,10,800,8000,Retail
2025-01-21,South,Electronics,Mobile Phone,5,15000,75000,Retail
2025-06-21,East,Clothing,T-Shirt,7,500,3500,Wholesale
2026-01-16,North,Electronics,Headphones,7,2000,14000,Wholesale
2026-05-05,West,Food,Coffee,2,300,600,Wholesale
2024-10-09,East,Clothing,T-Shirt,8,500,4000,Online
2025-06-04,South,Electronics,Tablet,9,20000,180000,Retail
2024-12-16,North,Electronics,Mobile Phone,10,15000,150000,Wholesale
2025-11-11,West,Clothing,T-Shirt,2,500,1000,Online
2024-12-31,North,Food,Rice,7,100,700,Wholesale
2024-07-01,East,Electronics,Headphones,9,2000,18000,Wholesale
2024-06-23,South,Furniture,Chair,2,3000,6000,Retail
2024-12-14,East,Clothing,Saree,8,3000,24000,Wholesale
2025-01-23,East,Furniture,Sofa,1,15000,15000,Online
2025-07-24,North,Clothing,T-Shirt,4,500,2000,Wholesale
2024-07-08,West,Furniture,Chair,8,3000,24000,Retail
2024-09-05,North,Food,Oil,4,200,800,Online
2024-09-05,South,Food,Rice,1,100,100,Online
2025-05-08,South,Furniture,Table,5,5000,25000,Online
2026-02-14,South,Furniture,Table,8,5000,40000,Retail
2025-02-26,West,Food,Coffee,10,300,3000,Retail
2025-03-08,South,Food,Coffee,8,300,2400,Online
2025-03-01,East,Clothing,Jeans,5,1200,6000,Online
2025-01-21,South,Clothing,T-Shirt,1,500,500,Wholesale
2025-08-14,South,Food,Coffee,3,300,900,Retail
2025-08-06,West,Clothing,Kurta,6,800,4800,Wholesale
2025-03-13,South,Food,Sugar,3,50,150,Wholesale
2026-01-27,South,Electronics,Headphones,9,2000,18000,Retail
2024-07-28,North,Clothing,Saree,6,3000,18000,Online
2025-01-23,South,Furniture,Table,4,5000,20000,Retail
2026-03-15,North,Furniture,Table,4,5000,20000,Retail
2025-05-01,South,Electronics,Tablet,1,20000,20000,Retail
2025-12-03,East,Furniture,Chair,6,3000,18000,Online
2025-09-15,West,Clothing,T-Shirt,6,500,3000,Wholesale
2024-06-17,East,Electronics,Headphones,3,2000,6000,Online
2025-11-14,East,Electronics,Mobile Phone,7,15000,105000,Retail
2026-03-17,East,Food,Sugar,2,50,100,Online
2025-05-11,South,Electronics,Mobile Phone,10,15000,150000,Retail
2025-08-23,South,Furniture,Bookshelf,5,4000,20000,Online
2025-06-14,North,Clothing,Saree,2,3000,6000,Retail
2024-11-29,South,Clothing,Saree,6,3000,18000,Online
2024-06-21,West,Electronics,Mobile Phone,1,15000,15000,Retail
2026-05-10,South,Electronics,Tablet,1,20000,20000,Online
2025-05-06,West,Electronics,Headphones,3,2000,6000,Online
2025-12-19,South,Electronics,Tablet,7,20000,140000,Online
2025-01-15,North,Furniture,Chair,3,3000,9000,Wholesale
2025-04-10,East,Clothing,Jeans,4,1200,4800,Retail
2026-02-24,East,Electronics,Tablet,9,20000,180000,Online
2025-05-24,North,Clothing,Saree,6,3000,18000,Wholesale
2026-04-17,East,Clothing,T-Shirt,2,500,1000,Retail
2024-11-05,North,Clothing,Kurta,7,800,5600,Online
2024-12-26,East,Clothing,T-Shirt,8,500,4000,Online
2026-02-10,North,Food,Sugar,8,50,400,Online
2024-08-25,West,Furniture,Bookshelf,4,4000,16000,Retail
2025-11-23,West,Furniture,Chair,2,3000,6000,Wholesale
2025-10-24,West,Food,Oil,10,200,2000,Retail
2025-09-19,South,Clothing,Saree,4,3000,12000,Retail
2025-12-11,West,Clothing,Saree,1,3000,3000,Retail
2025-10-03,East,Furniture,Sofa,5,15000,75000,Wholesale
2024-09-11,North,Electronics,Laptop,3,45000,135000,Retail
2024-11-18,South,Food,Sugar,6,50,300,Online
2025-12-03,North,Furniture,Table,1,5000,5000,Online
2025-01-26,West,Electronics,Tablet,7,20000,140000,Retail
2025-02-20,East,Electronics,Headphones,6,2000,12000,Online
2026-04-04,South,Food,Oil,9,200,1800,Online
2024-09-03,North,Clothing,T-Shirt,1,500,500,Online
2025-10-04,West,Furniture,Chair,4,3000,12000,Retail
2025-04-06,South,Clothing,T-Shirt,4,500,2000,Retail
2025-10-07,North,Electronics,Laptop,7,45000,315000,Retail
2025-10-08,North,Electronics,Tablet,10,20000,200000,Wholesale
2024-11-26,North,Electronics,Headphones,10,2000,20000,Retail
2026-05-20,East,Furniture,Sofa,10,15000,150000,Retail
2026-04-16,West,Electronics,Headphones,7,2000,14000,Online
2025-10-05,West,Clothing,T-Shirt,5,500,2500,Online
2026-01-05,West,Furniture,Bookshelf,3,4000,12000,Online
2024-06-16,West,Furniture,Chair,7,3000,21000,Wholesale
2024-06-30,North,Furniture,Chair,1,3000,3000,Online
2025-01-30,North,Clothing,Jeans,4,1200,4800,Online
2024-12-29,South,Clothing,Saree,3,3000,9000,Retail
2025-02-09,West,Furniture,Chair,8,3000,24000,Wholesale
2026-02-24,North,Food,Rice,2,100,200,Online
2024-11-22,East,Food,Sugar,1,50,50,Retail
2025-01-19,East,Electronics,Tablet,9,20000,180000,Online
2025-11-14,East,Electronics,Laptop,3,45000,135000,Online
2025-12-31,North,Furniture,Sofa,5,15000,75000,Retail
2024-09-22,North,Clothing,Saree,2,3000,6000,Online
2025-05-07,West,Electronics,Tablet,7,20000,140000,Retail
2026-03-10,South,Furniture,Table,1,5000,5000,Wholesale
2025-09-22,East,Food,Oil,10,200,2000,Retail
2025-08-08,South,Furniture,Chair,6,3000,18000,Retail
2025-11-27,West,Furniture,Sofa,3,15000,45000,Retail
2025-04-04,West,Clothing,T-Shirt,7,500,3500,Online
2026-05-30,East,Food,Coffee,6,300,1800,Online
2026-01-04,South,Electronics,Tablet,7,20000,140000,Retail
2025-04-29,East,Electronics,Headphones,4,2000,8000,Online
2024-09-13,East,Electronics,Mobile Phone,10,15000,150000,Retail
2025-12-17,North,Furniture,Table,3,5000,15000,Online
2025-10-04,East,Food,Sugar,3,50,150,Wholesale
2025-06-30,East,Food,Coffee,3,300,900,Online
2024-07-22,West,Electronics,Headphones,9,2000,18000,Wholesale
2026-03-08,North,Clothing,Saree,9,3000,27000,Online
2026-06-02,South,Clothing,Saree,4,3000,12000,Online
2024-07-01,East,Food,Coffee,1,300,300,Wholesale
2024-08-03,South,Furniture,Bookshelf,1,4000,4000,Retail
2024-07-07,North,Furniture,Bookshelf,9,4000,36000,Retail
2024-08-18,East,Furniture,Bookshelf,10,4000,40000,Retail
2024-10-26,East,Electronics,Laptop,1,45000,45000,Wholesale
2025-09-28,South,Clothing,Saree,8,3000,24000,Wholesale
2025-11-28,North,Furniture,Sofa,2,15000,30000,Wholesale
2026-01-14,South,Clothing,Jeans,6,1200,7200,Online
2026-01-16,North,Clothing,T-Shirt,9,500,4500,Wholesale
2025-06-03,West,Furniture,Chair,10,3000,30000,Wholesale
2025-10-12,South,Furniture,Bookshelf,8,4000,32000,Wholesale
2025-10-08,West,Clothing,Jeans,1,1200,1200,Retail
2025-09-24,North,Furniture,Table,3,5000,15000,Online
2025-07-11,East,Electronics,Tablet,6,20000,120000,Online
2025-10-23,North,Furniture,Sofa,7,15000,105000,Online
2025-11-15,North,Furniture,Bookshelf,1,4000,4000,Online
2025-09-05,West,Food,Rice,8,100,800,Wholesale
2025-03-16,South,Food,Oil,7,200,1400,Wholesale
2025-10-18,West,Electronics,Headphones,7,2000,14000,Online
2026-05-24,East,Clothing,Jeans,3,1200,3600,Online
2024-07-15,South,Clothing,Kurta,6,800,4800,Online
2025-10-29,North,Furniture,Chair,4,3000,12000,Retail
2024-07-26,East,Electronics,Headphones,9,2000,18000,Online
2024-10-11,East,Clothing,Jeans,3,1200,3600,Retail
2025-02-03,South,Furniture,Sofa,7,15000,105000,Online
2024-12-23,South,Electronics,Tablet,2,20000,40000,Retail
2025-01-08,South,Clothing,Jeans,2,1200,2400,Wholesale
2025-08-08,East,Electronics,Tablet,9,20000,180000,Wholesale
2026-02-25,South,Food,Sugar,8,50,400,Retail
2025-10-19,North,Food,Rice,1,100,100,Wholesale
2025-11-28,South,Clothing,Kurta,1,800,800,Wholesale
2024-09-20,South,Food,Sugar,6,50,300,Wholesale
2024-10-08,East,Electronics,Mobile Phone,10,15000,150000,Wholesale
2025-03-19,West,Clothing,Jeans,6,1200,7200,Retail
2025-08-30,East,Electronics,Laptop,4,45000,180000,Online
2025-10-31,South,Clothing,T-Shirt,3,500,1500,Wholesale
2026-03-02,East,Electronics,Mobile Phone,7,15000,105000,Online
2024-08-22,North,Food,Coffee,2,300,600,Online
2024-08-05,East,Furniture,Table,2,5000,10000,Wholesale
2024-10-08,East,Food,Oil,10,200,2000,Retail
2024-12-25,South,Clothing,Jeans,4,1200,4800,Online
2026-02-28,South,Electronics,Laptop,6,45000,270000,Wholesale
2025-05-19,West,Electronics,Mobile Phone,7,15000,105000,Online
2024-10-24,West,Furniture,Chair,5,3000,15000,Online
2025-11-11,West,Furniture,Bookshelf,3,4000,12000,Retail
2025-04-23,South,Electronics,Headphones,3,2000,6000,Online
2024-06-11,East,Clothing,Saree,2,3000,6000,Wholesale
2025-04-24,South,Food,Oil,3,200,600,Retail
2025-10-15,South,Food,Coffee,8,300,2400,Retail
2025-07-15,South,Clothing,Saree,3,3000,9000,Retail
2026-04-16,North,Clothing,Kurta,2,800,1600,Wholesale
2024-10-05,West,Food,Rice,4,100,400,Online
2024-11-21,East,Food,Sugar,2,50,100,Online
2026-01-28,East,Food,Coffee,1,300,300,Online
2025-06-11,East,Furniture,Bookshelf,1,4000,4000,Retail
2026-05-17,North,Electronics,Laptop,2,45000,90000,Wholesale
2026-01-05,North,Furniture,Table,9,5000,45000,Wholesale
2024-09-01,South,Food,Rice,8,100,800,Retail
2024-08-13,North,Food,Rice,3,100,300,Wholesale
2026-02-22,West,Electronics,Mobile Phone,8,15000,120000,Wholesale
2025-04-01,North,Electronics,Headphones,10,2000,20000,Online
2025-07-22,East,Electronics,Headphones,5,2000,10000,Online
2025-10-12,South,Clothing,Saree,9,3000,27000,Online
2024-12-10,East,Clothing,Jeans,3,1200,3600,Retail
2026-03-11,East,Clothing,T-Shirt,3,500,1500,Online
2025-05-09,West,Food,Coffee,9,300,2700,Online
2025-08-09,West,Clothing,Jeans,8,1200,9600,Retail
2025-05-16,East,Furniture,Table,7,5000,35000,Retail
2025-03-11,West,Electronics,Headphones,5,2000,10000,Retail
2026-02-10,East,Furniture,Sofa,5,15000,75000,Wholesale
2025-11-19,North,Electronics,Headphones,5,2000,10000,Online
2024-11-01,South,Furniture,Sofa,8,15000,120000,Online
2025-01-22,West,Clothing,Jeans,5,1200,6000,Wholesale
2024-07-27,East,Electronics,Headphones,7,2000,14000,Wholesale
2026-01-20,North,Clothing,T-Shirt,5,500,2500,Wholesale
2024-12-16,South,Electronics,Headphones,7,2000,14000,Retail
2025-03-06,South,Food,Sugar,6,50,300,Online
2024-09-02,South,Clothing,Saree,5,3000,15000,Wholesale
2026-01-01,North,Electronics,Tablet,10,20000,200000,Wholesale
2024-11-03,East,Clothing,T-Shirt,1,500,500,Wholesale
2025-04-16,East,Food,Sugar,2,50,100,Retail
2025-03-04,West,Furniture,Table,1,5000,5000,Wholesale
2025-12-19,South,Food,Coffee,8,300,2400,Online
2024-07-02,West,Electronics,Tablet,10,20000,200000,Retail
2025-10-17,East,Clothing,Kurta,7,800,5600,Retail
2025-09-12,West,Food,Oil,5,200,1000,Retail
2025-12-16,North,Furniture,Bookshelf,10,4000,40000,Retail
2025-03-13,East,Electronics,Tablet,1,20000,20000,Wholesale
2025-01-09,North,Food,Sugar,6,50,300,Online
2024-10-24,East,Furniture,Bookshelf,3,4000,12000,Retail
2025-05-14,West,Food,Rice,9,100,900,Retail
2025-09-27,East,Electronics,Tablet,1,20000,20000,Retail
2025-10-19,North,Electronics,Laptop,9,45000,405000,Wholesale
2026-03-12,South,Food,Rice,1,100,100,Retail
2024-12-11,West,Furniture,Table,8,5000,40000,Retail
2024-08-11,East,Electronics,Tablet,2,20000,40000,Wholesale
2025-03-28,South,Furniture,Bookshelf,6,4000,24000,Wholesale
2026-04-14,East,Food,Coffee,7,300,2100,Online
2025-03-13,East,Food,Oil,8,200,1600,Retail
2025-02-05,South,Clothing,Saree,5,3000,15000,Online
2025-12-31,East,Furniture,Table,2,5000,10000,Online
2026-05-05,West,Furniture,Chair,4,3000,12000,Online
2026-03-21,South,Clothing,Jeans,8,1200,9600,Online
2024-11-18,East,Electronics,Laptop,8,45000,360000,Wholesale
2024-09-24,West,Furniture,Table,8,5000,40000,Wholesale
2024-07-06,South,Electronics,Laptop,9,45000,405000,Retail
2025-08-27,North,Clothing,T-Shirt,2,500,1000,Wholesale
2025-05-07,West,Clothing,Jeans,3,1200,3600,Online
2025-11-20,North,Food,Oil,1,200,200,Online
2025-09-07,North,Food,Sugar,10,50,500,Retail
2025-05-02,West,Furniture,Bookshelf,1,4000,4000,Wholesale
2025-01-06,North,Electronics,Laptop,5,45000,225000,Online
2024-11-26,North,Electronics,Headphones,9,2000,18000,Retail
2024-09-08,South,Furniture,Table,4,5000,20000,Online
2025-08-19,South,Electronics,Headphones,10,2000,20000,Retail
2024-07-10,South,Electronics,Tablet,3,20000,60000,Wholesale
2025-04-17,North,Furniture,Table,9,5000,45000,Wholesale
2025-05-19,North,Food,Rice,1,100,100,Wholesale
2026-01-07,South,Food,Sugar,8,50,400,Online
2024-09-20,North,Food,Oil,1,200,200,Online
2024-06-09,West,Furniture,Sofa,3,15000,45000,Wholesale
2024-10-19,West,Furniture,Chair,7,3000,21000,Wholesale
2024-06-11,South,Clothing,Kurta,3,800,2400,Wholesale
2026-02-27,North,Electronics,Mobile Phone,9,15000,135000,Wholesale
2025-01-31,South,Furniture,Sofa,5,15000,75000,Online
2025-09-05,North,Clothing,T-Shirt,1,500,500,Wholesale
2024-08-13,South,Clothing,Saree,7,3000,21000,Retail
2025-06-16,East,Clothing,Kurta,10,800,8000,Wholesale
2026-04-18,North,Electronics,Mobile Phone,1,15000,15000,Online
2024-10-07,South,Clothing,Jeans,7,1200,8400,Wholesale
2024-07-28,West,Clothing,T-Shirt,1,500,500,Online
2026-05-28,West,Furniture,Chair,8,3000,24000,Online
2024-06-04,West,Food,Coffee,8,300,2400,Retail
2025-06-01,South,Electronics,Mobile Phone,8,15000,120000,Online
2025-12-28,West,Electronics,Tablet,8,20000,160000,Online
2025-05-15,South,Furniture,Table,2,5000,10000,Online
2025-04-15,North,Electronics,Laptop,7,45000,315000,Wholesale
2025-09-09,East,Food,Sugar,3,50,150,Retail
2025-07-01,North,Electronics,Tablet,6,20000,120000,Retail
2025-05-14,West,Electronics,Tablet,8,20000,160000,Retail
2024-11-14,West,Clothing,T-Shirt,4,500,2000,Wholesale
2024-10-28,North,Electronics,Tablet,7,20000,140000,Wholesale
2024-09-09,East,Clothing,Kurta,4,800,3200,Online
2025-06-27,North,Clothing,Jeans,7,1200,8400,Retail
2026-05-31,East,Clothing,Kurta,3,800,2400,Retail
2024-09-24,South,Clothing,T-Shirt,6,500,3000,Wholesale
2024-09-07,South,Food,Sugar,2,50,100,Online
2026-02-08,West,Furniture,Chair,4,3000,12000,Retail
2026-04-04,North,Furniture,Bookshelf,5,4000,20000,Retail
2025-08-28,South,Clothing,T-Shirt,1,500,500,Online
2026-04-16,East,Furniture,Table,2,5000,10000,Online
2026-05-18,North,Electronics,Mobile Phone,3,15000,45000,Retail
2024-07-16,North,Furniture,Table,1,5000,5000,Retail
2025-05-05,West,Furniture,Table,6,5000,30000,Wholesale
2025-06-25,West,Clothing,Saree,8,3000,24000,Online
2025-02-03,South,Furniture,Table,10,5000,50000,Online
2025-11-03,West,Furniture,Table,5,5000,25000,Retail
2024-07-28,West,Clothing,T-Shirt,1,500,500,Retail
2025-08-31,South,Food,Sugar,10,50,500,Retail
2025-07-13,West,Electronics,Laptop,5,45000,225000,Retail
2024-12-23,North,Food,Rice,9,100,900,Online
2025-09-23,South,Furniture,Sofa,1,15000,15000,Wholesale
2025-01-05,South,Clothing,Jeans,5,1200,6000,Retail
2026-05-22,South,Clothing,Saree,4,3000,12000,Retail
2024-10-25,North,Electronics,Laptop,10,45000,450000,Online
2025-10-06,South,Furniture,Table,2,5000,10000,Retail
2026-01-28,South,Furniture,Chair,2,3000,6000,Online
2025-08-19,West,Food,Oil,6,200,1200,Retail
2025-03-06,South,Clothing,T-Shirt,9,500,4500,Online
2025-06-30,North,Clothing,Saree,9,3000,27000,Online
2024-10-03,North,Clothing,Kurta,8,800,6400,Online
2025-11-22,North,Clothing,Kurta,4,800,3200,Online
2025-08-13,East,Electronics,Tablet,4,20000,80000,Retail
2024-09-16,West,Clothing,Saree,4,3000,12000,Wholesale
2025-11-23,North,Electronics,Tablet,1,20000,20000,Retail
2024-11-09,South,Clothing,T-Shirt,1,500,500,Wholesale
2025-05-22,East,Electronics,Headphones,8,2000,16000,Retail
2025-12-20,East,Clothing,Jeans,6,1200,7200,Retail
2024-07-11,East,Furniture,Bookshelf,9,4000,36000,Retail
2024-12-28,East,Electronics,Laptop,10,45000,450000,Wholesale
2025-06-02,East,Electronics,Headphones,1,2000,2000,Online
2024-07-22,South,Food,Coffee,7,300,2100,Wholesale
2026-01-02,North,Food,Oil,5,200,1000,Online
2024-10-10,North,Furniture,Sofa,3,15000,45000,Online
2025-03-12,West,Furniture,Sofa,4,15000,60000,Wholesale
2026-01-17,South,Furniture,Sofa,3,15000,45000,Retail
2025-04-23,West,Clothing,Saree,8,3000,24000,Wholesale
2025-07-30,East,Electronics,Laptop,7,45000,315000,Wholesale
2025-02-13,West,Electronics,Mobile Phone,5,15000,75000,Online
2025-06-19,South,Electronics,Mobile Phone,8,15000,120000,Online
2026-05-17,North,Electronics,Tablet,4,20000,80000,Retail
2025-03-30,East,Food,Sugar,10,50,500,Retail
2026-04-28,West,Clothing,Saree,8,3000,24000,Online
2024-06-21,West,Clothing,T-Shirt,2,500,1000,Retail
2025-06-14,East,Food,Oil,1,200,200,Online
2025-07-17,North,Food,Sugar,8,50,400,Online
2026-05-25,East,Clothing,Kurta,3,800,2400,Online
2025-09-06,West,Furniture,Bookshelf,1,4000,4000,Retail
2025-05-09,South,Electronics,Tablet,7,20000,140000,Online
2026-01-06,West,Clothing,Saree,6,3000,18000,Wholesale
2024-09-16,South,Electronics,Tablet,4,20000,80000,Wholesale
2024-10-10,East,Food,Oil,3,200,600,Wholesale
2024-11-16,South,Clothing,Jeans,5,1200,6000,Wholesale
2026-05-08,North,Clothing,Saree,4,3000,12000,Online
2025-04-23,East,Food,Rice,6,100,600,Online
2026-03-18,East,Clothing,T-Shirt,5,500,2500,Wholesale
2025-08-27,East,Electronics,Laptop,2,45000,90000,Retail
2025-09-18,North,Food,Coffee,3,300,900,Online
2026-03-24,West,Furniture,Bookshelf,8,4000,32000,Wholesale
2026-04-23,East,Electronics,Mobile Phone,2,15000,30000,Retail
2024-07-22,West,Furniture,Table,10,5000,50000,Retail
2026-01-01,North,Electronics,Tablet,10,20000,200000,Retail
2024-07-07,South,Electronics,Mobile Phone,2,15000,30000,Retail
2026-01-11,East,Furniture,Sofa,5,15000,75000,Retail
2025-08-17,South,Furniture,Bookshelf,7,4000,28000,Online
2024-09-10,West,Food,Sugar,7,50,350,Retail
2025-04-24,East,Clothing,Saree,6,3000,18000,Wholesale
2024-09-09,East,Clothing,T-Shirt,2,500,1000,Online
2026-01-03,West,Clothing,Saree,10,3000,30000,Wholesale
2025-03-17,East,Electronics,Laptop,10,45000,450000,Wholesale
2026-02-23,East,Electronics,Tablet,1,20000,20000,Retail
2025-10-21,South,Furniture,Sofa,3,15000,45000,Online
2026-01-22,South,Furniture,Chair,2,3000,6000,Retail
2024-08-14,East,Clothing,Jeans,7,1200,8400,Wholesale
2024-09-24,East,Clothing,T-Shirt,2,500,1000,Wholesale
2026-06-02,South,Food,Rice,2,100,200,Retail
2026-01-04,North,Clothing,Saree,10,3000,30000,Wholesale
2025-09-10,North,Electronics,Headphones,8,2000,16000,Online
2025-02-20,East,Food,Oil,3,200,600,Online
2025-12-29,East,Furniture,Sofa,3,15000,45000,Wholesale
2024-12-18,South,Food,Oil,10,200,2000,Retail
2025-07-07,West,Electronics,Laptop,9,45000,405000,Retail
2026-02-13,East,Food,Coffee,5,300,1500,Wholesale
2025-12-10,East,Clothing,Kurta,6,800,4800,Wholesale
2025-09-05,South,Food,Coffee,6,300,1800,Online
2025-12-15,East,Electronics,Headphones,10,2000,20000,Wholesale
2026-05-16,North,Food,Sugar,2,50,100,Online
2025-04-27,East,Food,Coffee,2,300,600,Wholesale
2024-09-23,North,Food,Rice,9,100,900,Retail
2024-12-25,East,Furniture,Table,1,5000,5000,Wholesale
2026-03-30,North,Furniture,Sofa,8,15000,120000,Retail
2025-10-23,North,Electronics,Mobile Phone,7,15000,105000,Retail
2025-11-19,North,Furniture,Sofa,10,15000,150000,Retail
2024-11-13,West,Furniture,Chair,1,3000,3000,Wholesale
2025-11-17,North,Furniture,Bookshelf,1,4000,4000,Wholesale
2026-04-03,East,Food,Oil,10,200,2000,Retail
2025-07-15,South,Food,Coffee,1,300,300,Wholesale
2024-11-17,South,Furniture,Sofa,6,15000,90000,Wholesale
2025-10-28,North,Furniture,Bookshelf,6,4000,24000,Wholesale
2025-02-02,South,Food,Oil,9,200,1800,Wholesale
2026-01-24,South,Food,Oil,9,200,1800,Online
2025-11-28,West,Electronics,Laptop,5,45000,225000,Retail
2025-09-25,West,Furniture,Bookshelf,8,4000,32000,Online
2026-05-25,North,Food,Rice,5,100,500,Retail
2025-06-14,East,Electronics,Laptop,5,45000,225000,Online
2026-01-25,East,Clothing,Kurta,9,800,7200,Retail
2025-06-29,West,Clothing,T-Shirt,8,500,4000,Retail
2026-04-18,South,Furniture,Sofa,2,15000,30000,Retail
2025-11-14,North,Electronics,Tablet,10,20000,200000,Wholesale
2025-12-16,North,Food,Oil,8,200,1600,Online
2025-02-13,East,Furniture,Chair,8,3000,24000,Online
2024-06-13,North,Furniture,Chair,9,3000,27000,Retail
2024-10-20,South,Electronics,Headphones,5,2000,10000,Retail
2024-12-03,East,Furniture,Table,6,5000,30000,Wholesale
2025-04-21,South,Electronics,Mobile Phone,5,15000,75000,Online
2025-03-31,East,Electronics,Tablet,6,20000,120000,Online
2024-09-20,East,Food,Rice,1,100,100,Wholesale
2025-04-17,East,Electronics,Mobile Phone,3,15000,45000,Wholesale
2024-08-10,North,Clothing,T-Shirt,10,500,5000,Online
2025-07-03,South,Electronics,Headphones,1,2000,2000,Online
2025-06-02,East,Electronics,Mobile Phone,1,15000,15000,Online
2026-05-09,North,Clothing,T-Shirt,3,500,1500,Wholesale
2025-07-10,East,Electronics,Headphones,8,2000,16000,Retail
2025-08-21,North,Clothing,Jeans,4,1200,4800,Retail
2025-07-29,South,Electronics,Mobile Phone,8,15000,120000,Retail
2025-02-24,East,Clothing,Saree,2,3000,6000,Retail
2025-12-20,West,Food,Coffee,2,300,600,Retail
2025-02-08,West,Electronics,Mobile Phone,5,15000,75000,Retail
2025-06-13,East,Electronics,Laptop,3,45000,135000,Online
2026-03-23,South,Electronics,Mobile Phone,9,15000,135000,Wholesale
2025-09-08,North,Furniture,Bookshelf,7,4000,28000,Online
2025-03-18,West,Furniture,Bookshelf,4,4000,16000,Wholesale
2026-04-03,West,Furniture,Sofa,3,15000,45000,Wholesale
2025-01-04,North,Furniture,Bookshelf,3,4000,12000,Online
2026-05-30,West,Food,Sugar,3,50,150,Online
2024-10-10,East,Clothing,T-Shirt,5,500,2500,Online
2025-12-22,East,Food,Coffee,5,300,1500,Wholesale
2026-05-13,East,Furniture,Sofa,3,15000,45000,Retail
2025-12-05,South,Food,Sugar,2,50,100,Retail
2025-07-26,North,Clothing,Kurta,7,800,5600,Wholesale
2026-03-30,East,Furniture,Bookshelf,8,4000,32000,Online
2025-02-11,South,Furniture,Table,10,5000,50000,Retail
2025-03-21,North,Food,Sugar,3,50,150,Online
2025-10-10,East,Furniture,Bookshelf,8,4000,32000,Wholesale
2025-09-28,North,Clothing,Kurta,5,800,4000,Wholesale
2025-08-30,West,Electronics,Laptop,9,45000,405000,Retail
2024-12-30,East,Furniture,Bookshelf,8,4000,32000,Wholesale
2025-05-06,West,Food,Rice,2,100,200,Online
2026-05-20,North,Food,Coffee,7,300,2100,Wholesale
2025-10-24,South,Clothing,Saree,10,3000,30000,Retail
2026-05-05,North,Furniture,Chair,1,3000,3000,Retail
2025-08-19,North,Food,Oil,2,200,400,Wholesale
2025-08-03,West,Furniture,Table,10,5000,50000,Wholesale
2026-05-30,West,Furniture,Chair,3,3000,9000,Wholesale
2024-08-26,West,Clothing,T-Shirt,7,500,3500,Wholesale
2024-11-18,East,Electronics,Headphones,5,2000,10000,Retail
2025-11-10,West,Furniture,Table,3,5000,15000,Retail
2025-01-22,West,Furniture,Sofa,1,15000,15000,Online
2024-09-11,North,Food,Rice,1,100,100,Wholesale
2026-03-30,North,Furniture,Sofa,7,15000,105000,Retail
2024-09-27,North,Clothing,Saree,6,3000,18000,Wholesale
2025-09-03,East,Electronics,Tablet,8,20000,160000,Online
2025-05-28,East,Furniture,Sofa,3,15000,45000,Retail
2025-11-05,East,Clothing,Saree,8,3000,24000,Retail
2026-02-08,East,Clothing,Kurta,6,800,4800,Retail
2024-12-14,North,Furniture,Table,8,5000,40000,Retail
2025-11-18,East,Electronics,Headphones,1,2000,2000,Retail
2024-09-27,North,Furniture,Sofa,10,15000,150000,Online
2026-01-03,North,Food,Oil,1,200,200,Retail
2025-12-13,East,Clothing,T-Shirt,2,500,1000,Online
2025-10-01,North,Food,Sugar,5,50,250,Online
2024-09-14,North,Furniture,Bookshelf,9,4000,36000,Retail
2026-01-19,West,Electronics,Laptop,7,45000,315000,Online
2024-12-14,West,Clothing,T-Shirt,4,500,2000,Wholesale
2026-05-14,East,Clothing,Kurta,9,800,7200,Wholesale
2025-05-20,East,Electronics,Mobile Phone,4,15000,60000,Online
2024-08-22,East,Electronics,Tablet,9,20000,180000,Online
2024-08-11,South,Electronics,Mobile Phone,9,15000,135000,Online
2025-02-16,West,Food,Oil,10,200,2000,Retail
2024-09-01,West,Furniture,Sofa,2,15000,30000,Online
2025-06-17,North,Clothing,Kurta,2,800,1600,Retail
2024-09-27,West,Clothing,Jeans,6,1200,7200,Wholesale
2025-02-23,North,Furniture,Chair,7,3000,21000,Online
2026-02-15,North,Clothing,Jeans,10,1200,12000,Retail
2026-02-22,South,Food,Sugar,9,50,450,Retail
2025-02-15,South,Clothing,Kurta,7,800,5600,Wholesale
2026-04-26,North,Clothing,Saree,10,3000,30000,Online
2025-02-21,West,Food,Oil,9,200,1800,Retail
2025-12-04,East,Furniture,Sofa,2,15000,30000,Wholesale
2026-02-08,South,Furniture,Table,8,5000,40000,Retail
2024-10-29,South,Electronics,Mobile Phone,8,15000,120000,Retail
2025-07-21,West,Furniture,Chair,5,3000,15000,Online
2024-10-02,South,Electronics,Tablet,6,20000,120000,Wholesale
2025-09-23,East,Furniture,Sofa,10,15000,150000,Retail
2024-06-10,West,Furniture,Bookshelf,2,4000,8000,Retail
2025-10-29,East,Clothing,Jeans,9,1200,10800,Online
2024-12-28,South,Electronics,Tablet,1,20000,20000,Online
2025-07-06,North,Furniture,Bookshelf,4,4000,16000,Online
2026-02-27,West,Clothing,Kurta,7,800,5600,Retail
2025-01-14,North,Electronics,Tablet,3,20000,60000,Online
2026-02-03,South,Clothing,Saree,2,3000,6000,Online
2024-09-20,South,Electronics,Laptop,10,45000,450000,Retail
2026-02-27,North,Electronics,Headphones,1,2000,2000,Retail
2025-12-04,East,Electronics,Tablet,4,20000,80000,Wholesale
2024-07-04,East,Food,Coffee,2,300,600,Wholesale
2026-04-09,South,Clothing,Jeans,1,1200,1200,Retail
2025-07-24,East,Clothing,Kurta,6,800,4800,Retail
2024-12-23,North,Electronics,Headphones,4,2000,8000,Retail
2025-10-28,South,Food,Sugar,7,50,350,Retail
2026-02-14,West,Furniture,Table,2,5000,10000,Online
2024-11-22,South,Food,Rice,3,100,300,Online
2024-09-25,West,Furniture,Table,4,5000,20000,Wholesale
2025-03-28,South,Clothing,Jeans,1,1200,1200,Retail
2026-01-05,West,Electronics,Mobile Phone,1,15000,15000,Online
2025-03-13,East,Furniture,Table,5,5000,25000,Retail
2024-08-02,South,Food,Rice,3,100,300,Wholesale
2024-11-29,North,Food,Oil,1,200,200,Online
2026-03-01,West,Food,Rice,3,100,300,Retail
2025-09-21,North,Furniture,Sofa,9,15000,135000,Wholesale
2024-11-09,South,Clothing,Saree,9,3000,27000,Retail
2024-12-01,South,Food,Sugar,3,50,150,Online
2026-02-08,North,Clothing,Kurta,10,800,8000,Online
2024-10-14,North,Clothing,Kurta,7,800,5600,Retail
2025-09-21,North,Food,Sugar,7,50,350,Retail
2024-11-11,South,Electronics,Tablet,10,20000,200000,Wholesale
2026-02-03,North,Clothing,T-Shirt,4,500,2000,Wholesale
2025-06-16,North,Furniture,Sofa,2,15000,30000,Wholesale
2026-05-18,West,Food,Coffee,7,300,2100,Retail
2025-05-05,East,Electronics,Headphones,2,2000,4000,Retail
2025-03-26,West,Furniture,Table,4,5000,20000,Retail
2024-08-07,East,Electronics,Tablet,8,20000,160000,Online
2025-03-10,West,Furniture,Table,5,5000,25000,Wholesale
2025-04-26,South,Clothing,Saree,2,3000,6000,Retail
2025-12-21,East,Electronics,Laptop,3,45000,135000,Wholesale
2025-03-02,East,Clothing,Kurta,6,800,4800,Wholesale
2026-04-26,East,Electronics,Tablet,3,20000,60000,Retail
2025-11-16,South,Furniture,Sofa,7,15000,105000,Retail
2024-09-17,North,Furniture,Sofa,9,15000,135000,Wholesale
2026-05-09,South,Food,Rice,9,100,900,Wholesale
2025-12-15,East,Electronics,Headphones,6,2000,12000,Online
2025-04-24,East,Food,Coffee,10,300,3000,Online
2025-10-04,North,Food,Rice,10,100,1000,Retail
2024-11-19,North,Furniture,Table,8,5000,40000,Wholesale
2026-01-19,South,Furniture,Table,1,5000,5000,Online
2025-01-21,North,Electronics,Headphones,8,2000,16000,Online
2025-10-29,North,Furniture,Sofa,7,15000,105000,Online
2026-01-09,West,Electronics,Laptop,2,45000,90000,Wholesale
2025-01-25,South,Food,Coffee,2,300,600,Online
2024-08-18,North,Clothing,T-Shirt,5,500,2500,Wholesale
2025-06-07,West,Food,Coffee,4,300,1200,Retail
2024-08-13,East,Clothing,Saree,2,3000,6000,Wholesale
2025-03-13,West,Clothing,Saree,10,3000,30000,Online
2024-10-23,South,Electronics,Laptop,6,45000,270000,Online
2025-03-05,South,Electronics,Tablet,2,20000,40000,Online
2024-10-17,South,Clothing,Kurta,5,800,4000,Online
2024-12-22,South,Food,Oil,3,200,600,Retail
2025-10-06,South,Electronics,Tablet,2,20000,40000,Wholesale
2025-01-11,North,Furniture,Bookshelf,9,4000,36000,Wholesale
2024-10-09,East,Furniture,Chair,10,3000,30000,Wholesale
2025-01-13,East,Electronics,Laptop,8,45000,360000,Online
2024-10-01,East,Clothing,Kurta,10,800,8000,Retail
2026-01-02,North,Food,Rice,5,100,500,Online
2025-03-04,West,Electronics,Tablet,4,20000,80000,Retail
2025-05-22,West,Electronics,Mobile Phone,10,15000,150000,Online
2025-12-11,East,Furniture,Table,2,5000,10000,Retail
2024-10-14,North,Clothing,T-Shirt,9,500,4500,Online
2025-03-13,East,Electronics,Laptop,6,45000,270000,Online
2025-10-14,South,Electronics,Headphones,9,2000,18000,Wholesale
2025-09-23,East,Furniture,Table,9,5000,45000,Wholesale
2024-08-08,South,Food,Sugar,8,50,400,Online
2025-11-22,East,Furniture,Bookshelf,5,4000,20000,Retail
2025-12-21,East,Electronics,Laptop,8,45000,360000,Retail
2025-05-03,South,Clothing,Saree,2,3000,6000,Wholesale
2024-08-27,West,Clothing,Saree,5,3000,15000,Wholesale
2024-07-14,North,Electronics,Laptop,7,45000,315000,Retail
2025-12-27,East,Clothing,Saree,3,3000,9000,Wholesale
2024-12-26,South,Clothing,T-Shirt,5,500,2500,Wholesale
2024-09-03,East,Clothing,T-Shirt,4,500,2000,Retail
2026-02-01,East,Electronics,Tablet,7,20000,140000,Retail
2024-08-18,South,Electronics,Laptop,10,45000,450000,Retail
2024-06-22,East,Clothing,Kurta,1,800,800,Online
2024-11-04,East,Food,Oil,7,200,1400,Wholesale
2026-05-23,West,Food,Sugar,2,50,100,Retail
2024-07-15,West,Food,Coffee,10,300,3000,Online
2024-11-24,North,Furniture,Chair,2,3000,6000,Retail
2025-07-06,South,Electronics,Tablet,10,20000,200000,Retail
2024-12-21,East,Food,Coffee,2,300,600,Wholesale
2025-08-31,East,Food,Oil,3,200,600,Online
2024-12-16,South,Food,Sugar,8,50,400,Retail
2024-06-13,North,Furniture,Chair,6,3000,18000,Online
2025-10-14,North,Food,Coffee,5,300,1500,Retail
2026-01-26,West,Electronics,Headphones,5,2000,10000,Retail
2026-02-12,South,Furniture,Sofa,10,15000,150000,Retail
2024-10-24,East,Food,Rice,9,100,900,Wholesale
2025-01-29,South,Furniture,Sofa,10,15000,150000,Online
2025-04-30,North,Furniture,Bookshelf,4,4000,16000,Online
2026-01-14,South,Electronics,Laptop,5,45000,225000,Retail
2024-06-06,East,Food,Coffee,8,300,2400,Retail
2025-08-21,South,Clothing,Saree,2,3000,6000,Online
2024-11-13,South,Food,Oil,4,200,800,Wholesale
2024-08-06,North,Electronics,Mobile Phone,4,15000,60000,Retail
2024-08-25,South,Clothing,T-Shirt,10,500,5000,Retail
2025-04-01,South,Clothing,Kurta,7,800,5600,Wholesale
2025-02-15,East,Clothing,Saree,7,3000,21000,Wholesale
2024-08-18,East,Food,Sugar,8,50,400,Online
2025-05-06,East,Electronics,Laptop,7,45000,315000,Wholesale
2025-04-17,South,Food,Rice,2,100,200,Wholesale
2024-12-30,South,Clothing,Jeans,1,1200,1200,Online
2024-10-25,East,Furniture,Chair,9,3000,27000,Online
2024-06-04,South,Furniture,Sofa,10,15000,150000,Retail
2025-01-14,North,Furniture,Sofa,4,15000,60000,Retail
2024-07-03,West,Food,Oil,5,200,1000,Retail
2026-02-04,North,Food,Oil,5,200,1000,Retail
2025-02-16,North,Furniture,Bookshelf,8,4000,32000,Retail
2025-12-13,East,Electronics,Mobile Phone,1,15000,15000,Online
2024-09-15,West,Furniture,Table,4,5000,20000,Retail
2026-02-13,East,Food,Oil,9,200,1800,Wholesale
2024-10-31,East,Food,Rice,3,100,300,Wholesale
2025-10-22,East,Furniture,Table,8,5000,40000,Wholesale
2025-09-13,North,Electronics,Tablet,4,20000,80000,Online
2025-02-28,South,Clothing,T-Shirt,7,500,3500,Retail
2025-11-03,West,Electronics,Laptop,7,45000,315000,Wholesale
2025-09-01,South,Clothing,T-Shirt,2,500,1000,Online
2025-11-05,South,Food,Coffee,10,300,3000,Online
2025-04-12,North,Food,Coffee,4,300,1200,Online
2025-12-29,West,Electronics,Headphones,1,2000,2000,Wholesale
2024-08-25,South,Furniture,Sofa,10,15000,150000,Online
2024-12-13,West,Clothing,T-Shirt,10,500,5000,Wholesale
2025-06-21,West,Clothing,Saree,1,3000,3000,Online
2024-10-20,West,Food,Sugar,6,50,300,Online
2025-12-18,West,Furniture,Sofa,10,15000,150000,Online
2026-01-17,West,Furniture,Chair,5,3000,15000,Wholesale
2025-06-05,South,Furniture,Sofa,8,15000,120000,Online
2024-10-12,West,Electronics,Mobile Phone,9,15000,135000,Wholesale
2024-12-17,East,Clothing,Jeans,9,1200,10800,Wholesale
2026-02-08,West,Food,Sugar,1,50,50,Wholesale
2025-11-19,West,Furniture,Bookshelf,3,4000,12000,Online
2026-04-30,South,Electronics,Laptop,2,45000,90000,Wholesale
2025-03-19,West,Furniture,Sofa,10,15000,150000,Online
2024-12-01,West,Clothing,T-Shirt,1,500,500,Online
2026-01-07,West,Food,Coffee,5,300,1500,Online
2026-03-16,South,Electronics,Headphones,1,2000,2000,Wholesale
2025-03-04,North,Electronics,Tablet,6,20000,120000,Online
2025-09-29,East,Clothing,Kurta,10,800,8000,Wholesale
2025-07-21,West,Furniture,Bookshelf,4,4000,16000,Retail
2025-10-24,East,Clothing,Jeans,1,1200,1200,Wholesale
2024-08-17,East,Electronics,Tablet,4,20000,80000,Wholesale
2026-05-21,West,Electronics,Laptop,6,45000,270000,Wholesale
2025-02-06,North,Clothing,Kurta,7,800,5600,Retail
2025-07-05,North,Electronics,Mobile Phone,2,15000,30000,Retail
2025-06-10,West,Electronics,Mobile Phone,5,15000,75000,Online
2025-12-10,East,Food,Oil,9,200,1800,Online
2025-12-14,North,Clothing,Kurta,5,800,4000,Retail
2025-09-11,North,Furniture,Sofa,6,15000,90000,Retail
2025-05-11,South,Electronics,Headphones,6,2000,12000,Retail
2024-12-22,West,Electronics,Tablet,3,20000,60000,Retail
2025-10-04,South,Furniture,Bookshelf,10,4000,40000,Wholesale
2025-08-28,South,Furniture,Bookshelf,2,4000,8000,Online
2026-04-10,West,Clothing,Jeans,7,1200,8400,Wholesale
2024-06-23,South,Electronics,Mobile Phone,1,15000,15000,Wholesale
2025-02-17,East,Furniture,Table,3,5000,15000,Retail
2025-02-05,East,Clothing,Jeans,5,1200,6000,Retail
2025-09-25,West,Food,Rice,8,100,800,Wholesale
2025-06-08,West,Clothing,T-Shirt,6,500,3000,Retail
2025-08-22,West,Clothing,Saree,4,3000,12000,Retail
2025-10-25,East,Electronics,Tablet,10,20000,200000,Retail
2026-04-13,South,Clothing,Kurta,2,800,1600,Wholesale
2025-06-01,South,Clothing,Kurta,5,800,4000,Wholesale
2025-07-01,East,Food,Rice,4,100,400,Online
2026-04-06,North,Electronics,Laptop,7,45000,315000,Online
2024-11-21,South,Electronics,Mobile Phone,5,15000,75000,Wholesale
2024-10-16,South,Clothing,Jeans,7,1200,8400,Retail
2026-01-26,North,Furniture,Bookshelf,3,4000,12000,Online
2025-03-03,East,Food,Sugar,5,50,250,Online
2025-06-09,South,Food,Oil,4,200,800,Wholesale
2024-07-25,East,Food,Sugar,5,50,250,Online
2024-12-11,West,Electronics,Headphones,5,2000,10000,Wholesale
2024-08-15,East,Food,Rice,7,100,700,Wholesale
2025-01-23,East,Clothing,Jeans,2,1200,2400,Online
2025-07-07,South,Furniture,Chair,2,3000,6000,Wholesale
2024-11-09,South,Food,Rice,8,100,800,Online
2025-09-10,South,Food,Sugar,3,50,150,Wholesale
2025-07-08,West,Electronics,Mobile Phone,8,15000,120000,Wholesale
2025-02-03,West,Electronics,Mobile Phone,7,15000,105000,Wholesale
2024-10-11,East,Clothing,T-Shirt,3,500,1500,Wholesale
2025-11-25,North,Furniture,Chair,1,3000,3000,Retail
2024-10-13,East,Furniture,Table,1,5000,5000,Retail
2024-11-06,North,Furniture,Table,1,5000,5000,Retail
2025-06-14,West,Furniture,Table,3,5000,15000,Online
2025-01-28,West,Electronics,Mobile Phone,4,15000,60000,Retail
2026-05-09,North,Furniture,Table,7,5000,35000,Online
2024-11-23,South,Electronics,Headphones,1,2000,2000,Online
2026-04-05,East,Food,Oil,8,200,1600,Retail
2024-10-20,South,Furniture,Table,9,5000,45000,Retail
2025-01-09,East,Electronics,Tablet,2,20000,40000,Online
2025-10-18,North,Clothing,Saree,6,3000,18000,Retail
2026-03-29,East,Furniture,Sofa,3,15000,45000,Retail
2024-07-06,South,Food,Sugar,4,50,200,Retail
2024-09-17,East,Food,Oil,2,200,400,Wholesale
2026-05-10,West,Furniture,Chair,2,3000,6000,Wholesale
2025-09-04,West,Electronics,Headphones,5,2000,10000,Wholesale
2025-01-23,South,Electronics,Mobile Phone,4,15000,60000,Wholesale
2025-12-16,North,Furniture,Chair,1,3000,3000,Online
2024-11-01,South,Food,Rice,1,100,100,Wholesale
2024-09-17,South,Food,Rice,6,100,600,Wholesale
2025-09-12,South,Electronics,Tablet,10,20000,200000,Wholesale
2025-04-11,North,Food,Coffee,10,300,3000,Online
2026-04-01,South,Electronics,Laptop,2,45000,90000,Online
2026-05-09,West,Furniture,Sofa,9,15000,135000,Wholesale
2024-12-12,South,Clothing,Saree,9,3000,27000,Wholesale
2024-09-30,North,Electronics,Mobile Phone,2,15000,30000,Retail
2026-01-23,West,Food,Oil,7,200,1400,Wholesale
2025-03-02,North,Clothing,Kurta,5,800,4000,Wholesale
2026-05-10,East,Clothing,Kurta,7,800,5600,Online
2025-10-23,West,Clothing,Jeans,8,1200,9600,Wholesale
2025-08-29,East,Furniture,Table,3,5000,15000,Retail
2026-05-03,East,Electronics,Tablet,5,20000,100000,Wholesale
